Facility,FltDate,FltNo,Fl Inv,Class,Ite Group,Ite code,Ite Desc,AlBillCode,AlBillDesc,BillCatg,Unit,Pax,Qty,UnitPrice,TotalAmount
BGI3,1/1/2025,197,SI011690,J,VS,JSN05,LO7135 - ORIGINAL SHIRLEY,LO7135,ORIGINAL SHIRLEY BISCUIT,STO,EA,13,13,1.096,14.25
BGI3,1/1/2025,197,SI011690,Y,VS,3YS035,145991-TRANS.- HANDLING 33J,145991,TURNAROUND - STRIP - LOAD - A330-300 - 3 FLIGHTS,SER,EA,71,1,483.897,483.9
BGI3,1/1/2025,198,SI011698,F,VS,1FGF01,SP124540- GFML [F/C],SP124540,GFML,FOO,EA,32,1,31.461,31.46
BGI3,1/1/2025,198,SI011698,F,VS,1FVG01,SP124533- VGML [F/C],SP124533,VGML,FOO,EA,32,2,32.179,64.36
BGI3,1/1/2025,198,SI011698,F,VS,FAN12,19381- MILK 100%,19381,FULL FAT MILK - PINT,STO,EA,32,4,4.805,19.22
BGI3,1/1/2025,198,SI011698,F,VS,FAN13,19383- MILK 2%,19383,SEMI SKIMMED MILK - PINT,STO,EA,32,2,4.805,9.61
BGI3,1/1/2025,198,SI011698,F,VS,FAN14,19385-LEMON HALVES,19385,LEMON WEDGES,FOO,EA,32,2,5.125,10.25
BGI3,1/1/2025,198,SI011698,F,VS,FAN21,19379-WET ICE[6LB BAG],19379,WET ICE,WET,EA,32,4,2.942,11.77
BGI3,1/1/2025,198,SI011698,F,VS,FAN30,7041- LIME WEDGES,7041,LIME WEDGES,FOO,EA,32,2,4.78,9.56
BGI3,1/1/2025,198,SI011698,F,VS,FPAX04,23234-PER PASSENGER CHARGE,23234,OVERHEAD - J PAX OVERHEAD - PER PAX,SER,EA,32,18,36.774,661.93
BGI3,1/1/2025,198,SI011698,J,VS,1JCH03,SP124631 - CHILD MEAL [J/C],SP124631,CHML,FOO,EA,46,1,14.622,14.62
BGI3,1/1/2025,198,SI011698,J,VS,1JMO01,SP124624 - MOML [J/C],SP124624,MOML,FOO,EA,46,1,12.154,12.15
BGI3,1/1/2025,198,SI011698,J,VS,JDT33,LO2622- TRAY SET MM,LO2622,TRAY SET UP,SER,EA,46,44,16.138,710.07
BGI3,1/1/2025,198,SI011698,J,VS,JPAX02,23237-PER PASSENGER CHARGE,23237,OVERHEAD - W PAX OVERHEAD - PER PAX,SER,EA,46,28,16.939,474.29
BGI3,1/1/2025,198,SI011698,Y,VS,1YAV01,SP124700- AVML [Y/C],SP124700,AVML,FOO,EA,184,1,15.115,15.12
BGI3,1/1/2025,198,SI011698,Y,VS,1YCH04,SP124709- CHML [Y/C],SP124709,CHML,FOO,EA,184,6,14.622,87.73
BGI3,1/1/2025,198,SI011698,Y,VS,1YFP01,SP124713 - FPML [Y/C],SP124713,FPML,FOO,EA,184,1,18.156,18.16
BGI3,1/1/2025,198,SI011698,Y,VS,1YGF01,SP124706 - GFML [Y/C],SP124706,GFML,FOO,EA,184,2,22.504,45.01
BGI3,1/1/2025,198,SI011698,Y,VS,1YMO01,SP124702 - MOML [Y/C],SP124702,MOML,FOO,EA,184,4,12.154,48.62
BGI3,1/1/2025,198,SI011698,Y,VS,1YNL01,SP124712 - NLML [Y/C],SP124712,NLML,FOO,EA,184,3,22.504,67.51
BGI3,1/1/2025,198,SI011698,Y,VS,1YVG01,SP124699- VGML [Y/C],SP124699,VGML,FOO,EA,184,5,14.694,73.47
BGI3,1/1/2025,198,SI011698,Y,VS,3YDS01,3354- ORANGE JUICE-1LT,3354,BEVERAGES - ORANGE JUICE - 1 LT,STO,EA,184,28,2.124,59.47
BGI3,1/1/2025,198,SI011698,Y,VS,3YDS02,3335-TOMATO JUICE 1LT,3335,BEVERAGES - TOMATO JUICE - 1 LT,STO,EA,184,3,4.057,12.17
BGI3,1/1/2025,198,SI011698,Y,VS,3YDS03,3376-CRANBERRY JUICE,3376,BEVERAGES - CRANBERRY JUICE - 1 LT,STO,EA,184,3,5.101,15.3
BGI3,1/1/2025,198,SI011698,Y,VS,3YDS04,3353-APPLE JUICE 1LTR,3353,BEVERAGES - APPLE JUICE - 1 LT,STO,EA,184,17,2.124,36.11
BGI3,1/1/2025,198,SI011698,Y,VS,3YDS06,3476-MINERAL WATER 1.5LT,3476,BEVERAGES - MINERAL WATER STILL - 1 LT,STO,EA,184,54,2.36,127.44
BGI3,1/1/2025,198,SI011698,Y,VS,3YDS07,33169-SPARKLING WATER 1LT,33169,BEVERAGES - MINERAL WATER SPARK - 1 LT,STO,EA,184,13,3.274,42.56
BGI3,1/1/2025,198,SI011698,Y,VS,3YDS11,213774-PLASTIC BAG,213774,EQUIPMENT - BAG- PLASTIC BAG,EQU,EA,184,1,0.368,0.37
BGI3,1/1/2025,198,SI011698,Y,VS,3YS022,ORANGE LINEN BAG,151383,LAUNDRY - BAG LINEN ORANGE 2014,LAU,EA,184,1,1.969,1.97
BGI3,1/1/2025,198,SI011698,Y,VS,3YS023,LINEN TABLECLOTH,3526,LAUNDRY - TABLE CLOTH/RUNNER 2014,LAU,EA,184,33,0.652,21.52
BGI3,1/1/2025,198,SI011698,Y,VS,3YS024,LINEN NAPKINS,3527,LAUNDRY - LINEN FOLDED NAPKIN 2014,LAU,EA,184,75,0.522,39.15
BGI3,1/1/2025,198,SI011698,Y,VS,3YS032,145995-EQUIP PK - STORES 300,145995,PACKING - FLIGHT PACKING - A330-300,SER,EA,184,1,167.95,167.95
BGI3,1/1/2025,198,SI011698,Y,VS,3YS035,145991-TRANS.- HANDLING 33J,145991,TURNAROUND - STRIP - LOAD - A330-300 - 3 FLIGHTS,SER,EA,184,1,483.897,483.9
BGI3,1/1/2025,198,SI011698,Y,VS,3YS036,145994- WASH UP A330-300,145994,WASH UP - WASH UP - A330-900,SER,EA,184,1,391.843,391.84
BGI3,1/1/2025,198,SI011698,Y,VS,3YS038,17.5% VAT ON LAUNDRY CHRG 33J,51069SALE,SALES TAX - LAUNDRY,VAT,EA,184,1,10.961,10.96
BGI3,1/1/2025,198,SI011698,Y,VS,3YS063,25137-CUTLERY WRAP 1ST SERV 33,25137,PACKING - CUTLERY WRAPPING FIRST SERVICE - A330-30,SER,EA,184,1,8.435,8.44
BGI3,1/1/2025,198,SI011698,Y,VS,3YS064,33819-CUTLERY WRAP 2ND SERV 33,33819,PACKING - CUTLERY WRAPPING SECOND SERVICE - A330-3,SER,EA,184,1,8.435,8.44
BGI3,1/1/2025,198,SI011698,Y,VS,3YS071,32673-CULT WASH-PL 1SER 300,32673,PACKING - CUTLERY WASHUP - POLISHING FIRST SERVICE,SER,EA,184,1,27.272,27.27
BGI3,1/1/2025,198,SI011698,Y,VS,3YS072,33141-CULT WASH-PL 2SER 300,33141,PACKING - CUTLERY WASHUP - POLISHING SECOND SERVIC,SER,EA,184,1,18.363,18.36
BGI3,1/1/2025,198,SI011698,Y,VS,FAN17,19382-MILK 100% [Y],19382,FULL FAT MILK - PINT,STO,EA,184,2,4.805,9.61
BGI3,1/1/2025,198,SI011698,Y,VS,FAN18,19384- MILK 2% [Y],19384,SEMI SKIMMED MILK - PINT,STO,EA,184,4,4.805,19.22
BGI3,1/1/2025,198,SI011698,Y,VS,FAN19,7042-LEMON HALVES [Y],7042,LIME WEDGES,FOO,EA,184,8,5.125,41
BGI3,1/1/2025,198,SI011698,Y,VS,FAN20,19380- WET ICE [6LB BAG] [Y],19380,WET ICE,WET,EA,184,8,2.942,23.54
BGI3,1/1/2025,198,SI011698,Y,VS,YBE11,174148-BREAKFAST BOX,174148,,,EA,184,162,8.412,1362.74
BGI3,1/1/2025,198,SI011698,Y,VS,YPAX03,23240- PER PASSENGER CHARGE[Y],23240,OVERHEAD - Y PAX OVERHEAD - PER PAX,SER,EA,184,187,13.856,2591.07
BGI3,1/1/2025,198,SI011698,YC,VS,2CE069, COCO CURRY,LO8708,WILD RICE COCONUT CURRY SAUCE VEG,FOO,EA,12,3,6.438,19.31
BGI3,1/1/2025,198,SI011698,YC,VS,2CE070,LO8709 - GARLIC MASH CHIX THIG,LO8709,GARLIC MASH SEARED CHIX GREEN PEPPERCORN SAUCE,FOO,EA,12,3,10.838,32.51
BGI3,1/1/2025,198,SI011698,YC,VS,2CE071,LO8710 - MAHI W GARL ORZO PAS,LO8710,SEARED MAHI ORZO PASTA CREOLE SAUCE VEG,FOO,EA,12,2,12.378,24.76
BGI3,1/1/2025,198,SI011698,YC,VS,2CE072,LO8711 - PORKLOIN W PO GRATIN,LO8711,SEARED PORK POTATO GRATIN VEG,FOO,EA,12,2,13.84,27.68
BGI3,1/1/2025,198,SI011698,YC,VS,2CE073,LO8712 - CHEESE RAVIOLI,LO8712,CHEESE RAVIOLI,FOO,EA,12,2,8.718,17.44
BGI3,1/1/2025,198,SI011698,YC,VS,2CFF11,LO4110-WHOLE FRUIT 1,LO4110,SEASONAL WHOLE FRUIT OPTION 1,FOO,EA,12,6,4.622,27.73
BGI3,1/1/2025,198,SI011698,YC,VS,2CFS44,LO5113- EGG SALAD SANDWICH,LO5113,EGG SALAD SANDWICH,FOO,EA,12,3,5.374,16.12
BGI3,1/1/2025,198,SI011698,YC,VS,2CFS45,LO5115- TUNASALAD SANDWICH,LO5115,TUNA SALAD SANDWICH,FOO,EA,12,2,6.734,13.47
BGI3,1/1/2025,198,SI011698,YC,VS,2CFS49,LO5119- BAP - STREAKY BACON,LO5119,SCOTTISH BAP WITH BACON,FOO,EA,12,4,4.866,19.46
BGI3,1/1/2025,198,SI011698,YC,VS,2CFS52,LO5368- PLAIN BAGEL -PC CR CH,LO5368,PLAIN BAGEL WITH PC CREAM CHEESE,FOO,EA,12,4,4.086,16.34
BGI3,1/1/2025,198,SI011698,YC,VS,2CFS77,LO8713 - HAM SANDWICH,LO8713,HAM SANDWICH,FOO,EA,12,3,7.734,23.2
BGI3,1/1/2025,198,SI011698,YC,VS,2CFS78,LO8714 - CHEESE TOMATO WRAP,LO8714,CHEESE TOMATO CUCUMBER WRAP,FOO,EA,12,2,6.694,13.39
BGI3,1/1/2025,198,SI011698,YC,VS,2CFS79,LO8715 - CHICKEN CHEESE BAGEL,LO8715,CHICKEN AND CHEESE BAGEL,FOO,EA,12,2,5.014,10.03
BGI3,1/1/2025,198,SI011698,YC,VS,2CFS80,LO8716 - TURKEY SANDWICH,LO8716,TURKEY SANDWICH,FOO,EA,12,4,7.896,31.58
BGI3,1/1/2025,198,SI011698,YC,VS,2CFS81, CHUTNE,LO8718,TILLAMOOK CHEESE CARR TROPICAL CHUTNEY,FOO,EA,12,6,6.788,40.73
BGI3,1/1/2025,198,SI011698,YC,VS,2CFS82,LO8717 - PROTEIN POT W OLIVES,LO8717,PUMPKIN HUMMUS C CHEESE BLACK OLIVES PITTA BREAD T,FOO,EA,12,6,6.904,41.42
BGI3,1/1/2025,198,SI011698,YC,VS,CPAX02,28728- C CREW SVC CHARGE,28728,OVERHEAD - CC OVERHEAD - PER PAX,SER,EA,12,12,25.48,305.76
BGI3,1/1/2025,132,SI011692,F,VS,1FCH02,SP124543 - CHILD MEAL [F/C],SP124543,CHML,FOO,EA,44,3,29.908,89.72
BGI3,1/1/2025,132,SI011692,F,VS,1FVL01,SP124532 - VLML [F/C],SP124532,VLML,FOO,EA,44,1,33.728,33.73
BGI3,1/1/2025,132,SI011692,F,VS,FAN12,19381- MILK 100%,19381,FULL FAT MILK - PINT,STO,EA,44,5,4.805,24.03
BGI3,1/1/2025,132,SI011692,F,VS,FAN13,19383- MILK 2%,19383,SEMI SKIMMED MILK - PINT,STO,EA,44,2,4.805,9.61
BGI3,1/1/2025,132,SI011692,F,VS,FAN14,19385-LEMON HALVES,19385,LEMON WEDGES,FOO,EA,44,3,5.125,15.38
BGI3,1/1/2025,132,SI011692,F,VS,FAN21,19379-WET ICE[6LB BAG],19379,WET ICE,WET,EA,44,6,2.942,17.65
BGI3,1/1/2025,132,SI011692,F,VS,FAN30,7041- LIME WEDGES,7041,LIME WEDGES,FOO,EA,44,2,4.78,9.56
BGI3,1/1/2025,132,SI011692,F,VS,FPAX04,23234-PER PASSENGER CHARGE,23234,OVERHEAD - J PAX OVERHEAD - PER PAX,SER,EA,44,43,36.774,1581.28
BGI3,1/1/2025,132,SI011692,J,VS,1JCH03,SP124631 - CHILD MEAL [J/C],SP124631,CHML,FOO,EA,39,1,14.622,14.62
BGI3,1/1/2025,132,SI011692,J,VS,JDT33,LO2622- TRAY SET MM,LO2622,TRAY SET UP,SER,EA,39,38,16.138,613.24
BGI3,1/1/2025,132,SI011692,J,VS,JPAX02,23237-PER PASSENGER CHARGE,23237,OVERHEAD - W PAX OVERHEAD - PER PAX,SER,EA,39,27,16.939,457.35
BGI3,1/1/2025,132,SI011692,Y,VS,1YAV01,SP124700- AVML [Y/C],SP124700,AVML,FOO,EA,235,2,15.115,30.23
BGI3,1/1/2025,132,SI011692,Y,VS,1YCH04,SP124709- CHML [Y/C],SP124709,CHML,FOO,EA,235,6,14.622,87.73
BGI3,1/1/2025,132,SI011692,Y,VS,1YGF01,SP124706 - GFML [Y/C],SP124706,GFML,FOO,EA,235,4,22.504,90.02
BGI3,1/1/2025,132,SI011692,Y,VS,1YKO04,SP124708 - KSML [Y/C],SP124708,KSML,FOO,EA,235,1,14.178,14.18
BGI3,1/1/2025,132,SI011692,Y,VS,1YNL01,SP124712 - NLML [Y/C],SP124712,NLML,FOO,EA,235,2,22.504,45.01
BGI3,1/1/2025,132,SI011692,Y,VS,1YVG01,SP124699- VGML [Y/C],SP124699,VGML,FOO,EA,235,3,14.694,44.08
BGI3,1/1/2025,132,SI011692,Y,VS,1YVL01,SP124698- VLML [Y/C],SP124698,VLML,FOO,EA,235,4,12.154,48.62
BGI3,1/1/2025,132,SI011692,Y,VS,3YDS01,3354- ORANGE JUICE-1LT,3354,BEVERAGES - ORANGE JUICE - 1 LT,STO,EA,235,26,2.124,55.22
BGI3,1/1/2025,132,SI011692,Y,VS,3YDS02,3335-TOMATO JUICE 1LT,3335,BEVERAGES - TOMATO JUICE - 1 LT,STO,EA,235,3,4.057,12.17
BGI3,1/1/2025,132,SI011692,Y,VS,3YDS03,3376-CRANBERRY JUICE,3376,BEVERAGES - CRANBERRY JUICE - 1 LT,STO,EA,235,1,5.101,5.1
BGI3,1/1/2025,132,SI011692,Y,VS,3YDS04,3353-APPLE JUICE 1LTR,3353,BEVERAGES - APPLE JUICE - 1 LT,STO,EA,235,16,2.124,33.98
BGI3,1/1/2025,132,SI011692,Y,VS,3YDS06,3476-MINERAL WATER 1.5LT,3476,BEVERAGES - MINERAL WATER STILL - 1 LT,STO,EA,235,82,2.36,193.52
BGI3,1/1/2025,132,SI011692,Y,VS,3YDS07,33169-SPARKLING WATER 1LT,33169,BEVERAGES - MINERAL WATER SPARK - 1 LT,STO,EA,235,10,3.274,32.74
BGI3,1/1/2025,132,SI011692,Y,VS,3YDS11,213774-PLASTIC BAG,213774,EQUIPMENT - BAG- PLASTIC BAG,EQU,EA,235,2,0.368,0.74
BGI3,1/1/2025,132,SI011692,Y,VS,3YS022,ORANGE LINEN BAG,151383,LAUNDRY - BAG LINEN ORANGE 2014,LAU,EA,235,2,1.969,3.94
BGI3,1/1/2025,132,SI011692,Y,VS,3YS024,LINEN NAPKINS,3527,LAUNDRY - LINEN FOLDED NAPKIN 2014,LAU,EA,235,128,0.522,66.82
BGI3,1/1/2025,132,SI011692,Y,VS,3YS032,145995-EQUIP PK - STORES 300,145995,PACKING - FLIGHT PACKING - A330-300,SER,EA,235,1,167.95,167.95
BGI3,1/1/2025,132,SI011692,Y,VS,3YS035,145991-TRANS.- HANDLING 33J,145991,TURNAROUND - STRIP - LOAD - A330-300 - 3 FLIGHTS,SER,EA,235,1,483.897,483.9
BGI3,1/1/2025,132,SI011692,Y,VS,3YS036,145994- WASH UP A330-300,145994,WASH UP - WASH UP - A330-900,SER,EA,235,1,391.843,391.84
BGI3,1/1/2025,132,SI011692,Y,VS,3YS038,17.5% VAT ON LAUNDRY CHRG 33J,51069SALE,SALES TAX - LAUNDRY,VAT,EA,235,1,10.961,10.96
BGI3,1/1/2025,132,SI011692,Y,VS,3YS063,25137-CUTLERY WRAP 1ST SERV 33,25137,PACKING - CUTLERY WRAPPING FIRST SERVICE - A330-30,SER,EA,235,1,8.435,8.44
BGI3,1/1/2025,132,SI011692,Y,VS,3YS064,33819-CUTLERY WRAP 2ND SERV 33,33819,PACKING - CUTLERY WRAPPING SECOND SERVICE - A330-3,SER,EA,235,1,8.435,8.44
BGI3,1/1/2025,132,SI011692,Y,VS,3YS071,32673-CULT WASH-PL 1SER 300,32673,PACKING - CUTLERY WASHUP - POLISHING FIRST SERVICE,SER,EA,235,1,27.272,27.27
BGI3,1/1/2025,132,SI011692,Y,VS,3YS072,33141-CULT WASH-PL 2SER 300,33141,PACKING - CUTLERY WASHUP - POLISHING SECOND SERVIC,SER,EA,235,1,18.363,18.36
BGI3,1/1/2025,132,SI011692,Y,VS,FAN17,19382-MILK 100% [Y],19382,FULL FAT MILK - PINT,STO,EA,235,2,4.805,9.61
BGI3,1/1/2025,132,SI011692,Y,VS,FAN18,19384- MILK 2% [Y],19384,SEMI SKIMMED MILK - PINT,STO,EA,235,4,4.805,19.22
BGI3,1/1/2025,132,SI011692,Y,VS,FAN19,7042-LEMON HALVES [Y],7042,LIME WEDGES,FOO,EA,235,10,5.125,51.25
BGI3,1/1/2025,132,SI011692,Y,VS,FAN20,19380- WET ICE [6LB BAG] [Y],19380,WET ICE,WET,EA,235,10,2.942,29.42
BGI3,1/1/2025,132,SI011692,Y,VS,YBE11,174148-BREAKFAST BOX,174148,,,EA,235,213,8.412,1791.76
BGI3,1/1/2025,132,SI011692,Y,VS,YPAX03,23240- PER PASSENGER CHARGE[Y],23240,OVERHEAD - Y PAX OVERHEAD - PER PAX,SER,EA,235,232,13.856,3214.59
BGI3,1/1/2025,132,SI011692,YC,VS,2CE069, COCO CURRY,LO8708,WILD RICE COCONUT CURRY SAUCE VEG,FOO,EA,12,3,6.438,19.31
BGI3,1/1/2025,132,SI011692,YC,VS,2CE070,LO8709 - GARLIC MASH CHIX THIG,LO8709,GARLIC MASH SEARED CHIX GREEN PEPPERCORN SAUCE,FOO,EA,12,3,10.838,32.51
BGI3,1/1/2025,132,SI011692,YC,VS,2CE071,LO8710 - MAHI W GARL ORZO PAS,LO8710,SEARED MAHI ORZO PASTA CREOLE SAUCE VEG,FOO,EA,12,2,12.378,24.76
BGI3,1/1/2025,132,SI011692,YC,VS,2CE072,LO8711 - PORKLOIN W PO GRATIN,LO8711,SEARED PORK POTATO GRATIN VEG,FOO,EA,12,2,13.84,27.68
BGI3,1/1/2025,132,SI011692,YC,VS,2CE073,LO8712 - CHEESE RAVIOLI,LO8712,CHEESE RAVIOLI,FOO,EA,12,2,8.718,17.44
BGI3,1/1/2025,132,SI011692,YC,VS,2CFF11,LO4110-WHOLE FRUIT 1,LO4110,SEASONAL WHOLE FRUIT OPTION 1,FOO,EA,12,6,4.622,27.73
BGI3,1/1/2025,132,SI011692,YC,VS,2CFS44,LO5113- EGG SALAD SANDWICH,LO5113,EGG SALAD SANDWICH,FOO,EA,12,3,5.374,16.12
BGI3,1/1/2025,132,SI011692,YC,VS,2CFS45,LO5115- TUNASALAD SANDWICH,LO5115,TUNA SALAD SANDWICH,FOO,EA,12,2,6.734,13.47
BGI3,1/1/2025,132,SI011692,YC,VS,2CFS49,LO5119- BAP - STREAKY BACON,LO5119,SCOTTISH BAP WITH BACON,FOO,EA,12,4,4.866,19.46
BGI3,1/1/2025,132,SI011692,YC,VS,2CFS52,LO5368- PLAIN BAGEL -PC CR CH,LO5368,PLAIN BAGEL WITH PC CREAM CHEESE,FOO,EA,12,4,4.086,16.34
BGI3,1/1/2025,132,SI011692,YC,VS,2CFS77,LO8713 - HAM SANDWICH,LO8713,HAM SANDWICH,FOO,EA,12,3,7.734,23.2
BGI3,1/1/2025,132,SI011692,YC,VS,2CFS78,LO8714 - CHEESE TOMATO WRAP,LO8714,CHEESE TOMATO CUCUMBER WRAP,FOO,EA,12,2,6.694,13.39
BGI3,1/1/2025,132,SI011692,YC,VS,2CFS79,LO8715 - CHICKEN CHEESE BAGEL,LO8715,CHICKEN AND CHEESE BAGEL,FOO,EA,12,2,5.014,10.03
BGI3,1/1/2025,132,SI011692,YC,VS,2CFS80,LO8716 - TURKEY SANDWICH,LO8716,TURKEY SANDWICH,FOO,EA,12,4,7.896,31.58
BGI3,1/1/2025,132,SI011692,YC,VS,2CFS81, CHUTNE,LO8718,TILLAMOOK CHEESE CARR TROPICAL CHUTNEY,FOO,EA,12,6,6.788,40.73
BGI3,1/1/2025,132,SI011692,YC,VS,2CFS82,LO8717 - PROTEIN POT W OLIVES,LO8717,PUMPKIN HUMMUS C CHEESE BLACK OLIVES PITTA BREAD T,FOO,EA,12,6,6.904,41.42
BGI3,1/1/2025,132,SI011692,YC,VS,CPAX02,28728- C CREW SVC CHARGE,28728,OVERHEAD - CC OVERHEAD - PER PAX,SER,EA,12,12,25.48,305.76
BGI3,1/1/2025,198A,SI011691,J,VS,JSN05,LO7135 - ORIGINAL SHIRLEY,LO7135,ORIGINAL SHIRLEY BISCUIT,STO,EA,18,18,1.096,19.73
BGI3,2/1/2025,78,SI011694,F,VS,1FCH02,SP124543 - CHILD MEAL [F/C],SP124543,CHML,FOO,EA,31,1,29.908,29.91
BGI3,2/1/2025,78,SI011694,F,VS,1FGF01,SP124540- GFML [F/C],SP124540,GFML,FOO,EA,31,2,31.461,62.92
BGI3,2/1/2025,78,SI011694,F,VS,1FVL01,SP124532 - VLML [F/C],SP124532,VLML,FOO,EA,31,2,33.728,67.46
BGI3,2/1/2025,78,SI011694,F,VS,FAN12,19381- MILK 100%,19381,FULL FAT MILK - PINT,STO,EA,31,4,4.805,19.22
BGI3,2/1/2025,78,SI011694,F,VS,FAN13,19383- MILK 2%,19383,SEMI SKIMMED MILK - PINT,STO,EA,31,2,4.805,9.61
BGI3,2/1/2025,78,SI011694,F,VS,FAN14,19385-LEMON HALVES,19385,LEMON WEDGES,FOO,EA,31,2,5.125,10.25
BGI3,2/1/2025,78,SI011694,F,VS,FAN21,19379-WET ICE[6LB BAG],19379,WET ICE,WET,EA,31,4,2.942,11.77
BGI3,2/1/2025,78,SI011694,F,VS,FAN30,7041- LIME WEDGES,7041,LIME WEDGES,FOO,EA,31,2,4.78,9.56
BGI3,2/1/2025,78,SI011694,F,VS,FPAX04,23234-PER PASSENGER CHARGE,23234,OVERHEAD - J PAX OVERHEAD - PER PAX,SER,EA,31,31,36.774,1139.99
BGI3,2/1/2025,78,SI011694,J,VS,1JAV01,SP124622 - AVML [J/C],SP124622,AVML,FOO,EA,48,1,15.115,15.12
BGI3,2/1/2025,78,SI011694,J,VS,1JCH03,SP124631 - CHILD MEAL [J/C],SP124631,CHML,FOO,EA,48,4,14.622,58.49
BGI3,2/1/2025,78,SI011694,J,VS,1JNL01,SP124634 - NLML [J/C],SP124634,NLML,FOO,EA,48,1,22.504,22.5
BGI3,2/1/2025,78,SI011694,J,VS,JDT33,LO2622- TRAY SET MM,LO2622,TRAY SET UP,SER,EA,48,42,16.138,677.8
BGI3,2/1/2025,78,SI011694,J,VS,JPAX02,23237-PER PASSENGER CHARGE,23237,OVERHEAD - W PAX OVERHEAD - PER PAX,SER,EA,48,47,16.939,796.13
BGI3,2/1/2025,78,SI011694,Y,VS,1YBA02,BABY MEAL - CATERER OWNED,SP124710,BBML,STO,EA,185,2,15.93,31.86
BGI3,2/1/2025,78,SI011694,Y,VS,1YCH04,SP124709- CHML [Y/C],SP124709,CHML,FOO,EA,185,12,14.622,175.46
BGI3,2/1/2025,78,SI011694,Y,VS,1YGF01,SP124706 - GFML [Y/C],SP124706,GFML,FOO,EA,185,2,22.504,45.01
BGI3,2/1/2025,78,SI011694,Y,VS,1YVG01,SP124699- VGML [Y/C],SP124699,VGML,FOO,EA,185,1,14.694,14.69
BGI3,2/1/2025,78,SI011694,Y,VS,1YVL01,SP124698- VLML [Y/C],SP124698,VLML,FOO,EA,185,1,12.154,12.15
BGI3,2/1/2025,78,SI011694,Y,VS,3YDS01,3354- ORANGE JUICE-1LT,3354,BEVERAGES - ORANGE JUICE - 1 LT,STO,EA,185,27,2.124,57.35
BGI3,2/1/2025,78,SI011694,Y,VS,3YDS02,3335-TOMATO JUICE 1LT,3335,BEVERAGES - TOMATO JUICE - 1 LT,STO,EA,185,1,4.057,4.06
BGI3,2/1/2025,78,SI011694,Y,VS,3YDS03,3376-CRANBERRY JUICE,3376,BEVERAGES - CRANBERRY JUICE - 1 LT,STO,EA,185,2,5.101,10.2
BGI3,2/1/2025,78,SI011694,Y,VS,3YDS04,3353-APPLE JUICE 1LTR,3353,BEVERAGES - APPLE JUICE - 1 LT,STO,EA,185,15,2.124,31.86
BGI3,2/1/2025,78,SI011694,Y,VS,3YDS06,3476-MINERAL WATER 1.5LT,3476,BEVERAGES - MINERAL WATER STILL - 1 LT,STO,EA,185,48,2.36,113.28
BGI3,2/1/2025,78,SI011694,Y,VS,3YDS07,33169-SPARKLING WATER 1LT,33169,BEVERAGES - MINERAL WATER SPARK - 1 LT,STO,EA,185,14,3.274,45.84
BGI3,2/1/2025,78,SI011694,Y,VS,3YDS11,213774-PLASTIC BAG,213774,EQUIPMENT - BAG- PLASTIC BAG,EQU,EA,185,1,0.368,0.37
BGI3,2/1/2025,78,SI011694,Y,VS,3YS022,ORANGE LINEN BAG,151383,LAUNDRY - BAG LINEN ORANGE 2014,LAU,EA,185,1,1.969,1.97
BGI3,2/1/2025,78,SI011694,Y,VS,3YS023,LINEN TABLECLOTH,3526,LAUNDRY - TABLE CLOTH/RUNNER 2014,LAU,EA,185,20,0.652,13.04
BGI3,2/1/2025,78,SI011694,Y,VS,3YS024,LINEN NAPKINS,3527,LAUNDRY - LINEN FOLDED NAPKIN 2014,LAU,EA,185,55,0.522,28.71
BGI3,2/1/2025,78,SI011694,Y,VS,3YS032,145995-EQUIP PK - STORES 300,145995,PACKING - FLIGHT PACKING - A330-300,SER,EA,185,1,167.95,167.95
BGI3,2/1/2025,78,SI011694,Y,VS,3YS035,145991-TRANS.- HANDLING 33J,145991,TURNAROUND - STRIP - LOAD - A330-300 - 3 FLIGHTS,SER,EA,185,1,483.897,483.9
BGI3,2/1/2025,78,SI011694,Y,VS,3YS036,145994- WASH UP A330-300,145994,WASH UP - WASH UP - A330-900,SER,EA,185,1,391.843,391.84
BGI3,2/1/2025,78,SI011694,Y,VS,3YS038,17.5% VAT ON LAUNDRY CHRG 33J,51069SALE,SALES TAX - LAUNDRY,VAT,EA,185,1,10.961,10.96
BGI3,2/1/2025,78,SI011694,Y,VS,3YS063,25137-CUTLERY WRAP 1ST SERV 33,25137,PACKING - CUTLERY WRAPPING FIRST SERVICE - A330-30,SER,EA,185,1,8.435,8.44
BGI3,2/1/2025,78,SI011694,Y,VS,3YS064,33819-CUTLERY WRAP 2ND SERV 33,33819,PACKING - CUTLERY WRAPPING SECOND SERVICE - A330-3,SER,EA,185,1,8.435,8.44
BGI3,2/1/2025,78,SI011694,Y,VS,3YS071,32673-CULT WASH-PL 1SER 300,32673,PACKING - CUTLERY WASHUP - POLISHING FIRST SERVICE,SER,EA,185,1,27.272,27.27
BGI3,2/1/2025,78,SI011694,Y,VS,3YS072,33141-CULT WASH-PL 2SER 300,33141,PACKING - CUTLERY WASHUP - POLISHING SECOND SERVIC,SER,EA,185,1,18.363,18.36
BGI3,2/1/2025,78,SI011694,Y,VS,FAN17,19382-MILK 100% [Y],19382,FULL FAT MILK - PINT,STO,EA,185,2,4.805,9.61
BGI3,2/1/2025,78,SI011694,Y,VS,FAN18,19384- MILK 2% [Y],19384,SEMI SKIMMED MILK - PINT,STO,EA,185,4,4.805,19.22
BGI3,2/1/2025,78,SI011694,Y,VS,FAN19,7042-LEMON HALVES [Y],7042,LIME WEDGES,FOO,EA,185,8,5.125,41
BGI3,2/1/2025,78,SI011694,Y,VS,FAN20,19380- WET ICE [6LB BAG] [Y],19380,WET ICE,WET,EA,185,8,2.942,23.54
BGI3,2/1/2025,78,SI011694,Y,VS,YBE11,174148-BREAKFAST BOX,174148,,,EA,185,169,8.412,1421.63
BGI3,2/1/2025,78,SI011694,Y,VS,YPAX03,23240- PER PASSENGER CHARGE[Y],23240,OVERHEAD - Y PAX OVERHEAD - PER PAX,SER,EA,185,175,13.856,2424.8
BGI3,2/1/2025,78,SI011694,YC,VS,2CE069, COCO CURRY,LO8708,WILD RICE COCONUT CURRY SAUCE VEG,FOO,EA,12,3,6.438,19.31
BGI3,2/1/2025,78,SI011694,YC,VS,2CE070,LO8709 - GARLIC MASH CHIX THIG,LO8709,GARLIC MASH SEARED CHIX GREEN PEPPERCORN SAUCE,FOO,EA,12,3,10.838,32.51
BGI3,2/1/2025,78,SI011694,YC,VS,2CE071,LO8710 - MAHI W GARL ORZO PAS,LO8710,SEARED MAHI ORZO PASTA CREOLE SAUCE VEG,FOO,EA,12,2,12.378,24.76
BGI3,2/1/2025,78,SI011694,YC,VS,2CE072,LO8711 - PORKLOIN W PO GRATIN,LO8711,SEARED PORK POTATO GRATIN VEG,FOO,EA,12,2,13.84,27.68
BGI3,2/1/2025,78,SI011694,YC,VS,2CE073,LO8712 - CHEESE RAVIOLI,LO8712,CHEESE RAVIOLI,FOO,EA,12,2,8.718,17.44
BGI3,2/1/2025,78,SI011694,YC,VS,2CFF11,LO4110-WHOLE FRUIT 1,LO4110,SEASONAL WHOLE FRUIT OPTION 1,FOO,EA,12,6,4.622,27.73
BGI3,2/1/2025,78,SI011694,YC,VS,2CFS44,LO5113- EGG SALAD SANDWICH,LO5113,EGG SALAD SANDWICH,FOO,EA,12,3,5.374,16.12
BGI3,2/1/2025,78,SI011694,YC,VS,2CFS45,LO5115- TUNASALAD SANDWICH,LO5115,TUNA SALAD SANDWICH,FOO,EA,12,2,6.734,13.47
BGI3,2/1/2025,78,SI011694,YC,VS,2CFS49,LO5119- BAP - STREAKY BACON,LO5119,SCOTTISH BAP WITH BACON,FOO,EA,12,4,4.866,19.46
BGI3,2/1/2025,78,SI011694,YC,VS,2CFS52,LO5368- PLAIN BAGEL -PC CR CH,LO5368,PLAIN BAGEL WITH PC CREAM CHEESE,FOO,EA,12,4,4.086,16.34
BGI3,2/1/2025,78,SI011694,YC,VS,2CFS77,LO8713 - HAM SANDWICH,LO8713,HAM SANDWICH,FOO,EA,12,3,7.734,23.2
BGI3,2/1/2025,78,SI011694,YC,VS,2CFS78,LO8714 - CHEESE TOMATO WRAP,LO8714,CHEESE TOMATO CUCUMBER WRAP,FOO,EA,12,2,6.694,13.39
BGI3,2/1/2025,78,SI011694,YC,VS,2CFS79,LO8715 - CHICKEN CHEESE BAGEL,LO8715,CHICKEN AND CHEESE BAGEL,FOO,EA,12,2,5.014,10.03
BGI3,2/1/2025,78,SI011694,YC,VS,2CFS80,LO8716 - TURKEY SANDWICH,LO8716,TURKEY SANDWICH,FOO,EA,12,4,7.896,31.58
BGI3,2/1/2025,78,SI011694,YC,VS,2CFS81, CHUTNE,LO8718,TILLAMOOK CHEESE CARR TROPICAL CHUTNEY,FOO,EA,12,6,6.788,40.73
BGI3,2/1/2025,78,SI011694,YC,VS,2CFS82,LO8717 - PROTEIN POT W OLIVES,LO8717,PUMPKIN HUMMUS C CHEESE BLACK OLIVES PITTA BREAD T,FOO,EA,12,6,6.904,41.42
BGI3,2/1/2025,78,SI011694,YC,VS,CPAX02,28728- C CREW SVC CHARGE,28728,OVERHEAD - CC OVERHEAD - PER PAX,SER,EA,12,12,25.48,305.76
BGI3,2/1/2025,132,SI011693,F,VS,FAN12,19381- MILK 100%,19381,FULL FAT MILK - PINT,STO,EA,44,5,4.805,24.03
BGI3,2/1/2025,132,SI011693,F,VS,FAN13,19383- MILK 2%,19383,SEMI SKIMMED MILK - PINT,STO,EA,44,2,4.805,9.61
BGI3,2/1/2025,132,SI011693,F,VS,FAN14,19385-LEMON HALVES,19385,LEMON WEDGES,FOO,EA,44,3,5.125,15.38
BGI3,2/1/2025,132,SI011693,F,VS,FAN21,19379-WET ICE[6LB BAG],19379,WET ICE,WET,EA,44,6,2.942,17.65
BGI3,2/1/2025,132,SI011693,F,VS,FAN30,7041- LIME WEDGES,7041,LIME WEDGES,FOO,EA,44,2,4.78,9.56
BGI3,2/1/2025,132,SI011693,F,VS,FPAX04,23234-PER PASSENGER CHARGE,23234,OVERHEAD - J PAX OVERHEAD - PER PAX,SER,EA,44,44,36.774,1618.06
BGI3,2/1/2025,132,SI011693,J,VS,1JCH03,SP124631 - CHILD MEAL [J/C],SP124631,CHML,FOO,EA,56,2,14.622,29.24
BGI3,2/1/2025,132,SI011693,J,VS,1JFP01,SP124635 - FPML [J/C],SP124635,FPML,FOO,EA,56,1,18.156,18.16
BGI3,2/1/2025,132,SI011693,J,VS,1JGF01,SP124628 - GFML [J/C],SP124628,GFML,FOO,EA,56,1,22.504,22.5
BGI3,2/1/2025,132,SI011693,J,VS,1JVG01,SP124621 - VGML [J/C],SP124621,VGML,FOO,EA,56,2,14.694,29.39
BGI3,2/1/2025,132,SI011693,J,VS,1JVL01,SP124620 - VLML [J/C],SP124620,VLML,FOO,EA,56,2,12.174,24.35
BGI3,2/1/2025,132,SI011693,J,VS,JDT33,LO2622- TRAY SET MM,LO2622,TRAY SET UP,SER,EA,56,48,16.138,774.62
BGI3,2/1/2025,132,SI011693,J,VS,JPAX02,23237-PER PASSENGER CHARGE,23237,OVERHEAD - W PAX OVERHEAD - PER PAX,SER,EA,56,55,16.939,931.65
BGI3,2/1/2025,132,SI011693,Y,VS,1YAV01,SP124700- AVML [Y/C],SP124700,AVML,FOO,EA,235,1,15.115,15.12
BGI3,2/1/2025,132,SI011693,Y,VS,1YCH04,SP124709- CHML [Y/C],SP124709,CHML,FOO,EA,235,9,14.622,131.6
BGI3,2/1/2025,132,SI011693,Y,VS,1YDB01,SP124707 - DBML [Y/C],SP124707,DBML,FOO,EA,235,2,22.504,45.01
BGI3,2/1/2025,132,SI011693,Y,VS,1YGF01,SP124706 - GFML [Y/C],SP124706,GFML,FOO,EA,235,1,22.504,22.5
BGI3,2/1/2025,132,SI011693,Y,VS,1YVG01,SP124699- VGML [Y/C],SP124699,VGML,FOO,EA,235,1,14.694,14.69
BGI3,2/1/2025,132,SI011693,Y,VS,1YVL01,SP124698- VLML [Y/C],SP124698,VLML,FOO,EA,235,1,12.154,12.15
BGI3,2/1/2025,132,SI011693,Y,VS,3YDS01,3354- ORANGE JUICE-1LT,3354,BEVERAGES - ORANGE JUICE - 1 LT,STO,EA,235,29,2.124,61.6
BGI3,2/1/2025,132,SI011693,Y,VS,3YDS02,3335-TOMATO JUICE 1LT,3335,BEVERAGES - TOMATO JUICE - 1 LT,STO,EA,235,5,4.057,20.29
BGI3,2/1/2025,132,SI011693,Y,VS,3YDS03,3376-CRANBERRY JUICE,3376,BEVERAGES - CRANBERRY JUICE - 1 LT,STO,EA,235,1,5.101,5.1
BGI3,2/1/2025,132,SI011693,Y,VS,3YDS04,3353-APPLE JUICE 1LTR,3353,BEVERAGES - APPLE JUICE - 1 LT,STO,EA,235,20,2.124,42.48
BGI3,2/1/2025,132,SI011693,Y,VS,3YDS06,3476-MINERAL WATER 1.5LT,3476,BEVERAGES - MINERAL WATER STILL - 1 LT,STO,EA,235,101,2.36,238.36
BGI3,2/1/2025,132,SI011693,Y,VS,3YDS07,33169-SPARKLING WATER 1LT,33169,BEVERAGES - MINERAL WATER SPARK - 1 LT,STO,EA,235,13,3.274,42.56
BGI3,2/1/2025,132,SI011693,Y,VS,3YDS11,213774-PLASTIC BAG,213774,EQUIPMENT - BAG- PLASTIC BAG,EQU,EA,235,2,0.368,0.74
BGI3,2/1/2025,132,SI011693,Y,VS,3YS022,ORANGE LINEN BAG,151383,LAUNDRY - BAG LINEN ORANGE 2014,LAU,EA,235,2,1.969,3.94
BGI3,2/1/2025,132,SI011693,Y,VS,3YS024,LINEN NAPKINS,3527,LAUNDRY - LINEN FOLDED NAPKIN 2014,LAU,EA,235,128,0.522,66.82
BGI3,2/1/2025,132,SI011693,Y,VS,3YS032,145995-EQUIP PK - STORES 300,145995,PACKING - FLIGHT PACKING - A330-300,SER,EA,235,1,167.95,167.95
BGI3,2/1/2025,132,SI011693,Y,VS,3YS035,145991-TRANS.- HANDLING 33J,145991,TURNAROUND - STRIP - LOAD - A330-300 - 3 FLIGHTS,SER,EA,235,1,483.897,483.9
BGI3,2/1/2025,132,SI011693,Y,VS,3YS036,145994- WASH UP A330-300,145994,WASH UP - WASH UP - A330-900,SER,EA,235,1,391.843,391.84
BGI3,2/1/2025,132,SI011693,Y,VS,3YS038,17.5% VAT ON LAUNDRY CHRG 33J,51069SALE,SALES TAX - LAUNDRY,VAT,EA,235,1,10.961,10.96
BGI3,2/1/2025,132,SI011693,Y,VS,3YS063,25137-CUTLERY WRAP 1ST SERV 33,25137,PACKING - CUTLERY WRAPPING FIRST SERVICE - A330-30,SER,EA,235,1,8.435,8.44
BGI3,2/1/2025,132,SI011693,Y,VS,3YS064,33819-CUTLERY WRAP 2ND SERV 33,33819,PACKING - CUTLERY WRAPPING SECOND SERVICE - A330-3,SER,EA,235,1,8.435,8.44
BGI3,2/1/2025,132,SI011693,Y,VS,3YS071,32673-CULT WASH-PL 1SER 300,32673,PACKING - CUTLERY WASHUP - POLISHING FIRST SERVICE,SER,EA,235,1,27.272,27.27
BGI3,2/1/2025,132,SI011693,Y,VS,3YS072,33141-CULT WASH-PL 2SER 300,33141,PACKING - CUTLERY WASHUP - POLISHING SECOND SERVIC,SER,EA,235,1,18.363,18.36
BGI3,2/1/2025,132,SI011693,Y,VS,FAN17,19382-MILK 100% [Y],19382,FULL FAT MILK - PINT,STO,EA,235,2,4.805,9.61
BGI3,2/1/2025,132,SI011693,Y,VS,FAN18,19384- MILK 2% [Y],19384,SEMI SKIMMED MILK - PINT,STO,EA,235,4,4.805,19.22
BGI3,2/1/2025,132,SI011693,Y,VS,FAN19,7042-LEMON HALVES [Y],7042,LIME WEDGES,FOO,EA,235,10,5.125,51.25
BGI3,2/1/2025,132,SI011693,Y,VS,FAN20,19380- WET ICE [6LB BAG] [Y],19380,WET ICE,WET,EA,235,10,2.942,29.42
BGI3,2/1/2025,132,SI011693,Y,VS,YBE11,174148-BREAKFAST BOX,174148,,,EA,235,220,8.412,1850.64
BGI3,2/1/2025,132,SI011693,Y,VS,YPAX03,23240- PER PASSENGER CHARGE[Y],23240,OVERHEAD - Y PAX OVERHEAD - PER PAX,SER,EA,235,229,13.856,3173.02
BGI3,2/1/2025,132,SI011693,YC,VS,2CE069, COCO CURRY,LO8708,WILD RICE COCONUT CURRY SAUCE VEG,FOO,EA,12,3,6.438,19.31
BGI3,2/1/2025,132,SI011693,YC,VS,2CE070,LO8709 - GARLIC MASH CHIX THIG,LO8709,GARLIC MASH SEARED CHIX GREEN PEPPERCORN SAUCE,FOO,EA,12,3,10.838,32.51
BGI3,2/1/2025,132,SI011693,YC,VS,2CE071,LO8710 - MAHI W GARL ORZO PAS,LO8710,SEARED MAHI ORZO PASTA CREOLE SAUCE VEG,FOO,EA,12,2,12.378,24.76
BGI3,2/1/2025,132,SI011693,YC,VS,2CE072,LO8711 - PORKLOIN W PO GRATIN,LO8711,SEARED PORK POTATO GRATIN VEG,FOO,EA,12,2,13.84,27.68
BGI3,2/1/2025,132,SI011693,YC,VS,2CE073,LO8712 - CHEESE RAVIOLI,LO8712,CHEESE RAVIOLI,FOO,EA,12,2,8.718,17.44
BGI3,2/1/2025,132,SI011693,YC,VS,2CFF11,LO4110-WHOLE FRUIT 1,LO4110,SEASONAL WHOLE FRUIT OPTION 1,FOO,EA,12,6,4.622,27.73
BGI3,2/1/2025,132,SI011693,YC,VS,2CFS44,LO5113- EGG SALAD SANDWICH,LO5113,EGG SALAD SANDWICH,FOO,EA,12,3,5.374,16.12
BGI3,2/1/2025,132,SI011693,YC,VS,2CFS45,LO5115- TUNASALAD SANDWICH,LO5115,TUNA SALAD SANDWICH,FOO,EA,12,2,6.734,13.47
BGI3,2/1/2025,132,SI011693,YC,VS,2CFS49,LO5119- BAP - STREAKY BACON,LO5119,SCOTTISH BAP WITH BACON,FOO,EA,12,4,4.866,19.46
BGI3,2/1/2025,132,SI011693,YC,VS,2CFS52,LO5368- PLAIN BAGEL -PC CR CH,LO5368,PLAIN BAGEL WITH PC CREAM CHEESE,FOO,EA,12,4,4.086,16.34
BGI3,2/1/2025,132,SI011693,YC,VS,2CFS77,LO8713 - HAM SANDWICH,LO8713,HAM SANDWICH,FOO,EA,12,3,7.734,23.2
BGI3,2/1/2025,132,SI011693,YC,VS,2CFS78,LO8714 - CHEESE TOMATO WRAP,LO8714,CHEESE TOMATO CUCUMBER WRAP,FOO,EA,12,2,6.694,13.39
BGI3,2/1/2025,132,SI011693,YC,VS,2CFS79,LO8715 - CHICKEN CHEESE BAGEL,LO8715,CHICKEN AND CHEESE BAGEL,FOO,EA,12,2,5.014,10.03
BGI3,2/1/2025,132,SI011693,YC,VS,2CFS80,LO8716 - TURKEY SANDWICH,LO8716,TURKEY SANDWICH,FOO,EA,12,4,7.896,31.58
BGI3,2/1/2025,132,SI011693,YC,VS,2CFS81, CHUTNE,LO8718,TILLAMOOK CHEESE CARR TROPICAL CHUTNEY,FOO,EA,12,6,6.788,40.73
BGI3,2/1/2025,132,SI011693,YC,VS,2CFS82,LO8717 - PROTEIN POT W OLIVES,LO8717,PUMPKIN HUMMUS C CHEESE BLACK OLIVES PITTA BREAD T,FOO,EA,12,6,6.904,41.42
BGI3,2/1/2025,132,SI011693,YC,VS,CPAX02,28728- C CREW SVC CHARGE,28728,OVERHEAD - CC OVERHEAD - PER PAX,SER,EA,12,12,25.48,305.76
BGI3,2/1/2025,230,SI011695,F,VS,1FCH02,SP124543 - CHILD MEAL [F/C],SP124543,CHML,FOO,EA,32,2,29.908,59.82
BGI3,2/1/2025,230,SI011695,F,VS,1FGF01,SP124540- GFML [F/C],SP124540,GFML,FOO,EA,32,2,31.461,62.92
BGI3,2/1/2025,230,SI011695,F,VS,1FKO04,SP124542- KOSHER MEAL [F/C],SP124542,KSML,FOO,EA,32,2,13.344,26.69
BGI3,2/1/2025,230,SI011695,F,VS,FAN12,19381- MILK 100%,19381,FULL FAT MILK - PINT,STO,EA,32,4,4.805,19.22
BGI3,2/1/2025,230,SI011695,F,VS,FAN13,19383- MILK 2%,19383,SEMI SKIMMED MILK - PINT,STO,EA,32,2,4.805,9.61
BGI3,2/1/2025,230,SI011695,F,VS,FAN14,19385-LEMON HALVES,19385,LEMON WEDGES,FOO,EA,32,2,5.125,10.25
BGI3,2/1/2025,230,SI011695,F,VS,FAN21,19379-WET ICE[6LB BAG],19379,WET ICE,WET,EA,32,4,2.942,11.77
BGI3,2/1/2025,230,SI011695,F,VS,FAN30,7041- LIME WEDGES,7041,LIME WEDGES,FOO,EA,32,2,4.78,9.56
BGI3,2/1/2025,230,SI011695,F,VS,FPAX04,23234-PER PASSENGER CHARGE,23234,OVERHEAD - J PAX OVERHEAD - PER PAX,SER,EA,32,31,36.774,1139.99
BGI3,2/1/2025,230,SI011695,J,VS,1JGF01,SP124628 - GFML [J/C],SP124628,GFML,FOO,EA,46,2,22.504,45.01
BGI3,2/1/2025,230,SI011695,J,VS,1JKO01,SP124630 - KSML [J/C],SP124630,KSML,FOO,EA,46,2,14.178,28.36
BGI3,2/1/2025,230,SI011695,J,VS,1JVL01,SP124620 - VLML [J/C],SP124620,VLML,FOO,EA,46,1,12.174,12.17
BGI3,2/1/2025,230,SI011695,J,VS,JDT33,LO2622- TRAY SET MM,LO2622,TRAY SET UP,SER,EA,46,41,16.138,661.66
BGI3,2/1/2025,230,SI011695,J,VS,JPAX02,23237-PER PASSENGER CHARGE,23237,OVERHEAD - W PAX OVERHEAD - PER PAX,SER,EA,46,46,16.939,779.19
BGI3,2/1/2025,230,SI011695,Y,VS,1YCH04,SP124709- CHML [Y/C],SP124709,CHML,FOO,EA,184,7,14.622,102.35
BGI3,2/1/2025,230,SI011695,Y,VS,1YGF01,SP124706 - GFML [Y/C],SP124706,GFML,FOO,EA,184,2,22.504,45.01
BGI3,2/1/2025,230,SI011695,Y,VS,1YLF01,SP124704 - LFML [Y/C],SP124704,LFML,FOO,EA,184,2,22.504,45.01
BGI3,2/1/2025,230,SI011695,Y,VS,1YLS01,SP124705 - LSML [Y/C],SP124705,LSML,FOO,EA,184,1,22.504,22.5
BGI3,2/1/2025,230,SI011695,Y,VS,1YNL01,SP124712 - NLML [Y/C],SP124712,NLML,FOO,EA,184,3,22.504,67.51
BGI3,2/1/2025,230,SI011695,Y,VS,1YVG01,SP124699- VGML [Y/C],SP124699,VGML,FOO,EA,184,1,14.694,14.69
BGI3,2/1/2025,230,SI011695,Y,VS,1YVL01,SP124698- VLML [Y/C],SP124698,VLML,FOO,EA,184,2,12.154,24.31
BGI3,2/1/2025,230,SI011695,Y,VS,3YDS01,3354- ORANGE JUICE-1LT,3354,BEVERAGES - ORANGE JUICE - 1 LT,STO,EA,184,54,2.124,114.7
BGI3,2/1/2025,230,SI011695,Y,VS,3YDS02,3335-TOMATO JUICE 1LT,3335,BEVERAGES - TOMATO JUICE - 1 LT,STO,EA,184,3,4.057,12.17
BGI3,2/1/2025,230,SI011695,Y,VS,3YDS03,3376-CRANBERRY JUICE,3376,BEVERAGES - CRANBERRY JUICE - 1 LT,STO,EA,184,3,5.101,15.3
BGI3,2/1/2025,230,SI011695,Y,VS,3YDS04,3353-APPLE JUICE 1LTR,3353,BEVERAGES - APPLE JUICE - 1 LT,STO,EA,184,17,2.124,36.11
BGI3,2/1/2025,230,SI011695,Y,VS,3YDS06,3476-MINERAL WATER 1.5LT,3476,BEVERAGES - MINERAL WATER STILL - 1 LT,STO,EA,184,54,2.36,127.44
BGI3,2/1/2025,230,SI011695,Y,VS,3YDS07,33169-SPARKLING WATER 1LT,33169,BEVERAGES - MINERAL WATER SPARK - 1 LT,STO,EA,184,13,3.274,42.56
BGI3,2/1/2025,230,SI011695,Y,VS,3YDS11,213774-PLASTIC BAG,213774,EQUIPMENT - BAG- PLASTIC BAG,EQU,EA,184,1,0.368,0.37
BGI3,2/1/2025,230,SI011695,Y,VS,3YS022,ORANGE LINEN BAG,151383,LAUNDRY - BAG LINEN ORANGE 2014,LAU,EA,184,1,1.969,1.97
BGI3,2/1/2025,230,SI011695,Y,VS,3YS023,LINEN TABLECLOTH,3526,LAUNDRY - TABLE CLOTH/RUNNER 2014,LAU,EA,184,33,0.652,21.52
BGI3,2/1/2025,230,SI011695,Y,VS,3YS024,LINEN NAPKINS,3527,LAUNDRY - LINEN FOLDED NAPKIN 2014,LAU,EA,184,75,0.522,39.15
BGI3,2/1/2025,230,SI011695,Y,VS,3YS032,145995-EQUIP PK - STORES 300,145995,PACKING - FLIGHT PACKING - A330-300,SER,EA,184,1,167.95,167.95
BGI3,2/1/2025,230,SI011695,Y,VS,3YS035,145991-TRANS.- HANDLING 33J,145991,TURNAROUND - STRIP - LOAD - A330-300 - 3 FLIGHTS,SER,EA,184,1,483.897,483.9
BGI3,2/1/2025,230,SI011695,Y,VS,3YS036,145994- WASH UP A330-300,145994,WASH UP - WASH UP - A330-900,SER,EA,184,1,391.843,391.84
BGI3,2/1/2025,230,SI011695,Y,VS,3YS038,17.5% VAT ON LAUNDRY CHRG 33J,51069SALE,SALES TAX - LAUNDRY,VAT,EA,184,1,10.961,10.96
BGI3,2/1/2025,230,SI011695,Y,VS,3YS063,25137-CUTLERY WRAP 1ST SERV 33,25137,PACKING - CUTLERY WRAPPING FIRST SERVICE - A330-30,SER,EA,184,1,8.435,8.44
BGI3,2/1/2025,230,SI011695,Y,VS,3YS064,33819-CUTLERY WRAP 2ND SERV 33,33819,PACKING - CUTLERY WRAPPING SECOND SERVICE - A330-3,SER,EA,184,1,8.435,8.44
BGI3,2/1/2025,230,SI011695,Y,VS,3YS071,32673-CULT WASH-PL 1SER 300,32673,PACKING - CUTLERY WASHUP - POLISHING FIRST SERVICE,SER,EA,184,1,27.272,27.27
BGI3,2/1/2025,230,SI011695,Y,VS,3YS072,33141-CULT WASH-PL 2SER 300,33141,PACKING - CUTLERY WASHUP - POLISHING SECOND SERVIC,SER,EA,184,1,18.363,18.36
BGI3,2/1/2025,230,SI011695,Y,VS,FAN17,19382-MILK 100% [Y],19382,FULL FAT MILK - PINT,STO,EA,184,2,4.805,9.61
BGI3,2/1/2025,230,SI011695,Y,VS,FAN18,19384- MILK 2% [Y],19384,SEMI SKIMMED MILK - PINT,STO,EA,184,4,4.805,19.22
BGI3,2/1/2025,230,SI011695,Y,VS,FAN19,7042-LEMON HALVES [Y],7042,LIME WEDGES,FOO,EA,184,8,5.125,41
BGI3,2/1/2025,230,SI011695,Y,VS,FAN20,19380- WET ICE [6LB BAG] [Y],19380,WET ICE,WET,EA,184,8,2.942,23.54
BGI3,2/1/2025,230,SI011695,Y,VS,YBE11,174148-BREAKFAST BOX,174148,,,EA,184,166,8.412,1396.39
BGI3,2/1/2025,230,SI011695,Y,VS,YPAX03,23240- PER PASSENGER CHARGE[Y],23240,OVERHEAD - Y PAX OVERHEAD - PER PAX,SER,EA,184,164,13.856,2272.38
BGI3,2/1/2025,230,SI011695,YC,VS,2CE069, COCO CURRY,LO8708,WILD RICE COCONUT CURRY SAUCE VEG,FOO,EA,12,3,6.438,19.31
BGI3,2/1/2025,230,SI011695,YC,VS,2CE070,LO8709 - GARLIC MASH CHIX THIG,LO8709,GARLIC MASH SEARED CHIX GREEN PEPPERCORN SAUCE,FOO,EA,12,3,10.838,32.51
BGI3,2/1/2025,230,SI011695,YC,VS,2CE071,LO8710 - MAHI W GARL ORZO PAS,LO8710,SEARED MAHI ORZO PASTA CREOLE SAUCE VEG,FOO,EA,12,2,12.378,24.76
BGI3,2/1/2025,230,SI011695,YC,VS,2CE072,LO8711 - PORKLOIN W PO GRATIN,LO8711,SEARED PORK POTATO GRATIN VEG,FOO,EA,12,2,13.84,27.68
BGI3,2/1/2025,230,SI011695,YC,VS,2CE073,LO8712 - CHEESE RAVIOLI,LO8712,CHEESE RAVIOLI,FOO,EA,12,2,8.718,17.44
BGI3,2/1/2025,230,SI011695,YC,VS,2CFF11,LO4110-WHOLE FRUIT 1,LO4110,SEASONAL WHOLE FRUIT OPTION 1,FOO,EA,12,6,4.622,27.73
BGI3,2/1/2025,230,SI011695,YC,VS,2CFS44,LO5113- EGG SALAD SANDWICH,LO5113,EGG SALAD SANDWICH,FOO,EA,12,3,5.374,16.12
BGI3,2/1/2025,230,SI011695,YC,VS,2CFS45,LO5115- TUNASALAD SANDWICH,LO5115,TUNA SALAD SANDWICH,FOO,EA,12,2,6.734,13.47
BGI3,2/1/2025,230,SI011695,YC,VS,2CFS49,LO5119- BAP - STREAKY BACON,LO5119,SCOTTISH BAP WITH BACON,FOO,EA,12,4,4.866,19.46
BGI3,2/1/2025,230,SI011695,YC,VS,2CFS52,LO5368- PLAIN BAGEL -PC CR CH,LO5368,PLAIN BAGEL WITH PC CREAM CHEESE,FOO,EA,12,4,4.086,16.34
BGI3,2/1/2025,230,SI011695,YC,VS,2CFS77,LO8713 - HAM SANDWICH,LO8713,HAM SANDWICH,FOO,EA,12,3,7.734,23.2
BGI3,2/1/2025,230,SI011695,YC,VS,2CFS78,LO8714 - CHEESE TOMATO WRAP,LO8714,CHEESE TOMATO CUCUMBER WRAP,FOO,EA,12,2,6.694,13.39
BGI3,2/1/2025,230,SI011695,YC,VS,2CFS79,LO8715 - CHICKEN CHEESE BAGEL,LO8715,CHICKEN AND CHEESE BAGEL,FOO,EA,12,2,5.014,10.03
BGI3,2/1/2025,230,SI011695,YC,VS,2CFS80,LO8716 - TURKEY SANDWICH,LO8716,TURKEY SANDWICH,FOO,EA,12,4,7.896,31.58
BGI3,2/1/2025,230,SI011695,YC,VS,2CFS81, CHUTNE,LO8718,TILLAMOOK CHEESE CARR TROPICAL CHUTNEY,FOO,EA,12,6,6.788,40.73
BGI3,2/1/2025,230,SI011695,YC,VS,2CFS82,LO8717 - PROTEIN POT W OLIVES,LO8717,PUMPKIN HUMMUS C CHEESE BLACK OLIVES PITTA BREAD T,FOO,EA,12,6,6.904,41.42
BGI3,2/1/2025,230,SI011695,YC,VS,CPAX02,28728- C CREW SVC CHARGE,28728,OVERHEAD - CC OVERHEAD - PER PAX,SER,EA,12,12,25.48,305.76
BGI3,3/1/2025,664,SI011696,F,VS,FAN12,19381- MILK 100%,19381,FULL FAT MILK - PINT,STO,EA,16,4,4.805,19.22
BGI3,3/1/2025,664,SI011696,F,VS,FAN13,19383- MILK 2%,19383,SEMI SKIMMED MILK - PINT,STO,EA,16,2,4.805,9.61
BGI3,3/1/2025,664,SI011696,F,VS,FAN14,19385-LEMON HALVES,19385,LEMON WEDGES,FOO,EA,16,2,5.125,10.25
BGI3,3/1/2025,664,SI011696,F,VS,FAN21,19379-WET ICE[6LB BAG],19379,WET ICE,WET,EA,16,4,2.942,11.77
BGI3,3/1/2025,664,SI011696,F,VS,FAN30,7041- LIME WEDGES,7041,LIME WEDGES,FOO,EA,16,2,4.78,9.56
BGI3,3/1/2025,664,SI011696,F,VS,FPAX04,23234-PER PASSENGER CHARGE,23234,OVERHEAD - J PAX OVERHEAD - PER PAX,SER,EA,16,16,36.774,588.38
BGI3,3/1/2025,664,SI011696,J,VS,1JGF01,SP124628 - GFML [J/C],SP124628,GFML,FOO,EA,56,2,22.504,45.01
BGI3,3/1/2025,664,SI011696,J,VS,1JVG01,SP124621 - VGML [J/C],SP124621,VGML,FOO,EA,56,2,14.694,29.39
BGI3,3/1/2025,664,SI011696,J,VS,JDT33,LO2622- TRAY SET MM,LO2622,TRAY SET UP,SER,EA,56,52,16.138,839.18
BGI3,3/1/2025,664,SI011696,J,VS,JPAX02,23237-PER PASSENGER CHARGE,23237,OVERHEAD - W PAX OVERHEAD - PER PAX,SER,EA,56,52,16.939,880.83
BGI3,3/1/2025,664,SI011696,Y,VS,1YGF01,SP124706 - GFML [Y/C],SP124706,GFML,FOO,EA,325,2,22.504,45.01
BGI3,3/1/2025,664,SI011696,Y,VS,1YVL01,SP124698- VLML [Y/C],SP124698,VLML,FOO,EA,325,3,12.154,36.46
BGI3,3/1/2025,664,SI011696,Y,VS,3YS022,ORANGE LINEN BAG,151383,LAUNDRY - BAG LINEN ORANGE 2014,LAU,EA,325,1,1.969,1.97
BGI3,3/1/2025,664,SI011696,Y,VS,3YS023,LINEN TABLECLOTH,3526,LAUNDRY - TABLE CLOTH/RUNNER 2014,LAU,EA,325,20,0.652,13.04
BGI3,3/1/2025,664,SI011696,Y,VS,3YS024,LINEN NAPKINS,3527,LAUNDRY - LINEN FOLDED NAPKIN 2014,LAU,EA,325,55,0.522,28.71
BGI3,3/1/2025,664,SI011696,Y,VS,3YS032,145995-EQUIP PK - STORES 300,145995,PACKING - FLIGHT PACKING - A330-300,SER,EA,325,1,167.95,167.95
BGI3,3/1/2025,664,SI011696,Y,VS,3YS035,145991-TRANS.- HANDLING 33J,145991,TURNAROUND - STRIP - LOAD - A330-300 - 3 FLIGHTS,SER,EA,325,1,483.897,483.9
BGI3,3/1/2025,664,SI011696,Y,VS,3YS036,145994- WASH UP A330-300,145994,WASH UP - WASH UP - A330-900,SER,EA,325,1,391.843,391.84
BGI3,3/1/2025,664,SI011696,Y,VS,3YS038,17.5% VAT ON LAUNDRY CHRG 33J,51069SALE,SALES TAX - LAUNDRY,VAT,EA,325,1,10.961,10.96
BGI3,3/1/2025,664,SI011696,Y,VS,3YS063,25137-CUTLERY WRAP 1ST SERV 33,25137,PACKING - CUTLERY WRAPPING FIRST SERVICE - A330-30,SER,EA,325,1,8.435,8.44
BGI3,3/1/2025,664,SI011696,Y,VS,3YS064,33819-CUTLERY WRAP 2ND SERV 33,33819,PACKING - CUTLERY WRAPPING SECOND SERVICE - A330-3,SER,EA,325,1,8.435,8.44
BGI3,3/1/2025,664,SI011696,Y,VS,3YS071,32673-CULT WASH-PL 1SER 300,32673,PACKING - CUTLERY WASHUP - POLISHING FIRST SERVICE,SER,EA,325,1,27.272,27.27
BGI3,3/1/2025,664,SI011696,Y,VS,3YS072,33141-CULT WASH-PL 2SER 300,33141,PACKING - CUTLERY WASHUP - POLISHING SECOND SERVIC,SER,EA,325,1,18.363,18.36
BGI3,3/1/2025,664,SI011696,Y,VS,FAN17,19382-MILK 100% [Y],19382,FULL FAT MILK - PINT,STO,EA,325,2,4.805,9.61
BGI3,3/1/2025,664,SI011696,Y,VS,FAN18,19384- MILK 2% [Y],19384,SEMI SKIMMED MILK - PINT,STO,EA,325,4,4.805,19.22
BGI3,3/1/2025,664,SI011696,Y,VS,FAN19,7042-LEMON HALVES [Y],7042,LIME WEDGES,FOO,EA,325,8,5.125,41
BGI3,3/1/2025,664,SI011696,Y,VS,FAN20,19380- WET ICE [6LB BAG] [Y],19380,WET ICE,WET,EA,325,8,2.942,23.54
BGI3,3/1/2025,664,SI011696,Y,VS,YBE11,174148-BREAKFAST BOX,174148,,,EA,325,320,8.412,2691.84
BGI3,3/1/2025,664,SI011696,Y,VS,YPAX03,23240- PER PASSENGER CHARGE[Y],23240,OVERHEAD - Y PAX OVERHEAD - PER PAX,SER,EA,325,320,13.856,4433.92
BGI3,3/1/2025,664,SI011696,YC,VS,2CE069, COCO CURRY,LO8708,WILD RICE COCONUT CURRY SAUCE VEG,FOO,EA,12,3,6.438,19.31
BGI3,3/1/2025,664,SI011696,YC,VS,2CE070,LO8709 - GARLIC MASH CHIX THIG,LO8709,GARLIC MASH SEARED CHIX GREEN PEPPERCORN SAUCE,FOO,EA,12,3,10.838,32.51
BGI3,3/1/2025,664,SI011696,YC,VS,2CE071,LO8710 - MAHI W GARL ORZO PAS,LO8710,SEARED MAHI ORZO PASTA CREOLE SAUCE VEG,FOO,EA,12,2,12.378,24.76
BGI3,3/1/2025,664,SI011696,YC,VS,2CE072,LO8711 - PORKLOIN W PO GRATIN,LO8711,SEARED PORK POTATO GRATIN VEG,FOO,EA,12,2,13.84,27.68
BGI3,3/1/2025,664,SI011696,YC,VS,2CE073,LO8712 - CHEESE RAVIOLI,LO8712,CHEESE RAVIOLI,FOO,EA,12,2,8.718,17.44
BGI3,3/1/2025,664,SI011696,YC,VS,2CFF11,LO4110-WHOLE FRUIT 1,LO4110,SEASONAL WHOLE FRUIT OPTION 1,FOO,EA,12,6,4.622,27.73
BGI3,3/1/2025,664,SI011696,YC,VS,2CFS44,LO5113- EGG SALAD SANDWICH,LO5113,EGG SALAD SANDWICH,FOO,EA,12,3,5.374,16.12
BGI3,3/1/2025,664,SI011696,YC,VS,2CFS45,LO5115- TUNASALAD SANDWICH,LO5115,TUNA SALAD SANDWICH,FOO,EA,12,2,6.734,13.47
BGI3,3/1/2025,664,SI011696,YC,VS,2CFS49,LO5119- BAP - STREAKY BACON,LO5119,SCOTTISH BAP WITH BACON,FOO,EA,12,4,4.866,19.46
BGI3,3/1/2025,664,SI011696,YC,VS,2CFS52,LO5368- PLAIN BAGEL -PC CR CH,LO5368,PLAIN BAGEL WITH PC CREAM CHEESE,FOO,EA,12,4,4.086,16.34
BGI3,3/1/2025,664,SI011696,YC,VS,2CFS77,LO8713 - HAM SANDWICH,LO8713,HAM SANDWICH,FOO,EA,12,3,7.734,23.2
BGI3,3/1/2025,664,SI011696,YC,VS,2CFS78,LO8714 - CHEESE TOMATO WRAP,LO8714,CHEESE TOMATO CUCUMBER WRAP,FOO,EA,12,2,6.694,13.39
BGI3,3/1/2025,664,SI011696,YC,VS,2CFS79,LO8715 - CHICKEN CHEESE BAGEL,LO8715,CHICKEN AND CHEESE BAGEL,FOO,EA,12,2,5.014,10.03
BGI3,3/1/2025,664,SI011696,YC,VS,2CFS80,LO8716 - TURKEY SANDWICH,LO8716,TURKEY SANDWICH,FOO,EA,12,4,7.896,31.58
BGI3,3/1/2025,664,SI011696,YC,VS,2CFS81, CHUTNE,LO8718,TILLAMOOK CHEESE CARR TROPICAL CHUTNEY,FOO,EA,12,6,6.788,40.73
BGI3,3/1/2025,664,SI011696,YC,VS,2CFS82,LO8717 - PROTEIN POT W OLIVES,LO8717,PUMPKIN HUMMUS C CHEESE BLACK OLIVES PITTA BREAD T,FOO,EA,12,6,6.904,41.42
BGI3,3/1/2025,664,SI011696,YC,VS,CPAX02,28728- C CREW SVC CHARGE,28728,OVERHEAD - CC OVERHEAD - PER PAX,SER,EA,12,12,25.48,305.76
BGI3,3/1/2025,187A,SI011697,J,VS,JSN05,LO7135 - ORIGINAL SHIRLEY,LO7135,ORIGINAL SHIRLEY BISCUIT,STO,EA,8,8,1.096,8.77
BGI3,3/1/2025,187A,SI011697,Y,VS,3YS035,145991-TRANS.- HANDLING 33J,145991,TURNAROUND - STRIP - LOAD - A330-300 - 3 FLIGHTS,SER,EA,48,1,483.897,483.9
BGI3,3/1/2025,188,SI011700,F,VS,1FCH02,SP124543 - CHILD MEAL [F/C],SP124543,CHML,FOO,EA,31,2,29.908,59.82
BGI3,3/1/2025,188,SI011700,F,VS,1FGF01,SP124540- GFML [F/C],SP124540,GFML,FOO,EA,31,2,31.461,62.92
BGI3,3/1/2025,188,SI011700,F,VS,1YBA02,BABY MEAL - CATERER OWNED,SP124710,BBML,STO,EA,31,1,15.93,15.93
BGI3,3/1/2025,188,SI011700,F,VS,FAN12,19381- MILK 100%,19381,FULL FAT MILK - PINT,STO,EA,31,4,4.805,19.22
BGI3,3/1/2025,188,SI011700,F,VS,FAN13,19383- MILK 2%,19383,SEMI SKIMMED MILK - PINT,STO,EA,31,2,4.805,9.61
BGI3,3/1/2025,188,SI011700,F,VS,FAN14,19385-LEMON HALVES,19385,LEMON WEDGES,FOO,EA,31,2,5.125,10.25
BGI3,3/1/2025,188,SI011700,F,VS,FAN21,19379-WET ICE[6LB BAG],19379,WET ICE,WET,EA,31,4,2.942,11.77
BGI3,3/1/2025,188,SI011700,F,VS,FAN30,7041- LIME WEDGES,7041,LIME WEDGES,FOO,EA,31,2,4.78,9.56
BGI3,3/1/2025,188,SI011700,F,VS,FPAX04,23234-PER PASSENGER CHARGE,23234,OVERHEAD - J PAX OVERHEAD - PER PAX,SER,EA,31,31,36.774,1139.99
BGI3,3/1/2025,188,SI011700,J,VS,1JCH03,SP124631 - CHILD MEAL [J/C],SP124631,CHML,FOO,EA,48,1,14.622,14.62
BGI3,3/1/2025,188,SI011700,J,VS,1JGF01,SP124628 - GFML [J/C],SP124628,GFML,FOO,EA,48,1,22.504,22.5
BGI3,3/1/2025,188,SI011700,J,VS,1JMO01,SP124624 - MOML [J/C],SP124624,MOML,FOO,EA,48,2,12.154,24.31
BGI3,3/1/2025,188,SI011700,J,VS,1JVL01,SP124620 - VLML [J/C],SP124620,VLML,FOO,EA,48,1,12.174,12.17
BGI3,3/1/2025,188,SI011700,J,VS,JDT33,LO2622- TRAY SET MM,LO2622,TRAY SET UP,SER,EA,48,43,16.138,693.93
BGI3,3/1/2025,188,SI011700,J,VS,JPAX02,23237-PER PASSENGER CHARGE,23237,OVERHEAD - W PAX OVERHEAD - PER PAX,SER,EA,48,48,16.939,813.07
BGI3,3/1/2025,188,SI011700,Y,VS,1YAV01,SP124700- AVML [Y/C],SP124700,AVML,FOO,EA,185,5,15.115,75.58
BGI3,3/1/2025,188,SI011700,Y,VS,1YCH04,SP124709- CHML [Y/C],SP124709,CHML,FOO,EA,185,16,14.622,233.95
BGI3,3/1/2025,188,SI011700,Y,VS,1YGF01,SP124706 - GFML [Y/C],SP124706,GFML,FOO,EA,185,2,22.504,45.01
BGI3,3/1/2025,188,SI011700,Y,VS,1YHN01,SP124703 - HNML [Y/C],SP124703,HNML,FOO,EA,185,1,17.178,17.18
BGI3,3/1/2025,188,SI011700,Y,VS,1YLS01,SP124705 - LSML [Y/C],SP124705,LSML,FOO,EA,185,1,22.504,22.5
BGI3,3/1/2025,188,SI011700,Y,VS,1YVG01,SP124699- VGML [Y/C],SP124699,VGML,FOO,EA,185,1,14.694,14.69
BGI3,3/1/2025,188,SI011700,Y,VS,1YVL01,SP124698- VLML [Y/C],SP124698,VLML,FOO,EA,185,2,12.154,24.31
BGI3,3/1/2025,188,SI011700,Y,VS,3YDS01,3354- ORANGE JUICE-1LT,3354,BEVERAGES - ORANGE JUICE - 1 LT,STO,EA,185,27,2.124,57.35
BGI3,3/1/2025,188,SI011700,Y,VS,3YDS02,3335-TOMATO JUICE 1LT,3335,BEVERAGES - TOMATO JUICE - 1 LT,STO,EA,185,1,4.057,4.06
BGI3,3/1/2025,188,SI011700,Y,VS,3YDS03,3376-CRANBERRY JUICE,3376,BEVERAGES - CRANBERRY JUICE - 1 LT,STO,EA,185,2,5.101,10.2
BGI3,3/1/2025,188,SI011700,Y,VS,3YDS04,3353-APPLE JUICE 1LTR,3353,BEVERAGES - APPLE JUICE - 1 LT,STO,EA,185,15,2.124,31.86
BGI3,3/1/2025,188,SI011700,Y,VS,3YDS06,3476-MINERAL WATER 1.5LT,3476,BEVERAGES - MINERAL WATER STILL - 1 LT,STO,EA,185,48,2.36,113.28
BGI3,3/1/2025,188,SI011700,Y,VS,3YDS07,33169-SPARKLING WATER 1LT,33169,BEVERAGES - MINERAL WATER SPARK - 1 LT,STO,EA,185,14,3.274,45.84
BGI3,3/1/2025,188,SI011700,Y,VS,3YDS11,213774-PLASTIC BAG,213774,EQUIPMENT - BAG- PLASTIC BAG,EQU,EA,185,1,0.368,0.37
BGI3,3/1/2025,188,SI011700,Y,VS,3YS022,ORANGE LINEN BAG,151383,LAUNDRY - BAG LINEN ORANGE 2014,LAU,EA,185,1,1.969,1.97
BGI3,3/1/2025,188,SI011700,Y,VS,3YS023,LINEN TABLECLOTH,3526,LAUNDRY - TABLE CLOTH/RUNNER 2014,LAU,EA,185,33,0.652,21.52
BGI3,3/1/2025,188,SI011700,Y,VS,3YS024,LINEN NAPKINS,3527,LAUNDRY - LINEN FOLDED NAPKIN 2014,LAU,EA,185,75,0.522,39.15
BGI3,3/1/2025,188,SI011700,Y,VS,3YS032,145995-EQUIP PK - STORES 300,145995,PACKING - FLIGHT PACKING - A330-300,SER,EA,185,1,167.95,167.95
BGI3,3/1/2025,188,SI011700,Y,VS,3YS035,145991-TRANS.- HANDLING 33J,145991,TURNAROUND - STRIP - LOAD - A330-300 - 3 FLIGHTS,SER,EA,185,1,483.897,483.9
BGI3,3/1/2025,188,SI011700,Y,VS,3YS036,145994- WASH UP A330-300,145994,WASH UP - WASH UP - A330-900,SER,EA,185,1,391.843,391.84
BGI3,3/1/2025,188,SI011700,Y,VS,3YS038,17.5% VAT ON LAUNDRY CHRG 33J,51069SALE,SALES TAX - LAUNDRY,VAT,EA,185,1,10.961,10.96
BGI3,3/1/2025,188,SI011700,Y,VS,3YS063,25137-CUTLERY WRAP 1ST SERV 33,25137,PACKING - CUTLERY WRAPPING FIRST SERVICE - A330-30,SER,EA,185,1,8.435,8.44
BGI3,3/1/2025,188,SI011700,Y,VS,3YS064,33819-CUTLERY WRAP 2ND SERV 33,33819,PACKING - CUTLERY WRAPPING SECOND SERVICE - A330-3,SER,EA,185,1,8.435,8.44
BGI3,3/1/2025,188,SI011700,Y,VS,3YS071,32673-CULT WASH-PL 1SER 300,32673,PACKING - CUTLERY WASHUP - POLISHING FIRST SERVICE,SER,EA,185,1,27.272,27.27
BGI3,3/1/2025,188,SI011700,Y,VS,3YS072,33141-CULT WASH-PL 2SER 300,33141,PACKING - CUTLERY WASHUP - POLISHING SECOND SERVIC,SER,EA,185,1,18.363,18.36
BGI3,3/1/2025,188,SI011700,Y,VS,FAN17,19382-MILK 100% [Y],19382,FULL FAT MILK - PINT,STO,EA,185,2,4.805,9.61
BGI3,3/1/2025,188,SI011700,Y,VS,FAN18,19384- MILK 2% [Y],19384,SEMI SKIMMED MILK - PINT,STO,EA,185,4,4.805,19.22
BGI3,3/1/2025,188,SI011700,Y,VS,FAN19,7042-LEMON HALVES [Y],7042,LIME WEDGES,FOO,EA,185,8,5.125,41
BGI3,3/1/2025,188,SI011700,Y,VS,FAN20,19380- WET ICE [6LB BAG] [Y],19380,WET ICE,WET,EA,185,8,2.942,23.54
BGI3,3/1/2025,188,SI011700,Y,VS,YBE11,174148-BREAKFAST BOX,174148,,,EA,185,155,8.412,1303.86
BGI3,3/1/2025,188,SI011700,Y,VS,YPAX03,23240- PER PASSENGER CHARGE[Y],23240,OVERHEAD - Y PAX OVERHEAD - PER PAX,SER,EA,185,181,13.856,2507.94
BGI3,3/1/2025,188,SI011700,YC,VS,2CE067,LO8753 - ROASTED RAVOLI CHR,LO8753,,,EA,12,3,12.016,36.05
BGI3,3/1/2025,188,SI011700,YC,VS,2CE068,LO8754 - ROAST TURK ENTREE CHR,LO8754,,,EA,12,3,19.434,58.3
BGI3,3/1/2025,188,SI011700,YC,VS,2CFF11,LO4110-WHOLE FRUIT 1,LO4110,SEASONAL WHOLE FRUIT OPTION 1,FOO,EA,12,6,4.622,27.73
BGI3,3/1/2025,188,SI011700,YC,VS,CPAX02,28728- C CREW SVC CHARGE,28728,OVERHEAD - CC OVERHEAD - PER PAX,SER,EA,12,12,25.48,305.76
BGI3,3/1/2025,188A,SI011699,J,VS,JSN05,LO7135 - ORIGINAL SHIRLEY,LO7135,ORIGINAL SHIRLEY BISCUIT,STO,EA,8,8,1.096,8.77
BGI3,3/1/2025,188A,SI011699,Y,VS,3YS035,145991-TRANS.- HANDLING 33J,145991,TURNAROUND - STRIP - LOAD - A330-300 - 3 FLIGHTS,SER,EA,32,1,483.897,483.9
BGI3,4/1/2025,78,SI011704,F,VS,1FCH02,SP124543 - CHILD MEAL [F/C],SP124543,CHML,FOO,EA,31,2,29.908,59.82
BGI3,4/1/2025,78,SI011704,F,VS,1FVG01,SP124533- VGML [F/C],SP124533,VGML,FOO,EA,31,1,32.179,32.18
BGI3,4/1/2025,78,SI011704,F,VS,FAN12,19381- MILK 100%,19381,FULL FAT MILK - PINT,STO,EA,31,4,4.805,19.22
BGI3,4/1/2025,78,SI011704,F,VS,FAN13,19383- MILK 2%,19383,SEMI SKIMMED MILK - PINT,STO,EA,31,2,4.805,9.61
BGI3,4/1/2025,78,SI011704,F,VS,FAN14,19385-LEMON HALVES,19385,LEMON WEDGES,FOO,EA,31,2,5.125,10.25
BGI3,4/1/2025,78,SI011704,F,VS,FAN21,19379-WET ICE[6LB BAG],19379,WET ICE,WET,EA,31,4,2.942,11.77
BGI3,4/1/2025,78,SI011704,F,VS,FAN30,7041- LIME WEDGES,7041,LIME WEDGES,FOO,EA,31,2,4.78,9.56
BGI3,4/1/2025,78,SI011704,F,VS,FPAX04,23234-PER PASSENGER CHARGE,23234,OVERHEAD - J PAX OVERHEAD - PER PAX,SER,EA,31,31,36.774,1139.99
BGI3,4/1/2025,78,SI011704,J,VS,1JCH03,SP124631 - CHILD MEAL [J/C],SP124631,CHML,FOO,EA,48,4,14.622,58.49
BGI3,4/1/2025,78,SI011704,J,VS,JDT33,LO2622- TRAY SET MM,LO2622,TRAY SET UP,SER,EA,48,44,16.138,710.07
BGI3,4/1/2025,78,SI011704,J,VS,JPAX02,23237-PER PASSENGER CHARGE,23237,OVERHEAD - W PAX OVERHEAD - PER PAX,SER,EA,48,47,16.939,796.13
BGI3,4/1/2025,78,SI011704,Y,VS,1YCH04,SP124709- CHML [Y/C],SP124709,CHML,FOO,EA,185,8,14.622,116.98
BGI3,4/1/2025,78,SI011704,Y,VS,1YFP01,SP124713 - FPML [Y/C],SP124713,FPML,FOO,EA,185,1,18.156,18.16
BGI3,4/1/2025,78,SI011704,Y,VS,1YGF01,SP124706 - GFML [Y/C],SP124706,GFML,FOO,EA,185,2,22.504,45.01
BGI3,4/1/2025,78,SI011704,Y,VS,1YLS01,SP124705 - LSML [Y/C],SP124705,LSML,FOO,EA,185,1,22.504,22.5
BGI3,4/1/2025,78,SI011704,Y,VS,1YVG01,SP124699- VGML [Y/C],SP124699,VGML,FOO,EA,185,4,14.694,58.78
BGI3,4/1/2025,78,SI011704,Y,VS,1YVL01,SP124698- VLML [Y/C],SP124698,VLML,FOO,EA,185,1,12.154,12.15
BGI3,4/1/2025,78,SI011704,Y,VS,3YDS01,3354- ORANGE JUICE-1LT,3354,BEVERAGES - ORANGE JUICE - 1 LT,STO,EA,185,29,2.124,61.6
BGI3,4/1/2025,78,SI011704,Y,VS,3YDS02,3335-TOMATO JUICE 1LT,3335,BEVERAGES - TOMATO JUICE - 1 LT,STO,EA,185,1,4.057,4.06
BGI3,4/1/2025,78,SI011704,Y,VS,3YDS03,3376-CRANBERRY JUICE,3376,BEVERAGES - CRANBERRY JUICE - 1 LT,STO,EA,185,2,5.101,10.2
BGI3,4/1/2025,78,SI011704,Y,VS,3YDS04,3353-APPLE JUICE 1LTR,3353,BEVERAGES - APPLE JUICE - 1 LT,STO,EA,185,17,2.124,36.11
BGI3,4/1/2025,78,SI011704,Y,VS,3YDS06,3476-MINERAL WATER 1.5LT,3476,BEVERAGES - MINERAL WATER STILL - 1 LT,STO,EA,185,48,2.36,113.28
BGI3,4/1/2025,78,SI011704,Y,VS,3YDS07,33169-SPARKLING WATER 1LT,33169,BEVERAGES - MINERAL WATER SPARK - 1 LT,STO,EA,185,14,3.274,45.84
BGI3,4/1/2025,78,SI011704,Y,VS,3YDS11,213774-PLASTIC BAG,213774,EQUIPMENT - BAG- PLASTIC BAG,EQU,EA,185,1,0.368,0.37
BGI3,4/1/2025,78,SI011704,Y,VS,3YS022,ORANGE LINEN BAG,151383,LAUNDRY - BAG LINEN ORANGE 2014,LAU,EA,185,1,1.969,1.97
BGI3,4/1/2025,78,SI011704,Y,VS,3YS023,LINEN TABLECLOTH,3526,LAUNDRY - TABLE CLOTH/RUNNER 2014,LAU,EA,185,20,0.652,13.04
BGI3,4/1/2025,78,SI011704,Y,VS,3YS024,LINEN NAPKINS,3527,LAUNDRY - LINEN FOLDED NAPKIN 2014,LAU,EA,185,55,0.522,28.71
BGI3,4/1/2025,78,SI011704,Y,VS,3YS032,145995-EQUIP PK - STORES 300,145995,PACKING - FLIGHT PACKING - A330-300,SER,EA,185,1,167.95,167.95
BGI3,4/1/2025,78,SI011704,Y,VS,3YS035,145991-TRANS.- HANDLING 33J,145991,TURNAROUND - STRIP - LOAD - A330-300 - 3 FLIGHTS,SER,EA,185,1,483.897,483.9
BGI3,4/1/2025,78,SI011704,Y,VS,3YS036,145994- WASH UP A330-300,145994,WASH UP - WASH UP - A330-900,SER,EA,185,1,391.843,391.84
BGI3,4/1/2025,78,SI011704,Y,VS,3YS038,17.5% VAT ON LAUNDRY CHRG 33J,51069SALE,SALES TAX - LAUNDRY,VAT,EA,185,1,10.961,10.96
BGI3,4/1/2025,78,SI011704,Y,VS,3YS063,25137-CUTLERY WRAP 1ST SERV 33,25137,PACKING - CUTLERY WRAPPING FIRST SERVICE - A330-30,SER,EA,185,1,8.435,8.44
BGI3,4/1/2025,78,SI011704,Y,VS,3YS064,33819-CUTLERY WRAP 2ND SERV 33,33819,PACKING - CUTLERY WRAPPING SECOND SERVICE - A330-3,SER,EA,185,1,8.435,8.44
BGI3,4/1/2025,78,SI011704,Y,VS,3YS071,32673-CULT WASH-PL 1SER 300,32673,PACKING - CUTLERY WASHUP - POLISHING FIRST SERVICE,SER,EA,185,1,27.272,27.27
BGI3,4/1/2025,78,SI011704,Y,VS,3YS072,33141-CULT WASH-PL 2SER 300,33141,PACKING - CUTLERY WASHUP - POLISHING SECOND SERVIC,SER,EA,185,1,18.363,18.36
BGI3,4/1/2025,78,SI011704,Y,VS,FAN17,19382-MILK 100% [Y],19382,FULL FAT MILK - PINT,STO,EA,185,2,4.805,9.61
BGI3,4/1/2025,78,SI011704,Y,VS,FAN18,19384- MILK 2% [Y],19384,SEMI SKIMMED MILK - PINT,STO,EA,185,4,4.805,19.22
BGI3,4/1/2025,78,SI011704,Y,VS,FAN19,7042-LEMON HALVES [Y],7042,LIME WEDGES,FOO,EA,185,8,5.125,41
BGI3,4/1/2025,78,SI011704,Y,VS,FAN20,19380- WET ICE [6LB BAG] [Y],19380,WET ICE,WET,EA,185,8,2.942,23.54
BGI3,4/1/2025,78,SI011704,Y,VS,YBE11,174148-BREAKFAST BOX,174148,,,EA,185,168,8.412,1413.22
BGI3,4/1/2025,78,SI011704,Y,VS,YPAX03,23240- PER PASSENGER CHARGE[Y],23240,OVERHEAD - Y PAX OVERHEAD - PER PAX,SER,EA,185,180,13.856,2494.08
BGI3,4/1/2025,78,SI011704,YC,VS,2CE069, COCO CURRY,LO8708,WILD RICE COCONUT CURRY SAUCE VEG,FOO,EA,12,3,6.438,19.31
BGI3,4/1/2025,78,SI011704,YC,VS,2CE070,LO8709 - GARLIC MASH CHIX THIG,LO8709,GARLIC MASH SEARED CHIX GREEN PEPPERCORN SAUCE,FOO,EA,12,3,10.838,32.51
BGI3,4/1/2025,78,SI011704,YC,VS,2CE071,LO8710 - MAHI W GARL ORZO PAS,LO8710,SEARED MAHI ORZO PASTA CREOLE SAUCE VEG,FOO,EA,12,2,12.378,24.76
BGI3,4/1/2025,78,SI011704,YC,VS,2CE072,LO8711 - PORKLOIN W PO GRATIN,LO8711,SEARED PORK POTATO GRATIN VEG,FOO,EA,12,2,13.84,27.68
BGI3,4/1/2025,78,SI011704,YC,VS,2CE073,LO8712 - CHEESE RAVIOLI,LO8712,CHEESE RAVIOLI,FOO,EA,12,2,8.718,17.44
BGI3,4/1/2025,78,SI011704,YC,VS,2CFF11,LO4110-WHOLE FRUIT 1,LO4110,SEASONAL WHOLE FRUIT OPTION 1,FOO,EA,12,6,4.622,27.73
BGI3,4/1/2025,78,SI011704,YC,VS,2CFS44,LO5113- EGG SALAD SANDWICH,LO5113,EGG SALAD SANDWICH,FOO,EA,12,3,5.374,16.12
BGI3,4/1/2025,78,SI011704,YC,VS,2CFS45,LO5115- TUNASALAD SANDWICH,LO5115,TUNA SALAD SANDWICH,FOO,EA,12,2,6.734,13.47
BGI3,4/1/2025,78,SI011704,YC,VS,2CFS49,LO5119- BAP - STREAKY BACON,LO5119,SCOTTISH BAP WITH BACON,FOO,EA,12,4,4.866,19.46
BGI3,4/1/2025,78,SI011704,YC,VS,2CFS52,LO5368- PLAIN BAGEL -PC CR CH,LO5368,PLAIN BAGEL WITH PC CREAM CHEESE,FOO,EA,12,4,4.086,16.34
BGI3,4/1/2025,78,SI011704,YC,VS,2CFS77,LO8713 - HAM SANDWICH,LO8713,HAM SANDWICH,FOO,EA,12,3,7.734,23.2
BGI3,4/1/2025,78,SI011704,YC,VS,2CFS78,LO8714 - CHEESE TOMATO WRAP,LO8714,CHEESE TOMATO CUCUMBER WRAP,FOO,EA,12,2,6.694,13.39
BGI3,4/1/2025,78,SI011704,YC,VS,2CFS79,LO8715 - CHICKEN CHEESE BAGEL,LO8715,CHICKEN AND CHEESE BAGEL,FOO,EA,12,2,5.014,10.03
BGI3,4/1/2025,78,SI011704,YC,VS,2CFS80,LO8716 - TURKEY SANDWICH,LO8716,TURKEY SANDWICH,FOO,EA,12,4,7.896,31.58
BGI3,4/1/2025,78,SI011704,YC,VS,2CFS81, CHUTNE,LO8718,TILLAMOOK CHEESE CARR TROPICAL CHUTNEY,FOO,EA,12,6,6.788,40.73
BGI3,4/1/2025,78,SI011704,YC,VS,2CFS82,LO8717 - PROTEIN POT W OLIVES,LO8717,PUMPKIN HUMMUS C CHEESE BLACK OLIVES PITTA BREAD T,FOO,EA,12,6,6.904,41.42
BGI3,4/1/2025,78,SI011704,YC,VS,CPAX02,28728- C CREW SVC CHARGE,28728,OVERHEAD - CC OVERHEAD - PER PAX,SER,EA,12,12,25.48,305.76
BGI3,4/1/2025,132,SI011705,F,VS,1FCH02,SP124543 - CHILD MEAL [F/C],SP124543,CHML,FOO,EA,44,1,29.908,29.91
BGI3,4/1/2025,132,SI011705,F,VS,FAN12,19381- MILK 100%,19381,FULL FAT MILK - PINT,STO,EA,44,5,4.805,24.03
BGI3,4/1/2025,132,SI011705,F,VS,FAN13,19383- MILK 2%,19383,SEMI SKIMMED MILK - PINT,STO,EA,44,2,4.805,9.61
BGI3,4/1/2025,132,SI011705,F,VS,FAN14,19385-LEMON HALVES,19385,LEMON WEDGES,FOO,EA,44,3,5.125,15.38
BGI3,4/1/2025,132,SI011705,F,VS,FAN21,19379-WET ICE[6LB BAG],19379,WET ICE,WET,EA,44,6,2.942,17.65
BGI3,4/1/2025,132,SI011705,F,VS,FAN30,7041- LIME WEDGES,7041,LIME WEDGES,FOO,EA,44,2,4.78,9.56
BGI3,4/1/2025,132,SI011705,F,VS,FPAX04,23234-PER PASSENGER CHARGE,23234,OVERHEAD - J PAX OVERHEAD - PER PAX,SER,EA,44,44,36.774,1618.06
BGI3,4/1/2025,132,SI011705,J,VS,1JCH03,SP124631 - CHILD MEAL [J/C],SP124631,CHML,FOO,EA,56,3,14.622,43.87
BGI3,4/1/2025,132,SI011705,J,VS,1JGF01,SP124628 - GFML [J/C],SP124628,GFML,FOO,EA,56,1,22.504,22.5
BGI3,4/1/2025,132,SI011705,J,VS,1JVL01,SP124620 - VLML [J/C],SP124620,VLML,FOO,EA,56,1,12.174,12.17
BGI3,4/1/2025,132,SI011705,J,VS,JDT33,LO2622- TRAY SET MM,LO2622,TRAY SET UP,SER,EA,56,51,16.138,823.04
BGI3,4/1/2025,132,SI011705,J,VS,JPAX02,23237-PER PASSENGER CHARGE,23237,OVERHEAD - W PAX OVERHEAD - PER PAX,SER,EA,56,54,16.939,914.71
BGI3,4/1/2025,132,SI011705,Y,VS,1YAV01,SP124700- AVML [Y/C],SP124700,AVML,FOO,EA,235,3,15.115,45.35
BGI3,4/1/2025,132,SI011705,Y,VS,1YCH04,SP124709- CHML [Y/C],SP124709,CHML,FOO,EA,235,15,14.622,219.33
BGI3,4/1/2025,132,SI011705,Y,VS,1YGF01,SP124706 - GFML [Y/C],SP124706,GFML,FOO,EA,235,3,22.504,67.51
BGI3,4/1/2025,132,SI011705,Y,VS,1YNL01,SP124712 - NLML [Y/C],SP124712,NLML,FOO,EA,235,1,22.504,22.5
BGI3,4/1/2025,132,SI011705,Y,VS,1YSP03,SP124701 - JAIN [Y/C],SP124701,VJML,FOO,EA,235,1,16.278,16.28
BGI3,4/1/2025,132,SI011705,Y,VS,1YVL01,SP124698- VLML [Y/C],SP124698,VLML,FOO,EA,235,5,12.154,60.77
BGI3,4/1/2025,132,SI011705,Y,VS,3YDS01,3354- ORANGE JUICE-1LT,3354,BEVERAGES - ORANGE JUICE - 1 LT,STO,EA,235,23,2.124,48.85
BGI3,4/1/2025,132,SI011705,Y,VS,3YDS02,3335-TOMATO JUICE 1LT,3335,BEVERAGES - TOMATO JUICE - 1 LT,STO,EA,235,2,4.057,8.11
BGI3,4/1/2025,132,SI011705,Y,VS,3YDS03,3376-CRANBERRY JUICE,3376,BEVERAGES - CRANBERRY JUICE - 1 LT,STO,EA,235,1,5.101,5.1
BGI3,4/1/2025,132,SI011705,Y,VS,3YDS04,3353-APPLE JUICE 1LTR,3353,BEVERAGES - APPLE JUICE - 1 LT,STO,EA,235,15,2.124,31.86
BGI3,4/1/2025,132,SI011705,Y,VS,3YDS06,3476-MINERAL WATER 1.5LT,3476,BEVERAGES - MINERAL WATER STILL - 1 LT,STO,EA,235,81,2.36,191.16
BGI3,4/1/2025,132,SI011705,Y,VS,3YDS07,33169-SPARKLING WATER 1LT,33169,BEVERAGES - MINERAL WATER SPARK - 1 LT,STO,EA,235,9,3.274,29.47
BGI3,4/1/2025,132,SI011705,Y,VS,3YDS11,213774-PLASTIC BAG,213774,EQUIPMENT - BAG- PLASTIC BAG,EQU,EA,235,2,0.368,0.74
BGI3,4/1/2025,132,SI011705,Y,VS,3YS022,ORANGE LINEN BAG,151383,LAUNDRY - BAG LINEN ORANGE 2014,LAU,EA,235,2,1.969,3.94
BGI3,4/1/2025,132,SI011705,Y,VS,3YS024,LINEN NAPKINS,3527,LAUNDRY - LINEN FOLDED NAPKIN 2014,LAU,EA,235,128,0.522,66.82
BGI3,4/1/2025,132,SI011705,Y,VS,3YS032,145995-EQUIP PK - STORES 300,145995,PACKING - FLIGHT PACKING - A330-300,SER,EA,235,1,167.95,167.95
BGI3,4/1/2025,132,SI011705,Y,VS,3YS035,145991-TRANS.- HANDLING 33J,145991,TURNAROUND - STRIP - LOAD - A330-300 - 3 FLIGHTS,SER,EA,235,1,483.897,483.9
BGI3,4/1/2025,132,SI011705,Y,VS,3YS036,145994- WASH UP A330-300,145994,WASH UP - WASH UP - A330-900,SER,EA,235,1,391.843,391.84
BGI3,4/1/2025,132,SI011705,Y,VS,3YS038,17.5% VAT ON LAUNDRY CHRG 33J,51069SALE,SALES TAX - LAUNDRY,VAT,EA,235,1,10.961,10.96
BGI3,4/1/2025,132,SI011705,Y,VS,3YS063,25137-CUTLERY WRAP 1ST SERV 33,25137,PACKING - CUTLERY WRAPPING FIRST SERVICE - A330-30,SER,EA,235,1,8.435,8.44
BGI3,4/1/2025,132,SI011705,Y,VS,3YS064,33819-CUTLERY WRAP 2ND SERV 33,33819,PACKING - CUTLERY WRAPPING SECOND SERVICE - A330-3,SER,EA,235,1,8.435,8.44
BGI3,4/1/2025,132,SI011705,Y,VS,3YS071,32673-CULT WASH-PL 1SER 300,32673,PACKING - CUTLERY WASHUP - POLISHING FIRST SERVICE,SER,EA,235,1,27.272,27.27
BGI3,4/1/2025,132,SI011705,Y,VS,3YS072,33141-CULT WASH-PL 2SER 300,33141,PACKING - CUTLERY WASHUP - POLISHING SECOND SERVIC,SER,EA,235,1,18.363,18.36
BGI3,4/1/2025,132,SI011705,Y,VS,FAN17,19382-MILK 100% [Y],19382,FULL FAT MILK - PINT,STO,EA,235,2,4.805,9.61
BGI3,4/1/2025,132,SI011705,Y,VS,FAN18,19384- MILK 2% [Y],19384,SEMI SKIMMED MILK - PINT,STO,EA,235,4,4.805,19.22
BGI3,4/1/2025,132,SI011705,Y,VS,FAN19,7042-LEMON HALVES [Y],7042,LIME WEDGES,FOO,EA,235,10,5.125,51.25
BGI3,4/1/2025,132,SI011705,Y,VS,FAN20,19380- WET ICE [6LB BAG] [Y],19380,WET ICE,WET,EA,235,10,2.942,29.42
BGI3,4/1/2025,132,SI011705,Y,VS,YBE11,174148-BREAKFAST BOX,174148,,,EA,235,207,8.412,1741.28
BGI3,4/1/2025,132,SI011705,Y,VS,YPAX03,23240- PER PASSENGER CHARGE[Y],23240,OVERHEAD - Y PAX OVERHEAD - PER PAX,SER,EA,235,234,13.856,3242.3
BGI3,4/1/2025,132,SI011705,YC,VS,2CE069, COCO CURRY,LO8708,WILD RICE COCONUT CURRY SAUCE VEG,FOO,EA,12,3,6.438,19.31
BGI3,4/1/2025,132,SI011705,YC,VS,2CE070,LO8709 - GARLIC MASH CHIX THIG,LO8709,GARLIC MASH SEARED CHIX GREEN PEPPERCORN SAUCE,FOO,EA,12,3,10.838,32.51
BGI3,4/1/2025,132,SI011705,YC,VS,2CE071,LO8710 - MAHI W GARL ORZO PAS,LO8710,SEARED MAHI ORZO PASTA CREOLE SAUCE VEG,FOO,EA,12,2,12.378,24.76
BGI3,4/1/2025,132,SI011705,YC,VS,2CE072,LO8711 - PORKLOIN W PO GRATIN,LO8711,SEARED PORK POTATO GRATIN VEG,FOO,EA,12,2,13.84,27.68
BGI3,4/1/2025,132,SI011705,YC,VS,2CE073,LO8712 - CHEESE RAVIOLI,LO8712,CHEESE RAVIOLI,FOO,EA,12,2,8.718,17.44
BGI3,4/1/2025,132,SI011705,YC,VS,2CFF11,LO4110-WHOLE FRUIT 1,LO4110,SEASONAL WHOLE FRUIT OPTION 1,FOO,EA,12,6,4.622,27.73
BGI3,4/1/2025,132,SI011705,YC,VS,2CFS44,LO5113- EGG SALAD SANDWICH,LO5113,EGG SALAD SANDWICH,FOO,EA,12,3,5.374,16.12
BGI3,4/1/2025,132,SI011705,YC,VS,2CFS45,LO5115- TUNASALAD SANDWICH,LO5115,TUNA SALAD SANDWICH,FOO,EA,12,2,6.734,13.47
BGI3,4/1/2025,132,SI011705,YC,VS,2CFS49,LO5119- BAP - STREAKY BACON,LO5119,SCOTTISH BAP WITH BACON,FOO,EA,12,4,4.866,19.46
BGI3,4/1/2025,132,SI011705,YC,VS,2CFS52,LO5368- PLAIN BAGEL -PC CR CH,LO5368,PLAIN BAGEL WITH PC CREAM CHEESE,FOO,EA,12,4,4.086,16.34
BGI3,4/1/2025,132,SI011705,YC,VS,2CFS77,LO8713 - HAM SANDWICH,LO8713,HAM SANDWICH,FOO,EA,12,3,7.734,23.2
BGI3,4/1/2025,132,SI011705,YC,VS,2CFS78,LO8714 - CHEESE TOMATO WRAP,LO8714,CHEESE TOMATO CUCUMBER WRAP,FOO,EA,12,2,6.694,13.39
BGI3,4/1/2025,132,SI011705,YC,VS,2CFS79,LO8715 - CHICKEN CHEESE BAGEL,LO8715,CHICKEN AND CHEESE BAGEL,FOO,EA,12,2,5.014,10.03
BGI3,4/1/2025,132,SI011705,YC,VS,2CFS80,LO8716 - TURKEY SANDWICH,LO8716,TURKEY SANDWICH,FOO,EA,12,4,7.896,31.58
BGI3,4/1/2025,132,SI011705,YC,VS,2CFS81, CHUTNE,LO8718,TILLAMOOK CHEESE CARR TROPICAL CHUTNEY,FOO,EA,12,6,6.788,40.73
BGI3,4/1/2025,132,SI011705,YC,VS,2CFS82,LO8717 - PROTEIN POT W OLIVES,LO8717,PUMPKIN HUMMUS C CHEESE BLACK OLIVES PITTA BREAD T,FOO,EA,12,6,6.904,41.42
BGI3,4/1/2025,132,SI011705,YC,VS,CPAX02,28728- C CREW SVC CHARGE,28728,OVERHEAD - CC OVERHEAD - PER PAX,SER,EA,12,12,25.48,305.76
BGI3,4/1/2025,187A,SI011701,J,VS,JSN05,LO7135 - ORIGINAL SHIRLEY,LO7135,ORIGINAL SHIRLEY BISCUIT,STO,EA,22,22,1.096,24.11
BGI3,4/1/2025,187A,SI011701,Y,VS,3YS035,145991-TRANS.- HANDLING 33J,145991,TURNAROUND - STRIP - LOAD - A330-300 - 3 FLIGHTS,SER,EA,93,1,483.897,483.9
BGI3,4/1/2025,188,SI011703,F,VS,1FGF01,SP124540- GFML [F/C],SP124540,GFML,FOO,EA,31,1,31.461,31.46
BGI3,4/1/2025,188,SI011703,F,VS,FAN12,19381- MILK 100%,19381,FULL FAT MILK - PINT,STO,EA,31,4,4.805,19.22
BGI3,4/1/2025,188,SI011703,F,VS,FAN13,19383- MILK 2%,19383,SEMI SKIMMED MILK - PINT,STO,EA,31,2,4.805,9.61
BGI3,4/1/2025,188,SI011703,F,VS,FAN14,19385-LEMON HALVES,19385,LEMON WEDGES,FOO,EA,31,2,5.125,10.25
BGI3,4/1/2025,188,SI011703,F,VS,FAN21,19379-WET ICE[6LB BAG],19379,WET ICE,WET,EA,31,4,2.942,11.77
BGI3,4/1/2025,188,SI011703,F,VS,FAN30,7041- LIME WEDGES,7041,LIME WEDGES,FOO,EA,31,2,4.78,9.56
BGI3,4/1/2025,188,SI011703,F,VS,FPAX04,23234-PER PASSENGER CHARGE,23234,OVERHEAD - J PAX OVERHEAD - PER PAX,SER,EA,31,31,36.774,1139.99
BGI3,4/1/2025,188,SI011703,J,VS,1JCH03,SP124631 - CHILD MEAL [J/C],SP124631,CHML,FOO,EA,48,2,14.622,29.24
BGI3,4/1/2025,188,SI011703,J,VS,1JGF01,SP124628 - GFML [J/C],SP124628,GFML,FOO,EA,48,1,22.504,22.5
BGI3,4/1/2025,188,SI011703,J,VS,JDT33,LO2622- TRAY SET MM,LO2622,TRAY SET UP,SER,EA,48,45,16.138,726.21
BGI3,4/1/2025,188,SI011703,J,VS,JPAX02,23237-PER PASSENGER CHARGE,23237,OVERHEAD - W PAX OVERHEAD - PER PAX,SER,EA,48,48,16.939,813.07
BGI3,4/1/2025,188,SI011703,Y,VS,1YAV01,SP124700- AVML [Y/C],SP124700,AVML,FOO,EA,185,2,15.115,30.23
BGI3,4/1/2025,188,SI011703,Y,VS,1YCH04,SP124709- CHML [Y/C],SP124709,CHML,FOO,EA,185,13,14.622,190.09
BGI3,4/1/2025,188,SI011703,Y,VS,1YGF01,SP124706 - GFML [Y/C],SP124706,GFML,FOO,EA,185,1,22.504,22.5
BGI3,4/1/2025,188,SI011703,Y,VS,1YMO01,SP124702 - MOML [Y/C],SP124702,MOML,FOO,EA,185,1,12.154,12.15
BGI3,4/1/2025,188,SI011703,Y,VS,1YNL01,SP124712 - NLML [Y/C],SP124712,NLML,FOO,EA,185,2,22.504,45.01
BGI3,4/1/2025,188,SI011703,Y,VS,1YVG01,SP124699- VGML [Y/C],SP124699,VGML,FOO,EA,185,3,14.694,44.08
BGI3,4/1/2025,188,SI011703,Y,VS,1YVL01,SP124698- VLML [Y/C],SP124698,VLML,FOO,EA,185,3,12.154,36.46
BGI3,4/1/2025,188,SI011703,Y,VS,3YDS01,3354- ORANGE JUICE-1LT,3354,BEVERAGES - ORANGE JUICE - 1 LT,STO,EA,185,29,2.124,61.6
BGI3,4/1/2025,188,SI011703,Y,VS,3YDS02,3335-TOMATO JUICE 1LT,3335,BEVERAGES - TOMATO JUICE - 1 LT,STO,EA,185,1,4.057,4.06
BGI3,4/1/2025,188,SI011703,Y,VS,3YDS03,3376-CRANBERRY JUICE,3376,BEVERAGES - CRANBERRY JUICE - 1 LT,STO,EA,185,2,5.101,10.2
BGI3,4/1/2025,188,SI011703,Y,VS,3YDS04,3353-APPLE JUICE 1LTR,3353,BEVERAGES - APPLE JUICE - 1 LT,STO,EA,185,17,2.124,36.11
BGI3,4/1/2025,188,SI011703,Y,VS,3YDS06,3476-MINERAL WATER 1.5LT,3476,BEVERAGES - MINERAL WATER STILL - 1 LT,STO,EA,185,48,2.36,113.28
BGI3,4/1/2025,188,SI011703,Y,VS,3YDS07,33169-SPARKLING WATER 1LT,33169,BEVERAGES - MINERAL WATER SPARK - 1 LT,STO,EA,185,14,3.274,45.84
BGI3,4/1/2025,188,SI011703,Y,VS,3YDS11,213774-PLASTIC BAG,213774,EQUIPMENT - BAG- PLASTIC BAG,EQU,EA,185,1,0.368,0.37
BGI3,4/1/2025,188,SI011703,Y,VS,3YS022,ORANGE LINEN BAG,151383,LAUNDRY - BAG LINEN ORANGE 2014,LAU,EA,185,1,1.969,1.97
BGI3,4/1/2025,188,SI011703,Y,VS,3YS023,LINEN TABLECLOTH,3526,LAUNDRY - TABLE CLOTH/RUNNER 2014,LAU,EA,185,33,0.652,21.52
BGI3,4/1/2025,188,SI011703,Y,VS,3YS024,LINEN NAPKINS,3527,LAUNDRY - LINEN FOLDED NAPKIN 2014,LAU,EA,185,75,0.522,39.15
BGI3,4/1/2025,188,SI011703,Y,VS,3YS032,145995-EQUIP PK - STORES 300,145995,PACKING - FLIGHT PACKING - A330-300,SER,EA,185,1,167.95,167.95
BGI3,4/1/2025,188,SI011703,Y,VS,3YS035,145991-TRANS.- HANDLING 33J,145991,TURNAROUND - STRIP - LOAD - A330-300 - 3 FLIGHTS,SER,EA,185,1,483.897,483.9
BGI3,4/1/2025,188,SI011703,Y,VS,3YS036,145994- WASH UP A330-300,145994,WASH UP - WASH UP - A330-900,SER,EA,185,1,391.843,391.84
BGI3,4/1/2025,188,SI011703,Y,VS,3YS038,17.5% VAT ON LAUNDRY CHRG 33J,51069SALE,SALES TAX - LAUNDRY,VAT,EA,185,1,10.961,10.96
BGI3,4/1/2025,188,SI011703,Y,VS,3YS063,25137-CUTLERY WRAP 1ST SERV 33,25137,PACKING - CUTLERY WRAPPING FIRST SERVICE - A330-30,SER,EA,185,1,8.435,8.44
BGI3,4/1/2025,188,SI011703,Y,VS,3YS064,33819-CUTLERY WRAP 2ND SERV 33,33819,PACKING - CUTLERY WRAPPING SECOND SERVICE - A330-3,SER,EA,185,1,8.435,8.44
BGI3,4/1/2025,188,SI011703,Y,VS,3YS071,32673-CULT WASH-PL 1SER 300,32673,PACKING - CUTLERY WASHUP - POLISHING FIRST SERVICE,SER,EA,185,1,27.272,27.27
BGI3,4/1/2025,188,SI011703,Y,VS,3YS072,33141-CULT WASH-PL 2SER 300,33141,PACKING - CUTLERY WASHUP - POLISHING SECOND SERVIC,SER,EA,185,1,18.363,18.36
BGI3,4/1/2025,188,SI011703,Y,VS,FAN17,19382-MILK 100% [Y],19382,FULL FAT MILK - PINT,STO,EA,185,2,4.805,9.61
BGI3,4/1/2025,188,SI011703,Y,VS,FAN18,19384- MILK 2% [Y],19384,SEMI SKIMMED MILK - PINT,STO,EA,185,4,4.805,19.22
BGI3,4/1/2025,188,SI011703,Y,VS,FAN19,7042-LEMON HALVES [Y],7042,LIME WEDGES,FOO,EA,185,8,5.125,41
BGI3,4/1/2025,188,SI011703,Y,VS,FAN20,19380- WET ICE [6LB BAG] [Y],19380,WET ICE,WET,EA,185,8,2.942,23.54
BGI3,4/1/2025,188,SI011703,Y,VS,YBE11,174148-BREAKFAST BOX,174148,,,EA,185,160,8.412,1345.92
BGI3,4/1/2025,188,SI011703,Y,VS,YPAX03,23240- PER PASSENGER CHARGE[Y],23240,OVERHEAD - Y PAX OVERHEAD - PER PAX,SER,EA,185,185,13.856,2563.36
BGI3,4/1/2025,188,SI011703,YC,VS,2CE067,LO8753 - ROASTED RAVOLI CHR,LO8753,,,EA,12,3,12.016,36.05
BGI3,4/1/2025,188,SI011703,YC,VS,2CE068,LO8754 - ROAST TURK ENTREE CHR,LO8754,,,EA,12,3,19.434,58.3
BGI3,4/1/2025,188,SI011703,YC,VS,2CFF11,LO4110-WHOLE FRUIT 1,LO4110,SEASONAL WHOLE FRUIT OPTION 1,FOO,EA,12,6,4.622,27.73
BGI3,4/1/2025,188,SI011703,YC,VS,CPAX02,28728- C CREW SVC CHARGE,28728,OVERHEAD - CC OVERHEAD - PER PAX,SER,EA,12,12,25.48,305.76
BGI3,4/1/2025,188A,SI011702,J,VS,JSN05,LO7135 - ORIGINAL SHIRLEY,LO7135,ORIGINAL SHIRLEY BISCUIT,STO,EA,9,9,1.096,9.86
BGI3,5/1/2025,197,SI011706,J,VS,JSN05,LO7135 - ORIGINAL SHIRLEY,LO7135,ORIGINAL SHIRLEY BISCUIT,STO,EA,22,22,1.096,24.11
BGI3,5/1/2025,197,SI011706,Y,VS,3YS035,145991-TRANS.- HANDLING 33J,145991,TURNAROUND - STRIP - LOAD - A330-300 - 3 FLIGHTS,SER,EA,143,1,483.897,483.9
BGI3,5/1/2025,198,SI011708,F,VS,1FCH02,SP124543 - CHILD MEAL [F/C],SP124543,CHML,FOO,EA,32,2,29.908,59.82
BGI3,5/1/2025,198,SI011708,F,VS,1FGF01,SP124540- GFML [F/C],SP124540,GFML,FOO,EA,32,1,31.461,31.46
BGI3,5/1/2025,198,SI011708,F,VS,1FVL01,SP124532 - VLML [F/C],SP124532,VLML,FOO,EA,32,1,33.728,33.73
BGI3,5/1/2025,198,SI011708,F,VS,FAN12,19381- MILK 100%,19381,FULL FAT MILK - PINT,STO,EA,32,4,4.805,19.22
BGI3,5/1/2025,198,SI011708,F,VS,FAN13,19383- MILK 2%,19383,SEMI SKIMMED MILK - PINT,STO,EA,32,2,4.805,9.61
BGI3,5/1/2025,198,SI011708,F,VS,FAN14,19385-LEMON HALVES,19385,LEMON WEDGES,FOO,EA,32,2,5.125,10.25
BGI3,5/1/2025,198,SI011708,F,VS,FAN21,19379-WET ICE[6LB BAG],19379,WET ICE,WET,EA,32,4,2.942,11.77
BGI3,5/1/2025,198,SI011708,F,VS,FAN30,7041- LIME WEDGES,7041,LIME WEDGES,FOO,EA,32,2,4.78,9.56
BGI3,5/1/2025,198,SI011708,F,VS,FPAX04,23234-PER PASSENGER CHARGE,23234,OVERHEAD - J PAX OVERHEAD - PER PAX,SER,EA,32,32,36.774,1176.77
BGI3,5/1/2025,198,SI011708,J,VS,1JCH03,SP124631 - CHILD MEAL [J/C],SP124631,CHML,FOO,EA,46,1,14.622,14.62
BGI3,5/1/2025,198,SI011708,J,VS,JDT33,LO2622- TRAY SET MM,LO2622,TRAY SET UP,SER,EA,46,45,16.138,726.21
BGI3,5/1/2025,198,SI011708,J,VS,JPAX02,23237-PER PASSENGER CHARGE,23237,OVERHEAD - W PAX OVERHEAD - PER PAX,SER,EA,46,46,16.939,779.19
BGI3,5/1/2025,198,SI011708,Y,VS,1YAV01,SP124700- AVML [Y/C],SP124700,AVML,FOO,EA,184,2,15.115,30.23
BGI3,5/1/2025,198,SI011708,Y,VS,1YCH04,SP124709- CHML [Y/C],SP124709,CHML,FOO,EA,184,5,14.622,73.11
BGI3,5/1/2025,198,SI011708,Y,VS,1YMO01,SP124702 - MOML [Y/C],SP124702,MOML,FOO,EA,184,2,12.154,24.31
BGI3,5/1/2025,198,SI011708,Y,VS,1YVG01,SP124699- VGML [Y/C],SP124699,VGML,FOO,EA,184,1,14.694,14.69
BGI3,5/1/2025,198,SI011708,Y,VS,1YVL01,SP124698- VLML [Y/C],SP124698,VLML,FOO,EA,184,1,12.154,12.15
BGI3,5/1/2025,198,SI011708,Y,VS,3YDS01,3354- ORANGE JUICE-1LT,3354,BEVERAGES - ORANGE JUICE - 1 LT,STO,EA,184,28,2.124,59.47
BGI3,5/1/2025,198,SI011708,Y,VS,3YDS02,3335-TOMATO JUICE 1LT,3335,BEVERAGES - TOMATO JUICE - 1 LT,STO,EA,184,3,4.057,12.17
BGI3,5/1/2025,198,SI011708,Y,VS,3YDS03,3376-CRANBERRY JUICE,3376,BEVERAGES - CRANBERRY JUICE - 1 LT,STO,EA,184,3,5.101,15.3
BGI3,5/1/2025,198,SI011708,Y,VS,3YDS04,3353-APPLE JUICE 1LTR,3353,BEVERAGES - APPLE JUICE - 1 LT,STO,EA,184,17,2.124,36.11
BGI3,5/1/2025,198,SI011708,Y,VS,3YDS06,3476-MINERAL WATER 1.5LT,3476,BEVERAGES - MINERAL WATER STILL - 1 LT,STO,EA,184,54,2.36,127.44
BGI3,5/1/2025,198,SI011708,Y,VS,3YDS07,33169-SPARKLING WATER 1LT,33169,BEVERAGES - MINERAL WATER SPARK - 1 LT,STO,EA,184,13,3.274,42.56
BGI3,5/1/2025,198,SI011708,Y,VS,3YDS11,213774-PLASTIC BAG,213774,EQUIPMENT - BAG- PLASTIC BAG,EQU,EA,184,1,0.368,0.37
BGI3,5/1/2025,198,SI011708,Y,VS,3YS022,ORANGE LINEN BAG,151383,LAUNDRY - BAG LINEN ORANGE 2014,LAU,EA,184,1,1.969,1.97
BGI3,5/1/2025,198,SI011708,Y,VS,3YS023,LINEN TABLECLOTH,3526,LAUNDRY - TABLE CLOTH/RUNNER 2014,LAU,EA,184,33,0.652,21.52
BGI3,5/1/2025,198,SI011708,Y,VS,3YS024,LINEN NAPKINS,3527,LAUNDRY - LINEN FOLDED NAPKIN 2014,LAU,EA,184,75,0.522,39.15
BGI3,5/1/2025,198,SI011708,Y,VS,3YS032,145995-EQUIP PK - STORES 300,145995,PACKING - FLIGHT PACKING - A330-300,SER,EA,184,1,167.95,167.95
BGI3,5/1/2025,198,SI011708,Y,VS,3YS035,145991-TRANS.- HANDLING 33J,145991,TURNAROUND - STRIP - LOAD - A330-300 - 3 FLIGHTS,SER,EA,184,1,483.897,483.9
BGI3,5/1/2025,198,SI011708,Y,VS,3YS036,145994- WASH UP A330-300,145994,WASH UP - WASH UP - A330-900,SER,EA,184,1,391.843,391.84
BGI3,5/1/2025,198,SI011708,Y,VS,3YS038,17.5% VAT ON LAUNDRY CHRG 33J,51069SALE,SALES TAX - LAUNDRY,VAT,EA,184,1,10.961,10.96
BGI3,5/1/2025,198,SI011708,Y,VS,3YS063,25137-CUTLERY WRAP 1ST SERV 33,25137,PACKING - CUTLERY WRAPPING FIRST SERVICE - A330-30,SER,EA,184,1,8.435,8.44
BGI3,5/1/2025,198,SI011708,Y,VS,3YS064,33819-CUTLERY WRAP 2ND SERV 33,33819,PACKING - CUTLERY WRAPPING SECOND SERVICE - A330-3,SER,EA,184,1,8.435,8.44
BGI3,5/1/2025,198,SI011708,Y,VS,3YS071,32673-CULT WASH-PL 1SER 300,32673,PACKING - CUTLERY WASHUP - POLISHING FIRST SERVICE,SER,EA,184,1,27.272,27.27
BGI3,5/1/2025,198,SI011708,Y,VS,3YS072,33141-CULT WASH-PL 2SER 300,33141,PACKING - CUTLERY WASHUP - POLISHING SECOND SERVIC,SER,EA,184,1,18.363,18.36
BGI3,5/1/2025,198,SI011708,Y,VS,FAN17,19382-MILK 100% [Y],19382,FULL FAT MILK - PINT,STO,EA,184,2,4.805,9.61
BGI3,5/1/2025,198,SI011708,Y,VS,FAN18,19384- MILK 2% [Y],19384,SEMI SKIMMED MILK - PINT,STO,EA,184,4,4.805,19.22
BGI3,5/1/2025,198,SI011708,Y,VS,FAN19,7042-LEMON HALVES [Y],7042,LIME WEDGES,FOO,EA,184,8,5.125,41
BGI3,5/1/2025,198,SI011708,Y,VS,FAN20,19380- WET ICE [6LB BAG] [Y],19380,WET ICE,WET,EA,184,8,2.942,23.54
BGI3,5/1/2025,198,SI011708,Y,VS,YBE11,174148-BREAKFAST BOX,174148,,,EA,184,173,8.412,1455.28
BGI3,5/1/2025,198,SI011708,Y,VS,YPAX03,23240- PER PASSENGER CHARGE[Y],23240,OVERHEAD - Y PAX OVERHEAD - PER PAX,SER,EA,184,183,13.856,2535.65
BGI3,5/1/2025,198,SI011708,YC,VS,2CE069, COCO CURRY,LO8708,WILD RICE COCONUT CURRY SAUCE VEG,FOO,EA,12,3,6.438,19.31
BGI3,5/1/2025,198,SI011708,YC,VS,2CE070,LO8709 - GARLIC MASH CHIX THIG,LO8709,GARLIC MASH SEARED CHIX GREEN PEPPERCORN SAUCE,FOO,EA,12,3,10.838,32.51
BGI3,5/1/2025,198,SI011708,YC,VS,2CE071,LO8710 - MAHI W GARL ORZO PAS,LO8710,SEARED MAHI ORZO PASTA CREOLE SAUCE VEG,FOO,EA,12,2,12.378,24.76
BGI3,5/1/2025,198,SI011708,YC,VS,2CE072,LO8711 - PORKLOIN W PO GRATIN,LO8711,SEARED PORK POTATO GRATIN VEG,FOO,EA,12,2,13.84,27.68
BGI3,5/1/2025,198,SI011708,YC,VS,2CE073,LO8712 - CHEESE RAVIOLI,LO8712,CHEESE RAVIOLI,FOO,EA,12,2,8.718,17.44
BGI3,5/1/2025,198,SI011708,YC,VS,2CFF11,LO4110-WHOLE FRUIT 1,LO4110,SEASONAL WHOLE FRUIT OPTION 1,FOO,EA,12,6,4.622,27.73
BGI3,5/1/2025,198,SI011708,YC,VS,2CFS44,LO5113- EGG SALAD SANDWICH,LO5113,EGG SALAD SANDWICH,FOO,EA,12,3,5.374,16.12
BGI3,5/1/2025,198,SI011708,YC,VS,2CFS45,LO5115- TUNASALAD SANDWICH,LO5115,TUNA SALAD SANDWICH,FOO,EA,12,2,6.734,13.47
BGI3,5/1/2025,198,SI011708,YC,VS,2CFS49,LO5119- BAP - STREAKY BACON,LO5119,SCOTTISH BAP WITH BACON,FOO,EA,12,4,4.866,19.46
BGI3,5/1/2025,198,SI011708,YC,VS,2CFS52,LO5368- PLAIN BAGEL -PC CR CH,LO5368,PLAIN BAGEL WITH PC CREAM CHEESE,FOO,EA,12,4,4.086,16.34
BGI3,5/1/2025,198,SI011708,YC,VS,2CFS77,LO8713 - HAM SANDWICH,LO8713,HAM SANDWICH,FOO,EA,12,3,7.734,23.2
BGI3,5/1/2025,198,SI011708,YC,VS,2CFS78,LO8714 - CHEESE TOMATO WRAP,LO8714,CHEESE TOMATO CUCUMBER WRAP,FOO,EA,12,2,6.694,13.39
BGI3,5/1/2025,198,SI011708,YC,VS,2CFS79,LO8715 - CHICKEN CHEESE BAGEL,LO8715,CHICKEN AND CHEESE BAGEL,FOO,EA,12,2,5.014,10.03
BGI3,5/1/2025,198,SI011708,YC,VS,2CFS80,LO8716 - TURKEY SANDWICH,LO8716,TURKEY SANDWICH,FOO,EA,12,4,7.896,31.58
BGI3,5/1/2025,198,SI011708,YC,VS,2CFS81, CHUTNE,LO8718,TILLAMOOK CHEESE CARR TROPICAL CHUTNEY,FOO,EA,12,6,6.788,40.73
BGI3,5/1/2025,198,SI011708,YC,VS,2CFS82,LO8717 - PROTEIN POT W OLIVES,LO8717,PUMPKIN HUMMUS C CHEESE BLACK OLIVES PITTA BREAD T,FOO,EA,12,6,6.904,41.42
BGI3,5/1/2025,198,SI011708,YC,VS,CPAX02,28728- C CREW SVC CHARGE,28728,OVERHEAD - CC OVERHEAD - PER PAX,SER,EA,12,12,25.48,305.76
BGI3,5/1/2025,78,SI011710,F,VS,1FCH02,SP124543 - CHILD MEAL [F/C],SP124543,CHML,FOO,EA,31,4,29.908,119.63
BGI3,5/1/2025,78,SI011710,F,VS,FAN12,19381- MILK 100%,19381,FULL FAT MILK - PINT,STO,EA,31,4,4.805,19.22
BGI3,5/1/2025,78,SI011710,F,VS,FAN13,19383- MILK 2%,19383,SEMI SKIMMED MILK - PINT,STO,EA,31,2,4.805,9.61
BGI3,5/1/2025,78,SI011710,F,VS,FAN14,19385-LEMON HALVES,19385,LEMON WEDGES,FOO,EA,31,2,5.125,10.25
BGI3,5/1/2025,78,SI011710,F,VS,FAN21,19379-WET ICE[6LB BAG],19379,WET ICE,WET,EA,31,4,2.942,11.77
BGI3,5/1/2025,78,SI011710,F,VS,FAN30,7041- LIME WEDGES,7041,LIME WEDGES,FOO,EA,31,2,4.78,9.56
BGI3,5/1/2025,78,SI011710,F,VS,FPAX04,23234-PER PASSENGER CHARGE,23234,OVERHEAD - J PAX OVERHEAD - PER PAX,SER,EA,31,31,36.774,1139.99
BGI3,5/1/2025,78,SI011710,J,VS,1JAV01,SP124622 - AVML [J/C],SP124622,AVML,FOO,EA,48,1,15.115,15.12
BGI3,5/1/2025,78,SI011710,J,VS,1JCH03,SP124631 - CHILD MEAL [J/C],SP124631,CHML,FOO,EA,48,3,14.622,43.87
BGI3,5/1/2025,78,SI011710,J,VS,1JGF01,SP124628 - GFML [J/C],SP124628,GFML,FOO,EA,48,1,22.504,22.5
BGI3,5/1/2025,78,SI011710,J,VS,JDT33,LO2622- TRAY SET MM,LO2622,TRAY SET UP,SER,EA,48,43,16.138,693.93
BGI3,5/1/2025,78,SI011710,J,VS,JPAX02,23237-PER PASSENGER CHARGE,23237,OVERHEAD - W PAX OVERHEAD - PER PAX,SER,EA,48,48,16.939,813.07
BGI3,5/1/2025,78,SI011710,Y,VS,1YCH04,SP124709- CHML [Y/C],SP124709,CHML,FOO,EA,185,12,14.622,175.46
BGI3,5/1/2025,78,SI011710,Y,VS,1YGF01,SP124706 - GFML [Y/C],SP124706,GFML,FOO,EA,185,1,22.504,22.5
BGI3,5/1/2025,78,SI011710,Y,VS,1YHN01,SP124703 - HNML [Y/C],SP124703,HNML,FOO,EA,185,1,17.178,17.18
BGI3,5/1/2025,78,SI011710,Y,VS,1YVL01,SP124698- VLML [Y/C],SP124698,VLML,FOO,EA,185,2,12.154,24.31
BGI3,5/1/2025,78,SI011710,Y,VS,3YDS01,3354- ORANGE JUICE-1LT,3354,BEVERAGES - ORANGE JUICE - 1 LT,STO,EA,185,29,2.124,61.6
BGI3,5/1/2025,78,SI011710,Y,VS,3YDS02,3335-TOMATO JUICE 1LT,3335,BEVERAGES - TOMATO JUICE - 1 LT,STO,EA,185,1,4.057,4.06
BGI3,5/1/2025,78,SI011710,Y,VS,3YDS03,3376-CRANBERRY JUICE,3376,BEVERAGES - CRANBERRY JUICE - 1 LT,STO,EA,185,2,5.101,10.2
BGI3,5/1/2025,78,SI011710,Y,VS,3YDS04,3353-APPLE JUICE 1LTR,3353,BEVERAGES - APPLE JUICE - 1 LT,STO,EA,185,17,2.124,36.11
BGI3,5/1/2025,78,SI011710,Y,VS,3YDS06,3476-MINERAL WATER 1.5LT,3476,BEVERAGES - MINERAL WATER STILL - 1 LT,STO,EA,185,42,2.36,99.12
BGI3,5/1/2025,78,SI011710,Y,VS,3YDS07,33169-SPARKLING WATER 1LT,33169,BEVERAGES - MINERAL WATER SPARK - 1 LT,STO,EA,185,14,3.274,45.84
BGI3,5/1/2025,78,SI011710,Y,VS,3YDS11,213774-PLASTIC BAG,213774,EQUIPMENT - BAG- PLASTIC BAG,EQU,EA,185,1,0.368,0.37
BGI3,5/1/2025,78,SI011710,Y,VS,3YS022,ORANGE LINEN BAG,151383,LAUNDRY - BAG LINEN ORANGE 2014,LAU,EA,185,1,1.969,1.97
BGI3,5/1/2025,78,SI011710,Y,VS,3YS023,LINEN TABLECLOTH,3526,LAUNDRY - TABLE CLOTH/RUNNER 2014,LAU,EA,185,20,0.652,13.04
BGI3,5/1/2025,78,SI011710,Y,VS,3YS024,LINEN NAPKINS,3527,LAUNDRY - LINEN FOLDED NAPKIN 2014,LAU,EA,185,55,0.522,28.71
BGI3,5/1/2025,78,SI011710,Y,VS,3YS032,145995-EQUIP PK - STORES 300,145995,PACKING - FLIGHT PACKING - A330-300,SER,EA,185,1,167.95,167.95
BGI3,5/1/2025,78,SI011710,Y,VS,3YS035,145991-TRANS.- HANDLING 33J,145991,TURNAROUND - STRIP - LOAD - A330-300 - 3 FLIGHTS,SER,EA,185,1,483.897,483.9
BGI3,5/1/2025,78,SI011710,Y,VS,3YS036,145994- WASH UP A330-300,145994,WASH UP - WASH UP - A330-900,SER,EA,185,1,391.843,391.84
BGI3,5/1/2025,78,SI011710,Y,VS,3YS038,17.5% VAT ON LAUNDRY CHRG 33J,51069SALE,SALES TAX - LAUNDRY,VAT,EA,185,1,10.961,10.96
BGI3,5/1/2025,78,SI011710,Y,VS,3YS063,25137-CUTLERY WRAP 1ST SERV 33,25137,PACKING - CUTLERY WRAPPING FIRST SERVICE - A330-30,SER,EA,185,1,8.435,8.44
BGI3,5/1/2025,78,SI011710,Y,VS,3YS064,33819-CUTLERY WRAP 2ND SERV 33,33819,PACKING - CUTLERY WRAPPING SECOND SERVICE - A330-3,SER,EA,185,1,8.435,8.44
BGI3,5/1/2025,78,SI011710,Y,VS,3YS071,32673-CULT WASH-PL 1SER 300,32673,PACKING - CUTLERY WASHUP - POLISHING FIRST SERVICE,SER,EA,185,1,27.272,27.27
BGI3,5/1/2025,78,SI011710,Y,VS,3YS072,33141-CULT WASH-PL 2SER 300,33141,PACKING - CUTLERY WASHUP - POLISHING SECOND SERVIC,SER,EA,185,1,18.363,18.36
BGI3,5/1/2025,78,SI011710,Y,VS,FAN17,19382-MILK 100% [Y],19382,FULL FAT MILK - PINT,STO,EA,185,2,4.805,9.61
BGI3,5/1/2025,78,SI011710,Y,VS,FAN18,19384- MILK 2% [Y],19384,SEMI SKIMMED MILK - PINT,STO,EA,185,4,4.805,19.22
BGI3,5/1/2025,78,SI011710,Y,VS,FAN19,7042-LEMON HALVES [Y],7042,LIME WEDGES,FOO,EA,185,8,5.125,41
BGI3,5/1/2025,78,SI011710,Y,VS,FAN20,19380- WET ICE [6LB BAG] [Y],19380,WET ICE,WET,EA,185,8,2.942,23.54
BGI3,5/1/2025,78,SI011710,Y,VS,YBE11,174148-BREAKFAST BOX,174148,,,EA,185,169,8.412,1421.63
BGI3,5/1/2025,78,SI011710,Y,VS,YPAX03,23240- PER PASSENGER CHARGE[Y],23240,OVERHEAD - Y PAX OVERHEAD - PER PAX,SER,EA,185,185,13.856,2563.36
BGI3,5/1/2025,78,SI011710,YC,VS,2CE069, COCO CURRY,LO8708,WILD RICE COCONUT CURRY SAUCE VEG,FOO,EA,12,3,6.438,19.31
BGI3,5/1/2025,78,SI011710,YC,VS,2CE070,LO8709 - GARLIC MASH CHIX THIG,LO8709,GARLIC MASH SEARED CHIX GREEN PEPPERCORN SAUCE,FOO,EA,12,3,10.838,32.51
BGI3,5/1/2025,78,SI011710,YC,VS,2CE071,LO8710 - MAHI W GARL ORZO PAS,LO8710,SEARED MAHI ORZO PASTA CREOLE SAUCE VEG,FOO,EA,12,2,12.378,24.76
BGI3,5/1/2025,78,SI011710,YC,VS,2CE072,LO8711 - PORKLOIN W PO GRATIN,LO8711,SEARED PORK POTATO GRATIN VEG,FOO,EA,12,2,13.84,27.68
BGI3,5/1/2025,78,SI011710,YC,VS,2CE073,LO8712 - CHEESE RAVIOLI,LO8712,CHEESE RAVIOLI,FOO,EA,12,2,8.718,17.44
BGI3,5/1/2025,78,SI011710,YC,VS,2CFF11,LO4110-WHOLE FRUIT 1,LO4110,SEASONAL WHOLE FRUIT OPTION 1,FOO,EA,12,6,4.622,27.73
BGI3,5/1/2025,78,SI011710,YC,VS,2CFS44,LO5113- EGG SALAD SANDWICH,LO5113,EGG SALAD SANDWICH,FOO,EA,12,3,5.374,16.12
BGI3,5/1/2025,78,SI011710,YC,VS,2CFS45,LO5115- TUNASALAD SANDWICH,LO5115,TUNA SALAD SANDWICH,FOO,EA,12,2,6.734,13.47
BGI3,5/1/2025,78,SI011710,YC,VS,2CFS49,LO5119- BAP - STREAKY BACON,LO5119,SCOTTISH BAP WITH BACON,FOO,EA,12,4,4.866,19.46
BGI3,5/1/2025,78,SI011710,YC,VS,2CFS52,LO5368- PLAIN BAGEL -PC CR CH,LO5368,PLAIN BAGEL WITH PC CREAM CHEESE,FOO,EA,12,4,4.086,16.34
BGI3,5/1/2025,78,SI011710,YC,VS,2CFS77,LO8713 - HAM SANDWICH,LO8713,HAM SANDWICH,FOO,EA,12,3,7.734,23.2
BGI3,5/1/2025,78,SI011710,YC,VS,2CFS78,LO8714 - CHEESE TOMATO WRAP,LO8714,CHEESE TOMATO CUCUMBER WRAP,FOO,EA,12,2,6.694,13.39
BGI3,5/1/2025,78,SI011710,YC,VS,2CFS79,LO8715 - CHICKEN CHEESE BAGEL,LO8715,CHICKEN AND CHEESE BAGEL,FOO,EA,12,2,5.014,10.03
BGI3,5/1/2025,78,SI011710,YC,VS,2CFS80,LO8716 - TURKEY SANDWICH,LO8716,TURKEY SANDWICH,FOO,EA,12,4,7.896,31.58
BGI3,5/1/2025,78,SI011710,YC,VS,2CFS81, CHUTNE,LO8718,TILLAMOOK CHEESE CARR TROPICAL CHUTNEY,FOO,EA,12,6,6.788,40.73
BGI3,5/1/2025,78,SI011710,YC,VS,2CFS82,LO8717 - PROTEIN POT W OLIVES,LO8717,PUMPKIN HUMMUS C CHEESE BLACK OLIVES PITTA BREAD T,FOO,EA,12,6,6.904,41.42
BGI3,5/1/2025,78,SI011710,YC,VS,CPAX02,28728- C CREW SVC CHARGE,28728,OVERHEAD - CC OVERHEAD - PER PAX,SER,EA,12,12,25.48,305.76
BGI3,5/1/2025,132,SI011709,F,VS,1FCH02,SP124543 - CHILD MEAL [F/C],SP124543,CHML,FOO,EA,44,3,29.908,89.72
BGI3,5/1/2025,132,SI011709,F,VS,1FLF01,SP124538 - LFML [F/C],SP124538,LFML,FOO,EA,44,1,31.461,31.46
BGI3,5/1/2025,132,SI011709,F,VS,1FNL01,SP124546- NLML [F/C],SP124546,NLML,FOO,EA,44,1,31.461,31.46
BGI3,5/1/2025,132,SI011709,F,VS,FAN12,19381- MILK 100%,19381,FULL FAT MILK - PINT,STO,EA,44,5,4.805,24.03
BGI3,5/1/2025,132,SI011709,F,VS,FAN13,19383- MILK 2%,19383,SEMI SKIMMED MILK - PINT,STO,EA,44,2,4.805,9.61
BGI3,5/1/2025,132,SI011709,F,VS,FAN14,19385-LEMON HALVES,19385,LEMON WEDGES,FOO,EA,44,3,5.125,15.38
BGI3,5/1/2025,132,SI011709,F,VS,FAN21,19379-WET ICE[6LB BAG],19379,WET ICE,WET,EA,44,6,2.942,17.65
BGI3,5/1/2025,132,SI011709,F,VS,FAN30,7041- LIME WEDGES,7041,LIME WEDGES,FOO,EA,44,2,4.78,9.56
BGI3,5/1/2025,132,SI011709,F,VS,FPAX04,23234-PER PASSENGER CHARGE,23234,OVERHEAD - J PAX OVERHEAD - PER PAX,SER,EA,44,41,36.774,1507.73
BGI3,5/1/2025,132,SI011709,J,VS,1JCH03,SP124631 - CHILD MEAL [J/C],SP124631,CHML,FOO,EA,56,5,14.622,73.11
BGI3,5/1/2025,132,SI011709,J,VS,1JGF01,SP124628 - GFML [J/C],SP124628,GFML,FOO,EA,56,2,22.504,45.01
BGI3,5/1/2025,132,SI011709,J,VS,JDT33,LO2622- TRAY SET MM,LO2622,TRAY SET UP,SER,EA,56,49,16.138,790.76
BGI3,5/1/2025,132,SI011709,J,VS,JPAX02,23237-PER PASSENGER CHARGE,23237,OVERHEAD - W PAX OVERHEAD - PER PAX,SER,EA,56,55,16.939,931.65
BGI3,5/1/2025,132,SI011709,Y,VS,1YAV01,SP124700- AVML [Y/C],SP124700,AVML,FOO,EA,235,6,15.115,90.69
BGI3,5/1/2025,132,SI011709,Y,VS,1YCH04,SP124709- CHML [Y/C],SP124709,CHML,FOO,EA,235,7,14.622,102.35
BGI3,5/1/2025,132,SI011709,Y,VS,1YLF01,SP124704 - LFML [Y/C],SP124704,LFML,FOO,EA,235,1,22.504,22.5
BGI3,5/1/2025,132,SI011709,Y,VS,1YNL01,SP124712 - NLML [Y/C],SP124712,NLML,FOO,EA,235,1,22.504,22.5
BGI3,5/1/2025,132,SI011709,Y,VS,1YVG01,SP124699- VGML [Y/C],SP124699,VGML,FOO,EA,235,1,14.694,14.69
BGI3,5/1/2025,132,SI011709,Y,VS,1YVL01,SP124698- VLML [Y/C],SP124698,VLML,FOO,EA,235,6,12.154,72.92
BGI3,5/1/2025,132,SI011709,Y,VS,3YDS01,3354- ORANGE JUICE-1LT,3354,BEVERAGES - ORANGE JUICE - 1 LT,STO,EA,235,13,2.124,27.61
BGI3,5/1/2025,132,SI011709,Y,VS,3YDS02,3335-TOMATO JUICE 1LT,3335,BEVERAGES - TOMATO JUICE - 1 LT,STO,EA,235,2,4.057,8.11
BGI3,5/1/2025,132,SI011709,Y,VS,3YDS03,3376-CRANBERRY JUICE,3376,BEVERAGES - CRANBERRY JUICE - 1 LT,STO,EA,235,1,5.101,5.1
BGI3,5/1/2025,132,SI011709,Y,VS,3YDS04,3353-APPLE JUICE 1LTR,3353,BEVERAGES - APPLE JUICE - 1 LT,STO,EA,235,7,2.124,14.87
BGI3,5/1/2025,132,SI011709,Y,VS,3YDS06,3476-MINERAL WATER 1.5LT,3476,BEVERAGES - MINERAL WATER STILL - 1 LT,STO,EA,235,85,2.36,200.6
BGI3,5/1/2025,132,SI011709,Y,VS,3YDS07,33169-SPARKLING WATER 1LT,33169,BEVERAGES - MINERAL WATER SPARK - 1 LT,STO,EA,235,13,3.274,42.56
BGI3,5/1/2025,132,SI011709,Y,VS,3YDS11,213774-PLASTIC BAG,213774,EQUIPMENT - BAG- PLASTIC BAG,EQU,EA,235,2,0.368,0.74
BGI3,5/1/2025,132,SI011709,Y,VS,3YS022,ORANGE LINEN BAG,151383,LAUNDRY - BAG LINEN ORANGE 2014,LAU,EA,235,2,1.969,3.94
BGI3,5/1/2025,132,SI011709,Y,VS,3YS024,LINEN NAPKINS,3527,LAUNDRY - LINEN FOLDED NAPKIN 2014,LAU,EA,235,128,0.522,66.82
BGI3,5/1/2025,132,SI011709,Y,VS,3YS032,145995-EQUIP PK - STORES 300,145995,PACKING - FLIGHT PACKING - A330-300,SER,EA,235,1,167.95,167.95
BGI3,5/1/2025,132,SI011709,Y,VS,3YS035,145991-TRANS.- HANDLING 33J,145991,TURNAROUND - STRIP - LOAD - A330-300 - 3 FLIGHTS,SER,EA,235,1,483.897,483.9
BGI3,5/1/2025,132,SI011709,Y,VS,3YS036,145994- WASH UP A330-300,145994,WASH UP - WASH UP - A330-900,SER,EA,235,1,391.843,391.84
BGI3,5/1/2025,132,SI011709,Y,VS,3YS038,17.5% VAT ON LAUNDRY CHRG 33J,51069SALE,SALES TAX - LAUNDRY,VAT,EA,235,1,10.961,10.96
BGI3,5/1/2025,132,SI011709,Y,VS,3YS063,25137-CUTLERY WRAP 1ST SERV 33,25137,PACKING - CUTLERY WRAPPING FIRST SERVICE - A330-30,SER,EA,235,1,8.435,8.44
BGI3,5/1/2025,132,SI011709,Y,VS,3YS064,33819-CUTLERY WRAP 2ND SERV 33,33819,PACKING - CUTLERY WRAPPING SECOND SERVICE - A330-3,SER,EA,235,1,8.435,8.44
BGI3,5/1/2025,132,SI011709,Y,VS,3YS071,32673-CULT WASH-PL 1SER 300,32673,PACKING - CUTLERY WASHUP - POLISHING FIRST SERVICE,SER,EA,235,1,27.272,27.27
BGI3,5/1/2025,132,SI011709,Y,VS,3YS072,33141-CULT WASH-PL 2SER 300,33141,PACKING - CUTLERY WASHUP - POLISHING SECOND SERVIC,SER,EA,235,1,18.363,18.36
BGI3,5/1/2025,132,SI011709,Y,VS,FAN17,19382-MILK 100% [Y],19382,FULL FAT MILK - PINT,STO,EA,235,2,4.805,9.61
BGI3,5/1/2025,132,SI011709,Y,VS,FAN18,19384- MILK 2% [Y],19384,SEMI SKIMMED MILK - PINT,STO,EA,235,4,4.805,19.22
BGI3,5/1/2025,132,SI011709,Y,VS,FAN19,7042-LEMON HALVES [Y],7042,LIME WEDGES,FOO,EA,235,10,5.125,51.25
BGI3,5/1/2025,132,SI011709,Y,VS,FAN20,19380- WET ICE [6LB BAG] [Y],19380,WET ICE,WET,EA,235,10,2.942,29.42
BGI3,5/1/2025,132,SI011709,Y,VS,YBE11,174148-BREAKFAST BOX,174148,,,EA,235,213,8.412,1791.76
BGI3,5/1/2025,132,SI011709,Y,VS,YPAX03,23240- PER PASSENGER CHARGE[Y],23240,OVERHEAD - Y PAX OVERHEAD - PER PAX,SER,EA,235,231,13.856,3200.74
BGI3,5/1/2025,132,SI011709,YC,VS,2CE069, COCO CURRY,LO8708,WILD RICE COCONUT CURRY SAUCE VEG,FOO,EA,12,3,6.438,19.31
BGI3,5/1/2025,132,SI011709,YC,VS,2CE070,LO8709 - GARLIC MASH CHIX THIG,LO8709,GARLIC MASH SEARED CHIX GREEN PEPPERCORN SAUCE,FOO,EA,12,3,10.838,32.51
BGI3,5/1/2025,132,SI011709,YC,VS,2CE071,LO8710 - MAHI W GARL ORZO PAS,LO8710,SEARED MAHI ORZO PASTA CREOLE SAUCE VEG,FOO,EA,12,2,12.378,24.76
BGI3,5/1/2025,132,SI011709,YC,VS,2CE072,LO8711 - PORKLOIN W PO GRATIN,LO8711,SEARED PORK POTATO GRATIN VEG,FOO,EA,12,2,13.84,27.68
BGI3,5/1/2025,132,SI011709,YC,VS,2CE073,LO8712 - CHEESE RAVIOLI,LO8712,CHEESE RAVIOLI,FOO,EA,12,2,8.718,17.44
BGI3,5/1/2025,132,SI011709,YC,VS,2CFF11,LO4110-WHOLE FRUIT 1,LO4110,SEASONAL WHOLE FRUIT OPTION 1,FOO,EA,12,6,4.622,27.73
BGI3,5/1/2025,132,SI011709,YC,VS,2CFS44,LO5113- EGG SALAD SANDWICH,LO5113,EGG SALAD SANDWICH,FOO,EA,12,3,5.374,16.12
BGI3,5/1/2025,132,SI011709,YC,VS,2CFS45,LO5115- TUNASALAD SANDWICH,LO5115,TUNA SALAD SANDWICH,FOO,EA,12,2,6.734,13.47
BGI3,5/1/2025,132,SI011709,YC,VS,2CFS49,LO5119- BAP - STREAKY BACON,LO5119,SCOTTISH BAP WITH BACON,FOO,EA,12,4,4.866,19.46
BGI3,5/1/2025,132,SI011709,YC,VS,2CFS52,LO5368- PLAIN BAGEL -PC CR CH,LO5368,PLAIN BAGEL WITH PC CREAM CHEESE,FOO,EA,12,4,4.086,16.34
BGI3,5/1/2025,132,SI011709,YC,VS,2CFS77,LO8713 - HAM SANDWICH,LO8713,HAM SANDWICH,FOO,EA,12,3,7.734,23.2
BGI3,5/1/2025,132,SI011709,YC,VS,2CFS78,LO8714 - CHEESE TOMATO WRAP,LO8714,CHEESE TOMATO CUCUMBER WRAP,FOO,EA,12,2,6.694,13.39
BGI3,5/1/2025,132,SI011709,YC,VS,2CFS79,LO8715 - CHICKEN CHEESE BAGEL,LO8715,CHICKEN AND CHEESE BAGEL,FOO,EA,12,2,5.014,10.03
BGI3,5/1/2025,132,SI011709,YC,VS,2CFS80,LO8716 - TURKEY SANDWICH,LO8716,TURKEY SANDWICH,FOO,EA,12,4,7.896,31.58
BGI3,5/1/2025,132,SI011709,YC,VS,2CFS81, CHUTNE,LO8718,TILLAMOOK CHEESE CARR TROPICAL CHUTNEY,FOO,EA,12,6,6.788,40.73
BGI3,5/1/2025,132,SI011709,YC,VS,2CFS82,LO8717 - PROTEIN POT W OLIVES,LO8717,PUMPKIN HUMMUS C CHEESE BLACK OLIVES PITTA BREAD T,FOO,EA,12,6,6.904,41.42
BGI3,5/1/2025,132,SI011709,YC,VS,CPAX02,28728- C CREW SVC CHARGE,28728,OVERHEAD - CC OVERHEAD - PER PAX,SER,EA,12,12,25.48,305.76
BGI3,5/1/2025,198A,SI011707,J,VS,JSN05,LO7135 - ORIGINAL SHIRLEY,LO7135,ORIGINAL SHIRLEY BISCUIT,STO,EA,16,16,1.096,17.54
BGI3,6/1/2025,197,SI011795,J,VS,JSN05,LO7135 - ORIGINAL SHIRLEY,LO7135,ORIGINAL SHIRLEY BISCUIT,STO,EA,15,15,1.096,16.44
BGI3,6/1/2025,197,SI011795,Y,VS,3YS035,145991-TRANS.- HANDLING 33J,145991,TURNAROUND - STRIP - LOAD - A330-300 - 3 FLIGHTS,SER,EA,95,1,483.897,483.9
BGI3,6/1/2025,198,SI011748,F,VS,1FCH02,SP124543 - CHILD MEAL [F/C],SP124543,CHML,FOO,EA,31,5,29.908,149.54
BGI3,6/1/2025,198,SI011748,F,VS,FAN12,19381- MILK 100%,19381,FULL FAT MILK - PINT,STO,EA,31,4,4.805,19.22
BGI3,6/1/2025,198,SI011748,F,VS,FAN13,19383- MILK 2%,19383,SEMI SKIMMED MILK - PINT,STO,EA,31,2,4.805,9.61
BGI3,6/1/2025,198,SI011748,F,VS,FAN14,19385-LEMON HALVES,19385,LEMON WEDGES,FOO,EA,31,2,5.125,10.25
BGI3,6/1/2025,198,SI011748,F,VS,FAN21,19379-WET ICE[6LB BAG],19379,WET ICE,WET,EA,31,4,2.942,11.77
BGI3,6/1/2025,198,SI011748,F,VS,FAN30,7041- LIME WEDGES,7041,LIME WEDGES,FOO,EA,31,2,4.78,9.56
BGI3,6/1/2025,198,SI011748,F,VS,FPAX04,23234-PER PASSENGER CHARGE,23234,OVERHEAD - J PAX OVERHEAD - PER PAX,SER,EA,31,31,36.774,1139.99
BGI3,6/1/2025,198,SI011748,J,VS,1JCH03,SP124631 - CHILD MEAL [J/C],SP124631,CHML,FOO,EA,48,4,14.622,58.49
BGI3,6/1/2025,198,SI011748,J,VS,1JVG01,SP124621 - VGML [J/C],SP124621,VGML,FOO,EA,48,2,14.694,29.39
BGI3,6/1/2025,198,SI011748,J,VS,JDT33,LO2622- TRAY SET MM,LO2622,TRAY SET UP,SER,EA,48,42,16.138,677.8
BGI3,6/1/2025,198,SI011748,J,VS,JPAX02,23237-PER PASSENGER CHARGE,23237,OVERHEAD - W PAX OVERHEAD - PER PAX,SER,EA,48,43,16.939,728.38
BGI3,6/1/2025,198,SI011748,Y,VS,1YCH04,SP124709- CHML [Y/C],SP124709,CHML,FOO,EA,185,8,14.622,116.98
BGI3,6/1/2025,198,SI011748,Y,VS,1YGF01,SP124706 - GFML [Y/C],SP124706,GFML,FOO,EA,185,2,22.504,45.01
BGI3,6/1/2025,198,SI011748,Y,VS,1YMO01,SP124702 - MOML [Y/C],SP124702,MOML,FOO,EA,185,2,12.154,24.31
BGI3,6/1/2025,198,SI011748,Y,VS,1YVG01,SP124699- VGML [Y/C],SP124699,VGML,FOO,EA,185,2,14.694,29.39
BGI3,6/1/2025,198,SI011748,Y,VS,1YVL01,SP124698- VLML [Y/C],SP124698,VLML,FOO,EA,185,1,12.154,12.15
BGI3,6/1/2025,198,SI011748,Y,VS,3YDS01,3354- ORANGE JUICE-1LT,3354,BEVERAGES - ORANGE JUICE - 1 LT,STO,EA,185,29,2.124,61.6
BGI3,6/1/2025,198,SI011748,Y,VS,3YDS02,3335-TOMATO JUICE 1LT,3335,BEVERAGES - TOMATO JUICE - 1 LT,STO,EA,185,1,4.057,4.06
BGI3,6/1/2025,198,SI011748,Y,VS,3YDS03,3376-CRANBERRY JUICE,3376,BEVERAGES - CRANBERRY JUICE - 1 LT,STO,EA,185,2,5.101,10.2
BGI3,6/1/2025,198,SI011748,Y,VS,3YDS04,3353-APPLE JUICE 1LTR,3353,BEVERAGES - APPLE JUICE - 1 LT,STO,EA,185,13,2.124,27.61
BGI3,6/1/2025,198,SI011748,Y,VS,3YDS06,3476-MINERAL WATER 1.5LT,3476,BEVERAGES - MINERAL WATER STILL - 1 LT,STO,EA,185,48,2.36,113.28
BGI3,6/1/2025,198,SI011748,Y,VS,3YDS07,33169-SPARKLING WATER 1LT,33169,BEVERAGES - MINERAL WATER SPARK - 1 LT,STO,EA,185,12,3.274,39.29
BGI3,6/1/2025,198,SI011748,Y,VS,3YDS11,213774-PLASTIC BAG,213774,EQUIPMENT - BAG- PLASTIC BAG,EQU,EA,185,1,0.368,0.37
BGI3,6/1/2025,198,SI011748,Y,VS,3YS022,ORANGE LINEN BAG,151383,LAUNDRY - BAG LINEN ORANGE 2014,LAU,EA,185,1,1.969,1.97
BGI3,6/1/2025,198,SI011748,Y,VS,3YS023,LINEN TABLECLOTH,3526,LAUNDRY - TABLE CLOTH/RUNNER 2014,LAU,EA,185,33,0.652,21.52
BGI3,6/1/2025,198,SI011748,Y,VS,3YS024,LINEN NAPKINS,3527,LAUNDRY - LINEN FOLDED NAPKIN 2014,LAU,EA,185,75,0.522,39.15
BGI3,6/1/2025,198,SI011748,Y,VS,3YS032,145995-EQUIP PK - STORES 300,145995,PACKING - FLIGHT PACKING - A330-300,SER,EA,185,1,167.95,167.95
BGI3,6/1/2025,198,SI011748,Y,VS,3YS035,145991-TRANS.- HANDLING 33J,145991,TURNAROUND - STRIP - LOAD - A330-300 - 3 FLIGHTS,SER,EA,185,1,483.897,483.9
BGI3,6/1/2025,198,SI011748,Y,VS,3YS036,145994- WASH UP A330-300,145994,WASH UP - WASH UP - A330-900,SER,EA,185,1,404.383,404.38
BGI3,6/1/2025,198,SI011748,Y,VS,3YS038,17.5% VAT ON LAUNDRY CHRG 33J,51069SALE,SALES TAX - LAUNDRY,VAT,EA,185,1,10.961,10.96
BGI3,6/1/2025,198,SI011748,Y,VS,3YS063,25137-CUTLERY WRAP 1ST SERV 33,25137,PACKING - CUTLERY WRAPPING FIRST SERVICE - A330-30,SER,EA,185,1,8.435,8.44
BGI3,6/1/2025,198,SI011748,Y,VS,3YS064,33819-CUTLERY WRAP 2ND SERV 33,33819,PACKING - CUTLERY WRAPPING SECOND SERVICE - A330-3,SER,EA,185,1,8.435,8.44
BGI3,6/1/2025,198,SI011748,Y,VS,3YS071,32673-CULT WASH-PL 1SER 300,32673,PACKING - CUTLERY WASHUP - POLISHING FIRST SERVICE,SER,EA,185,1,27.272,27.27
BGI3,6/1/2025,198,SI011748,Y,VS,3YS072,33141-CULT WASH-PL 2SER 300,33141,PACKING - CUTLERY WASHUP - POLISHING SECOND SERVIC,SER,EA,185,1,18.363,18.36
BGI3,6/1/2025,198,SI011748,Y,VS,FAN17,19382-MILK 100% [Y],19382,FULL FAT MILK - PINT,STO,EA,185,2,4.805,9.61
BGI3,6/1/2025,198,SI011748,Y,VS,FAN18,19384- MILK 2% [Y],19384,SEMI SKIMMED MILK - PINT,STO,EA,185,4,4.805,19.22
BGI3,6/1/2025,198,SI011748,Y,VS,FAN19,7042-LEMON HALVES [Y],7042,LIME WEDGES,FOO,EA,185,8,5.125,41
BGI3,6/1/2025,198,SI011748,Y,VS,FAN20,19380- WET ICE [6LB BAG] [Y],19380,WET ICE,WET,EA,185,8,2.942,23.54
BGI3,6/1/2025,198,SI011748,Y,VS,YBE11,174148-BREAKFAST BOX,174148,,,EA,185,170,8.412,1430.04
BGI3,6/1/2025,198,SI011748,Y,VS,YPAX03,23240- PER PASSENGER CHARGE[Y],23240,OVERHEAD - Y PAX OVERHEAD - PER PAX,SER,EA,185,178,13.856,2466.37
BGI3,6/1/2025,198,SI011748,YC,VS,2CE069, COCO CURRY,LO8708,WILD RICE COCONUT CURRY SAUCE VEG,FOO,EA,12,3,6.438,19.31
BGI3,6/1/2025,198,SI011748,YC,VS,2CE070,LO8709 - GARLIC MASH CHIX THIG,LO8709,GARLIC MASH SEARED CHIX GREEN PEPPERCORN SAUCE,FOO,EA,12,3,10.838,32.51
BGI3,6/1/2025,198,SI011748,YC,VS,2CE071,LO8710 - MAHI W GARL ORZO PAS,LO8710,SEARED MAHI ORZO PASTA CREOLE SAUCE VEG,FOO,EA,12,2,12.378,24.76
BGI3,6/1/2025,198,SI011748,YC,VS,2CE072,LO8711 - PORKLOIN W PO GRATIN,LO8711,SEARED PORK POTATO GRATIN VEG,FOO,EA,12,2,13.84,27.68
BGI3,6/1/2025,198,SI011748,YC,VS,2CE073,LO8712 - CHEESE RAVIOLI,LO8712,CHEESE RAVIOLI,FOO,EA,12,2,8.718,17.44
BGI3,6/1/2025,198,SI011748,YC,VS,2CFF11,LO4110-WHOLE FRUIT 1,LO4110,SEASONAL WHOLE FRUIT OPTION 1,FOO,EA,12,6,4.622,27.73
BGI3,6/1/2025,198,SI011748,YC,VS,2CFS44,LO5113- EGG SALAD SANDWICH,LO5113,EGG SALAD SANDWICH,FOO,EA,12,3,5.374,16.12
BGI3,6/1/2025,198,SI011748,YC,VS,2CFS45,LO5115- TUNASALAD SANDWICH,LO5115,TUNA SALAD SANDWICH,FOO,EA,12,2,6.734,13.47
BGI3,6/1/2025,198,SI011748,YC,VS,2CFS49,LO5119- BAP - STREAKY BACON,LO5119,SCOTTISH BAP WITH BACON,FOO,EA,12,4,4.866,19.46
BGI3,6/1/2025,198,SI011748,YC,VS,2CFS52,LO5368- PLAIN BAGEL -PC CR CH,LO5368,PLAIN BAGEL WITH PC CREAM CHEESE,FOO,EA,12,4,4.086,16.34
BGI3,6/1/2025,198,SI011748,YC,VS,2CFS77,LO8713 - HAM SANDWICH,LO8713,HAM SANDWICH,FOO,EA,12,3,7.734,23.2
BGI3,6/1/2025,198,SI011748,YC,VS,2CFS78,LO8714 - CHEESE TOMATO WRAP,LO8714,CHEESE TOMATO CUCUMBER WRAP,FOO,EA,12,2,6.694,13.39
BGI3,6/1/2025,198,SI011748,YC,VS,2CFS79,LO8715 - CHICKEN CHEESE BAGEL,LO8715,CHICKEN AND CHEESE BAGEL,FOO,EA,12,2,5.014,10.03
BGI3,6/1/2025,198,SI011748,YC,VS,2CFS80,LO8716 - TURKEY SANDWICH,LO8716,TURKEY SANDWICH,FOO,EA,12,4,7.896,31.58
BGI3,6/1/2025,198,SI011748,YC,VS,2CFS81, CHUTNE,LO8718,TILLAMOOK CHEESE CARR TROPICAL CHUTNEY,FOO,EA,12,6,6.788,40.73
BGI3,6/1/2025,198,SI011748,YC,VS,2CFS82,LO8717 - PROTEIN POT W OLIVES,LO8717,PUMPKIN HUMMUS C CHEESE BLACK OLIVES PITTA BREAD T,FOO,EA,12,6,6.904,41.42
BGI3,6/1/2025,198,SI011748,YC,VS,CPAX02,28728- C CREW SVC CHARGE,28728,OVERHEAD - CC OVERHEAD - PER PAX,SER,EA,12,12,25.48,305.76
BGI3,6/1/2025,78,SI011750,F,VS,1FCH02,SP124543 - CHILD MEAL [F/C],SP124543,CHML,FOO,EA,31,3,29.908,89.72
BGI3,6/1/2025,78,SI011750,F,VS,FAN12,19381- MILK 100%,19381,FULL FAT MILK - PINT,STO,EA,31,4,4.805,19.22
BGI3,6/1/2025,78,SI011750,F,VS,FAN13,19383- MILK 2%,19383,SEMI SKIMMED MILK - PINT,STO,EA,31,2,4.805,9.61
BGI3,6/1/2025,78,SI011750,F,VS,FAN14,19385-LEMON HALVES,19385,LEMON WEDGES,FOO,EA,31,2,5.125,10.25
BGI3,6/1/2025,78,SI011750,F,VS,FAN21,19379-WET ICE[6LB BAG],19379,WET ICE,WET,EA,31,4,2.942,11.77
BGI3,6/1/2025,78,SI011750,F,VS,FAN30,7041- LIME WEDGES,7041,LIME WEDGES,FOO,EA,31,2,4.78,9.56
BGI3,6/1/2025,78,SI011750,F,VS,FPAX04,23234-PER PASSENGER CHARGE,23234,OVERHEAD - J PAX OVERHEAD - PER PAX,SER,EA,31,31,36.774,1139.99
BGI3,6/1/2025,78,SI011750,J,VS,1JVG01,SP124621 - VGML [J/C],SP124621,VGML,FOO,EA,48,2,14.694,29.39
BGI3,6/1/2025,78,SI011750,J,VS,JDT33,LO2622- TRAY SET MM,LO2622,TRAY SET UP,SER,EA,48,46,16.138,742.35
BGI3,6/1/2025,78,SI011750,J,VS,JPAX02,23237-PER PASSENGER CHARGE,23237,OVERHEAD - W PAX OVERHEAD - PER PAX,SER,EA,48,48,16.939,813.07
BGI3,6/1/2025,78,SI011750,Y,VS,1YCH04,SP124709- CHML [Y/C],SP124709,CHML,FOO,EA,185,8,14.622,116.98
BGI3,6/1/2025,78,SI011750,Y,VS,1YDB01,SP124707 - DBML [Y/C],SP124707,DBML,FOO,EA,185,1,22.504,22.5
BGI3,6/1/2025,78,SI011750,Y,VS,1YGF01,SP124706 - GFML [Y/C],SP124706,GFML,FOO,EA,185,1,22.504,22.5
BGI3,6/1/2025,78,SI011750,Y,VS,1YVL01,SP124698- VLML [Y/C],SP124698,VLML,FOO,EA,185,4,12.154,48.62
BGI3,6/1/2025,78,SI011750,Y,VS,3YDS01,3354- ORANGE JUICE-1LT,3354,BEVERAGES - ORANGE JUICE - 1 LT,STO,EA,185,29,2.124,61.6
BGI3,6/1/2025,78,SI011750,Y,VS,3YDS02,3335-TOMATO JUICE 1LT,3335,BEVERAGES - TOMATO JUICE - 1 LT,STO,EA,185,1,4.057,4.06
BGI3,6/1/2025,78,SI011750,Y,VS,3YDS03,3376-CRANBERRY JUICE,3376,BEVERAGES - CRANBERRY JUICE - 1 LT,STO,EA,185,2,5.101,10.2
BGI3,6/1/2025,78,SI011750,Y,VS,3YDS04,3353-APPLE JUICE 1LTR,3353,BEVERAGES - APPLE JUICE - 1 LT,STO,EA,185,16,2.124,33.98
BGI3,6/1/2025,78,SI011750,Y,VS,3YDS06,3476-MINERAL WATER 1.5LT,3476,BEVERAGES - MINERAL WATER STILL - 1 LT,STO,EA,185,48,2.36,113.28
BGI3,6/1/2025,78,SI011750,Y,VS,3YDS07,33169-SPARKLING WATER 1LT,33169,BEVERAGES - MINERAL WATER SPARK - 1 LT,STO,EA,185,14,3.274,45.84
BGI3,6/1/2025,78,SI011750,Y,VS,3YDS11,213774-PLASTIC BAG,213774,EQUIPMENT - BAG- PLASTIC BAG,EQU,EA,185,1,0.368,0.37
BGI3,6/1/2025,78,SI011750,Y,VS,3YS022,ORANGE LINEN BAG,151383,LAUNDRY - BAG LINEN ORANGE 2014,LAU,EA,185,1,1.969,1.97
BGI3,6/1/2025,78,SI011750,Y,VS,3YS023,LINEN TABLECLOTH,3526,LAUNDRY - TABLE CLOTH/RUNNER 2014,LAU,EA,185,20,0.652,13.04
BGI3,6/1/2025,78,SI011750,Y,VS,3YS024,LINEN NAPKINS,3527,LAUNDRY - LINEN FOLDED NAPKIN 2014,LAU,EA,185,55,0.522,28.71
BGI3,6/1/2025,78,SI011750,Y,VS,3YS032,145995-EQUIP PK - STORES 300,145995,PACKING - FLIGHT PACKING - A330-300,SER,EA,185,1,167.95,167.95
BGI3,6/1/2025,78,SI011750,Y,VS,3YS035,145991-TRANS.- HANDLING 33J,145991,TURNAROUND - STRIP - LOAD - A330-300 - 3 FLIGHTS,SER,EA,185,1,483.897,483.9
BGI3,6/1/2025,78,SI011750,Y,VS,3YS036,145994- WASH UP A330-300,145994,WASH UP - WASH UP - A330-900,SER,EA,185,1,404.383,404.38
BGI3,6/1/2025,78,SI011750,Y,VS,3YS038,17.5% VAT ON LAUNDRY CHRG 33J,51069SALE,SALES TAX - LAUNDRY,VAT,EA,185,1,10.961,10.96
BGI3,6/1/2025,78,SI011750,Y,VS,3YS063,25137-CUTLERY WRAP 1ST SERV 33,25137,PACKING - CUTLERY WRAPPING FIRST SERVICE - A330-30,SER,EA,185,1,8.435,8.44
BGI3,6/1/2025,78,SI011750,Y,VS,3YS064,33819-CUTLERY WRAP 2ND SERV 33,33819,PACKING - CUTLERY WRAPPING SECOND SERVICE - A330-3,SER,EA,185,1,8.435,8.44
BGI3,6/1/2025,78,SI011750,Y,VS,3YS071,32673-CULT WASH-PL 1SER 300,32673,PACKING - CUTLERY WASHUP - POLISHING FIRST SERVICE,SER,EA,185,1,27.272,27.27
BGI3,6/1/2025,78,SI011750,Y,VS,3YS072,33141-CULT WASH-PL 2SER 300,33141,PACKING - CUTLERY WASHUP - POLISHING SECOND SERVIC,SER,EA,185,1,18.363,18.36
BGI3,6/1/2025,78,SI011750,Y,VS,FAN17,19382-MILK 100% [Y],19382,FULL FAT MILK - PINT,STO,EA,185,2,4.805,9.61
BGI3,6/1/2025,78,SI011750,Y,VS,FAN18,19384- MILK 2% [Y],19384,SEMI SKIMMED MILK - PINT,STO,EA,185,4,4.805,19.22
BGI3,6/1/2025,78,SI011750,Y,VS,FAN19,7042-LEMON HALVES [Y],7042,LIME WEDGES,FOO,EA,185,8,5.125,41
BGI3,6/1/2025,78,SI011750,Y,VS,FAN20,19380- WET ICE [6LB BAG] [Y],19380,WET ICE,WET,EA,185,8,2.942,23.54
BGI3,6/1/2025,78,SI011750,Y,VS,YBE11,174148-BREAKFAST BOX,174148,,,EA,185,171,8.412,1438.45
BGI3,6/1/2025,78,SI011750,Y,VS,YPAX03,23240- PER PASSENGER CHARGE[Y],23240,OVERHEAD - Y PAX OVERHEAD - PER PAX,SER,EA,185,185,13.856,2563.36
BGI3,6/1/2025,78,SI011750,YC,VS,2CE069, COCO CURRY,LO8708,WILD RICE COCONUT CURRY SAUCE VEG,FOO,EA,12,3,6.438,19.31
BGI3,6/1/2025,78,SI011750,YC,VS,2CE070,LO8709 - GARLIC MASH CHIX THIG,LO8709,GARLIC MASH SEARED CHIX GREEN PEPPERCORN SAUCE,FOO,EA,12,3,10.838,32.51
BGI3,6/1/2025,78,SI011750,YC,VS,2CE071,LO8710 - MAHI W GARL ORZO PAS,LO8710,SEARED MAHI ORZO PASTA CREOLE SAUCE VEG,FOO,EA,12,2,12.378,24.76
BGI3,6/1/2025,78,SI011750,YC,VS,2CE072,LO8711 - PORKLOIN W PO GRATIN,LO8711,SEARED PORK POTATO GRATIN VEG,FOO,EA,12,2,13.84,27.68
BGI3,6/1/2025,78,SI011750,YC,VS,2CE073,LO8712 - CHEESE RAVIOLI,LO8712,CHEESE RAVIOLI,FOO,EA,12,2,8.718,17.44
BGI3,6/1/2025,78,SI011750,YC,VS,2CFF11,LO4110-WHOLE FRUIT 1,LO4110,SEASONAL WHOLE FRUIT OPTION 1,FOO,EA,12,6,4.622,27.73
BGI3,6/1/2025,78,SI011750,YC,VS,2CFS44,LO5113- EGG SALAD SANDWICH,LO5113,EGG SALAD SANDWICH,FOO,EA,12,3,5.374,16.12
BGI3,6/1/2025,78,SI011750,YC,VS,2CFS45,LO5115- TUNASALAD SANDWICH,LO5115,TUNA SALAD SANDWICH,FOO,EA,12,2,6.734,13.47
BGI3,6/1/2025,78,SI011750,YC,VS,2CFS49,LO5119- BAP - STREAKY BACON,LO5119,SCOTTISH BAP WITH BACON,FOO,EA,12,4,4.866,19.46
BGI3,6/1/2025,78,SI011750,YC,VS,2CFS52,LO5368- PLAIN BAGEL -PC CR CH,LO5368,PLAIN BAGEL WITH PC CREAM CHEESE,FOO,EA,12,4,4.086,16.34
BGI3,6/1/2025,78,SI011750,YC,VS,2CFS77,LO8713 - HAM SANDWICH,LO8713,HAM SANDWICH,FOO,EA,12,3,7.734,23.2
BGI3,6/1/2025,78,SI011750,YC,VS,2CFS78,LO8714 - CHEESE TOMATO WRAP,LO8714,CHEESE TOMATO CUCUMBER WRAP,FOO,EA,12,2,6.694,13.39
BGI3,6/1/2025,78,SI011750,YC,VS,2CFS79,LO8715 - CHICKEN CHEESE BAGEL,LO8715,CHICKEN AND CHEESE BAGEL,FOO,EA,12,2,5.014,10.03
BGI3,6/1/2025,78,SI011750,YC,VS,2CFS80,LO8716 - TURKEY SANDWICH,LO8716,TURKEY SANDWICH,FOO,EA,12,4,7.896,31.58
BGI3,6/1/2025,78,SI011750,YC,VS,2CFS81, CHUTNE,LO8718,TILLAMOOK CHEESE CARR TROPICAL CHUTNEY,FOO,EA,12,6,6.788,40.73
BGI3,6/1/2025,78,SI011750,YC,VS,2CFS82,LO8717 - PROTEIN POT W OLIVES,LO8717,PUMPKIN HUMMUS C CHEESE BLACK OLIVES PITTA BREAD T,FOO,EA,12,6,6.904,41.42
BGI3,6/1/2025,78,SI011750,YC,VS,CPAX02,28728- C CREW SVC CHARGE,28728,OVERHEAD - CC OVERHEAD - PER PAX,SER,EA,12,12,25.48,305.76
BGI3,6/1/2025,132,SI011749,F,VS,1FGF01,SP124540- GFML [F/C],SP124540,GFML,FOO,EA,44,1,31.461,31.46
BGI3,6/1/2025,132,SI011749,F,VS,FAN12,19381- MILK 100%,19381,FULL FAT MILK - PINT,STO,EA,44,5,4.805,24.03
BGI3,6/1/2025,132,SI011749,F,VS,FAN13,19383- MILK 2%,19383,SEMI SKIMMED MILK - PINT,STO,EA,44,2,4.805,9.61
BGI3,6/1/2025,132,SI011749,F,VS,FAN14,19385-LEMON HALVES,19385,LEMON WEDGES,FOO,EA,44,3,5.125,15.38
BGI3,6/1/2025,132,SI011749,F,VS,FAN21,19379-WET ICE[6LB BAG],19379,WET ICE,WET,EA,44,6,2.942,17.65
BGI3,6/1/2025,132,SI011749,F,VS,FAN30,7041- LIME WEDGES,7041,LIME WEDGES,FOO,EA,44,2,4.78,9.56
BGI3,6/1/2025,132,SI011749,F,VS,FPAX04,23234-PER PASSENGER CHARGE,23234,OVERHEAD - J PAX OVERHEAD - PER PAX,SER,EA,44,44,36.774,1618.06
BGI3,6/1/2025,132,SI011749,J,VS,1JCH03,SP124631 - CHILD MEAL [J/C],SP124631,CHML,FOO,EA,56,1,14.622,14.62
BGI3,6/1/2025,132,SI011749,J,VS,1JGF01,SP124628 - GFML [J/C],SP124628,GFML,FOO,EA,56,1,22.504,22.5
BGI3,6/1/2025,132,SI011749,J,VS,1JVG01,SP124621 - VGML [J/C],SP124621,VGML,FOO,EA,56,1,14.694,14.69
BGI3,6/1/2025,132,SI011749,J,VS,1JVL01,SP124620 - VLML [J/C],SP124620,VLML,FOO,EA,56,1,12.174,12.17
BGI3,6/1/2025,132,SI011749,J,VS,JDT33,LO2622- TRAY SET MM,LO2622,TRAY SET UP,SER,EA,56,52,16.138,839.18
BGI3,6/1/2025,132,SI011749,J,VS,JPAX02,23237-PER PASSENGER CHARGE,23237,OVERHEAD - W PAX OVERHEAD - PER PAX,SER,EA,56,56,16.939,948.58
BGI3,6/1/2025,132,SI011749,Y,VS,1YAV01,SP124700- AVML [Y/C],SP124700,AVML,FOO,EA,235,7,15.115,105.81
BGI3,6/1/2025,132,SI011749,Y,VS,1YCH04,SP124709- CHML [Y/C],SP124709,CHML,FOO,EA,235,19,14.622,277.82
BGI3,6/1/2025,132,SI011749,Y,VS,1YGF01,SP124706 - GFML [Y/C],SP124706,GFML,FOO,EA,235,5,22.504,112.52
BGI3,6/1/2025,132,SI011749,Y,VS,1YVG01,SP124699- VGML [Y/C],SP124699,VGML,FOO,EA,235,5,14.694,73.47
BGI3,6/1/2025,132,SI011749,Y,VS,1YVL01,SP124698- VLML [Y/C],SP124698,VLML,FOO,EA,235,2,12.154,24.31
BGI3,6/1/2025,132,SI011749,Y,VS,3YDS01,3354- ORANGE JUICE-1LT,3354,BEVERAGES - ORANGE JUICE - 1 LT,STO,EA,235,29,2.124,61.6
BGI3,6/1/2025,132,SI011749,Y,VS,3YDS02,3335-TOMATO JUICE 1LT,3335,BEVERAGES - TOMATO JUICE - 1 LT,STO,EA,235,5,4.057,20.29
BGI3,6/1/2025,132,SI011749,Y,VS,3YDS03,3376-CRANBERRY JUICE,3376,BEVERAGES - CRANBERRY JUICE - 1 LT,STO,EA,235,1,5.101,5.1
BGI3,6/1/2025,132,SI011749,Y,VS,3YDS04,3353-APPLE JUICE 1LTR,3353,BEVERAGES - APPLE JUICE - 1 LT,STO,EA,235,18,2.124,38.23
BGI3,6/1/2025,132,SI011749,Y,VS,3YDS06,3476-MINERAL WATER 1.5LT,3476,BEVERAGES - MINERAL WATER STILL - 1 LT,STO,EA,235,101,2.36,238.36
BGI3,6/1/2025,132,SI011749,Y,VS,3YDS11,213774-PLASTIC BAG,213774,EQUIPMENT - BAG- PLASTIC BAG,EQU,EA,235,1,0.368,0.37
BGI3,6/1/2025,132,SI011749,Y,VS,3YS022,ORANGE LINEN BAG,151383,LAUNDRY - BAG LINEN ORANGE 2014,LAU,EA,235,3,1.969,5.91
BGI3,6/1/2025,132,SI011749,Y,VS,3YS024,LINEN NAPKINS,3527,LAUNDRY - LINEN FOLDED NAPKIN 2014,LAU,EA,235,88,0.522,45.94
BGI3,6/1/2025,132,SI011749,Y,VS,3YS032,145995-EQUIP PK - STORES 300,145995,PACKING - FLIGHT PACKING - A330-300,SER,EA,235,1,167.95,167.95
BGI3,6/1/2025,132,SI011749,Y,VS,3YS035,145991-TRANS.- HANDLING 33J,145991,TURNAROUND - STRIP - LOAD - A330-300 - 3 FLIGHTS,SER,EA,235,1,483.897,483.9
BGI3,6/1/2025,132,SI011749,Y,VS,3YS036,145994- WASH UP A330-300,145994,WASH UP - WASH UP - A330-900,SER,EA,235,1,404.383,404.38
BGI3,6/1/2025,132,SI011749,Y,VS,3YS038,17.5% VAT ON LAUNDRY CHRG 33J,51069SALE,SALES TAX - LAUNDRY,VAT,EA,235,1,10.961,10.96
BGI3,6/1/2025,132,SI011749,Y,VS,3YS063,25137-CUTLERY WRAP 1ST SERV 33,25137,PACKING - CUTLERY WRAPPING FIRST SERVICE - A330-30,SER,EA,235,1,8.435,8.44
BGI3,6/1/2025,132,SI011749,Y,VS,3YS064,33819-CUTLERY WRAP 2ND SERV 33,33819,PACKING - CUTLERY WRAPPING SECOND SERVICE - A330-3,SER,EA,235,1,8.435,8.44
BGI3,6/1/2025,132,SI011749,Y,VS,3YS071,32673-CULT WASH-PL 1SER 300,32673,PACKING - CUTLERY WASHUP - POLISHING FIRST SERVICE,SER,EA,235,1,27.272,27.27
BGI3,6/1/2025,132,SI011749,Y,VS,3YS072,33141-CULT WASH-PL 2SER 300,33141,PACKING - CUTLERY WASHUP - POLISHING SECOND SERVIC,SER,EA,235,1,18.363,18.36
BGI3,6/1/2025,132,SI011749,Y,VS,FAN17,19382-MILK 100% [Y],19382,FULL FAT MILK - PINT,STO,EA,235,2,4.805,9.61
BGI3,6/1/2025,132,SI011749,Y,VS,FAN18,19384- MILK 2% [Y],19384,SEMI SKIMMED MILK - PINT,STO,EA,235,4,4.805,19.22
BGI3,6/1/2025,132,SI011749,Y,VS,FAN19,7042-LEMON HALVES [Y],7042,LIME WEDGES,FOO,EA,235,10,5.125,51.25
BGI3,6/1/2025,132,SI011749,Y,VS,FAN20,19380- WET ICE [6LB BAG] [Y],19380,WET ICE,WET,EA,235,10,2.942,29.42
BGI3,6/1/2025,132,SI011749,Y,VS,YBE11,174148-BREAKFAST BOX,174148,,,EA,235,197,8.412,1657.16
BGI3,6/1/2025,132,SI011749,Y,VS,YPAX03,23240- PER PASSENGER CHARGE[Y],23240,OVERHEAD - Y PAX OVERHEAD - PER PAX,SER,EA,235,234,13.856,3242.3
BGI3,6/1/2025,132,SI011749,YC,VS,2CE069, COCO CURRY,LO8708,WILD RICE COCONUT CURRY SAUCE VEG,FOO,EA,12,3,6.438,19.31
BGI3,6/1/2025,132,SI011749,YC,VS,2CE070,LO8709 - GARLIC MASH CHIX THIG,LO8709,GARLIC MASH SEARED CHIX GREEN PEPPERCORN SAUCE,FOO,EA,12,3,10.838,32.51
BGI3,6/1/2025,132,SI011749,YC,VS,2CE071,LO8710 - MAHI W GARL ORZO PAS,LO8710,SEARED MAHI ORZO PASTA CREOLE SAUCE VEG,FOO,EA,12,2,12.378,24.76
BGI3,6/1/2025,132,SI011749,YC,VS,2CE072,LO8711 - PORKLOIN W PO GRATIN,LO8711,SEARED PORK POTATO GRATIN VEG,FOO,EA,12,2,13.84,27.68
BGI3,6/1/2025,132,SI011749,YC,VS,2CE073,LO8712 - CHEESE RAVIOLI,LO8712,CHEESE RAVIOLI,FOO,EA,12,2,8.718,17.44
BGI3,6/1/2025,132,SI011749,YC,VS,2CFF11,LO4110-WHOLE FRUIT 1,LO4110,SEASONAL WHOLE FRUIT OPTION 1,FOO,EA,12,6,4.622,27.73
BGI3,6/1/2025,132,SI011749,YC,VS,2CFS44,LO5113- EGG SALAD SANDWICH,LO5113,EGG SALAD SANDWICH,FOO,EA,12,3,5.374,16.12
BGI3,6/1/2025,132,SI011749,YC,VS,2CFS45,LO5115- TUNASALAD SANDWICH,LO5115,TUNA SALAD SANDWICH,FOO,EA,12,2,6.734,13.47
BGI3,6/1/2025,132,SI011749,YC,VS,2CFS49,LO5119- BAP - STREAKY BACON,LO5119,SCOTTISH BAP WITH BACON,FOO,EA,12,4,4.866,19.46
BGI3,6/1/2025,132,SI011749,YC,VS,2CFS52,LO5368- PLAIN BAGEL -PC CR CH,LO5368,PLAIN BAGEL WITH PC CREAM CHEESE,FOO,EA,12,4,4.086,16.34
BGI3,6/1/2025,132,SI011749,YC,VS,2CFS77,LO8713 - HAM SANDWICH,LO8713,HAM SANDWICH,FOO,EA,12,3,7.734,23.2
BGI3,6/1/2025,132,SI011749,YC,VS,2CFS78,LO8714 - CHEESE TOMATO WRAP,LO8714,CHEESE TOMATO CUCUMBER WRAP,FOO,EA,12,2,6.694,13.39
BGI3,6/1/2025,132,SI011749,YC,VS,2CFS79,LO8715 - CHICKEN CHEESE BAGEL,LO8715,CHICKEN AND CHEESE BAGEL,FOO,EA,12,2,5.014,10.03
BGI3,6/1/2025,132,SI011749,YC,VS,2CFS80,LO8716 - TURKEY SANDWICH,LO8716,TURKEY SANDWICH,FOO,EA,12,4,7.896,31.58
BGI3,6/1/2025,132,SI011749,YC,VS,2CFS81, CHUTNE,LO8718,TILLAMOOK CHEESE CARR TROPICAL CHUTNEY,FOO,EA,12,6,6.788,40.73
BGI3,6/1/2025,132,SI011749,YC,VS,2CFS82,LO8717 - PROTEIN POT W OLIVES,LO8717,PUMPKIN HUMMUS C CHEESE BLACK OLIVES PITTA BREAD T,FOO,EA,12,6,6.904,41.42
BGI3,6/1/2025,132,SI011749,YC,VS,CPAX02,28728- C CREW SVC CHARGE,28728,OVERHEAD - CC OVERHEAD - PER PAX,SER,EA,12,12,25.48,305.76
BGI3,6/1/2025,198A,SI011796,J,VS,JSN05,LO7135 - ORIGINAL SHIRLEY,LO7135,ORIGINAL SHIRLEY BISCUIT,STO,EA,10,10,1.096,10.96
BGI3,7/1/2025,672,SI011751,F,VS,FAN12,19381- MILK 100%,19381,FULL FAT MILK - PINT,STO,EA,16,4,4.805,19.22
BGI3,7/1/2025,672,SI011751,F,VS,FAN13,19383- MILK 2%,19383,SEMI SKIMMED MILK - PINT,STO,EA,16,2,4.805,9.61
BGI3,7/1/2025,672,SI011751,F,VS,FAN14,19385-LEMON HALVES,19385,LEMON WEDGES,FOO,EA,16,2,5.125,10.25
BGI3,7/1/2025,672,SI011751,F,VS,FAN21,19379-WET ICE[6LB BAG],19379,WET ICE,WET,EA,16,4,2.942,11.77
BGI3,7/1/2025,672,SI011751,F,VS,FAN30,7041- LIME WEDGES,7041,LIME WEDGES,FOO,EA,16,2,4.78,9.56
BGI3,7/1/2025,672,SI011751,F,VS,FPAX04,23234-PER PASSENGER CHARGE,23234,OVERHEAD - J PAX OVERHEAD - PER PAX,SER,EA,16,16,36.774,588.38
BGI3,7/1/2025,672,SI011751,J,VS,1JCH03,SP124631 - CHILD MEAL [J/C],SP124631,CHML,FOO,EA,56,1,14.622,14.62
BGI3,7/1/2025,672,SI011751,J,VS,JDT33,LO2622- TRAY SET MM,LO2622,TRAY SET UP,SER,EA,56,55,16.138,887.59
BGI3,7/1/2025,672,SI011751,J,VS,JPAX02,23237-PER PASSENGER CHARGE,23237,OVERHEAD - W PAX OVERHEAD - PER PAX,SER,EA,56,55,16.939,931.65
BGI3,7/1/2025,672,SI011751,Y,VS,1YAV01,SP124700- AVML [Y/C],SP124700,AVML,FOO,EA,325,1,15.115,15.12
BGI3,7/1/2025,672,SI011751,Y,VS,1YGF01,SP124706 - GFML [Y/C],SP124706,GFML,FOO,EA,325,3,22.504,67.51
BGI3,7/1/2025,672,SI011751,Y,VS,1YVL01,SP124698- VLML [Y/C],SP124698,VLML,FOO,EA,325,1,12.154,12.15
BGI3,7/1/2025,672,SI011751,Y,VS,3YS022,ORANGE LINEN BAG,151383,LAUNDRY - BAG LINEN ORANGE 2014,LAU,EA,325,1,1.969,1.97
BGI3,7/1/2025,672,SI011751,Y,VS,3YS023,LINEN TABLECLOTH,3526,LAUNDRY - TABLE CLOTH/RUNNER 2014,LAU,EA,325,20,0.652,13.04
BGI3,7/1/2025,672,SI011751,Y,VS,3YS024,LINEN NAPKINS,3527,LAUNDRY - LINEN FOLDED NAPKIN 2014,LAU,EA,325,55,0.522,28.71
BGI3,7/1/2025,672,SI011751,Y,VS,3YS032,145995-EQUIP PK - STORES 300,145995,PACKING - FLIGHT PACKING - A330-300,SER,EA,325,1,167.95,167.95
BGI3,7/1/2025,672,SI011751,Y,VS,3YS035,145991-TRANS.- HANDLING 33J,145991,TURNAROUND - STRIP - LOAD - A330-300 - 3 FLIGHTS,SER,EA,325,1,483.897,483.9
BGI3,7/1/2025,672,SI011751,Y,VS,3YS036,145994- WASH UP A330-300,145994,WASH UP - WASH UP - A330-900,SER,EA,325,1,404.383,404.38
BGI3,7/1/2025,672,SI011751,Y,VS,3YS038,17.5% VAT ON LAUNDRY CHRG 33J,51069SALE,SALES TAX - LAUNDRY,VAT,EA,325,1,10.961,10.96
BGI3,7/1/2025,672,SI011751,Y,VS,3YS063,25137-CUTLERY WRAP 1ST SERV 33,25137,PACKING - CUTLERY WRAPPING FIRST SERVICE - A330-30,SER,EA,325,1,8.435,8.44
BGI3,7/1/2025,672,SI011751,Y,VS,3YS064,33819-CUTLERY WRAP 2ND SERV 33,33819,PACKING - CUTLERY WRAPPING SECOND SERVICE - A330-3,SER,EA,325,1,8.435,8.44
BGI3,7/1/2025,672,SI011751,Y,VS,3YS071,32673-CULT WASH-PL 1SER 300,32673,PACKING - CUTLERY WASHUP - POLISHING FIRST SERVICE,SER,EA,325,1,27.272,27.27
BGI3,7/1/2025,672,SI011751,Y,VS,3YS072,33141-CULT WASH-PL 2SER 300,33141,PACKING - CUTLERY WASHUP - POLISHING SECOND SERVIC,SER,EA,325,1,18.363,18.36
BGI3,7/1/2025,672,SI011751,Y,VS,FAN17,19382-MILK 100% [Y],19382,FULL FAT MILK - PINT,STO,EA,325,2,4.805,9.61
BGI3,7/1/2025,672,SI011751,Y,VS,FAN18,19384- MILK 2% [Y],19384,SEMI SKIMMED MILK - PINT,STO,EA,325,4,4.805,19.22
BGI3,7/1/2025,672,SI011751,Y,VS,FAN19,7042-LEMON HALVES [Y],7042,LIME WEDGES,FOO,EA,325,8,5.125,41
BGI3,7/1/2025,672,SI011751,Y,VS,FAN20,19380- WET ICE [6LB BAG] [Y],19380,WET ICE,WET,EA,325,8,2.942,23.54
BGI3,7/1/2025,672,SI011751,Y,VS,YBE11,174148-BREAKFAST BOX,174148,,,EA,325,320,8.412,2691.84
BGI3,7/1/2025,672,SI011751,Y,VS,YPAX03,23240- PER PASSENGER CHARGE[Y],23240,OVERHEAD - Y PAX OVERHEAD - PER PAX,SER,EA,325,320,13.856,4433.92
BGI3,7/1/2025,672,SI011751,YC,VS,2CE069, COCO CURRY,LO8708,WILD RICE COCONUT CURRY SAUCE VEG,FOO,EA,12,3,6.438,19.31
BGI3,7/1/2025,672,SI011751,YC,VS,2CE070,LO8709 - GARLIC MASH CHIX THIG,LO8709,GARLIC MASH SEARED CHIX GREEN PEPPERCORN SAUCE,FOO,EA,12,3,10.838,32.51
BGI3,7/1/2025,672,SI011751,YC,VS,2CE071,LO8710 - MAHI W GARL ORZO PAS,LO8710,SEARED MAHI ORZO PASTA CREOLE SAUCE VEG,FOO,EA,12,2,12.378,24.76
BGI3,7/1/2025,672,SI011751,YC,VS,2CE072,LO8711 - PORKLOIN W PO GRATIN,LO8711,SEARED PORK POTATO GRATIN VEG,FOO,EA,12,2,13.84,27.68
BGI3,7/1/2025,672,SI011751,YC,VS,2CE073,LO8712 - CHEESE RAVIOLI,LO8712,CHEESE RAVIOLI,FOO,EA,12,2,8.718,17.44
BGI3,7/1/2025,672,SI011751,YC,VS,2CFF11,LO4110-WHOLE FRUIT 1,LO4110,SEASONAL WHOLE FRUIT OPTION 1,FOO,EA,12,6,4.622,27.73
BGI3,7/1/2025,672,SI011751,YC,VS,2CFS44,LO5113- EGG SALAD SANDWICH,LO5113,EGG SALAD SANDWICH,FOO,EA,12,3,5.374,16.12
BGI3,7/1/2025,672,SI011751,YC,VS,2CFS45,LO5115- TUNASALAD SANDWICH,LO5115,TUNA SALAD SANDWICH,FOO,EA,12,2,6.734,13.47
BGI3,7/1/2025,672,SI011751,YC,VS,2CFS49,LO5119- BAP - STREAKY BACON,LO5119,SCOTTISH BAP WITH BACON,FOO,EA,12,4,4.866,19.46
BGI3,7/1/2025,672,SI011751,YC,VS,2CFS52,LO5368- PLAIN BAGEL -PC CR CH,LO5368,PLAIN BAGEL WITH PC CREAM CHEESE,FOO,EA,12,4,4.086,16.34
BGI3,7/1/2025,672,SI011751,YC,VS,2CFS77,LO8713 - HAM SANDWICH,LO8713,HAM SANDWICH,FOO,EA,12,3,7.734,23.2
BGI3,7/1/2025,672,SI011751,YC,VS,2CFS78,LO8714 - CHEESE TOMATO WRAP,LO8714,CHEESE TOMATO CUCUMBER WRAP,FOO,EA,12,2,6.694,13.39
BGI3,7/1/2025,672,SI011751,YC,VS,2CFS79,LO8715 - CHICKEN CHEESE BAGEL,LO8715,CHICKEN AND CHEESE BAGEL,FOO,EA,12,2,5.014,10.03
BGI3,7/1/2025,672,SI011751,YC,VS,2CFS80,LO8716 - TURKEY SANDWICH,LO8716,TURKEY SANDWICH,FOO,EA,12,4,7.896,31.58
BGI3,7/1/2025,672,SI011751,YC,VS,2CFS81, CHUTNE,LO8718,TILLAMOOK CHEESE CARR TROPICAL CHUTNEY,FOO,EA,12,6,6.788,40.73
BGI3,7/1/2025,672,SI011751,YC,VS,2CFS82,LO8717 - PROTEIN POT W OLIVES,LO8717,PUMPKIN HUMMUS C CHEESE BLACK OLIVES PITTA BREAD T,FOO,EA,12,6,6.904,41.42
BGI3,7/1/2025,672,SI011751,YC,VS,CPAX02,28728- C CREW SVC CHARGE,28728,OVERHEAD - CC OVERHEAD - PER PAX,SER,EA,12,12,25.48,305.76
BGI3,7/1/2025,187A,SI011752,J,VS,JSN05,LO7135 - ORIGINAL SHIRLEY,LO7135,ORIGINAL SHIRLEY BISCUIT,STO,EA,18,18,1.096,19.73
BGI3,7/1/2025,187A,SI011752,Y,VS,3YS035,145991-TRANS.- HANDLING 33J,145991,TURNAROUND - STRIP - LOAD - A330-300 - 3 FLIGHTS,SER,EA,65,1,483.897,483.9
BGI3,7/1/2025,188,SI011754,F,VS,1FCH02,SP124543 - CHILD MEAL [F/C],SP124543,CHML,FOO,EA,31,1,29.908,29.91
BGI3,7/1/2025,188,SI011754,F,VS,1FGF01,SP124540- GFML [F/C],SP124540,GFML,FOO,EA,31,2,31.461,62.92
BGI3,7/1/2025,188,SI011754,F,VS,1FVG01,SP124533- VGML [F/C],SP124533,VGML,FOO,EA,31,1,32.179,32.18
BGI3,7/1/2025,188,SI011754,F,VS,FAN12,19381- MILK 100%,19381,FULL FAT MILK - PINT,STO,EA,31,4,4.805,19.22
BGI3,7/1/2025,188,SI011754,F,VS,FAN13,19383- MILK 2%,19383,SEMI SKIMMED MILK - PINT,STO,EA,31,2,4.805,9.61
BGI3,7/1/2025,188,SI011754,F,VS,FAN14,19385-LEMON HALVES,19385,LEMON WEDGES,FOO,EA,31,2,5.125,10.25
BGI3,7/1/2025,188,SI011754,F,VS,FAN21,19379-WET ICE[6LB BAG],19379,WET ICE,WET,EA,31,4,2.942,11.77
BGI3,7/1/2025,188,SI011754,F,VS,FAN30,7041- LIME WEDGES,7041,LIME WEDGES,FOO,EA,31,2,4.78,9.56
BGI3,7/1/2025,188,SI011754,F,VS,FPAX04,23234-PER PASSENGER CHARGE,23234,OVERHEAD - J PAX OVERHEAD - PER PAX,SER,EA,31,30,36.774,1103.22
BGI3,7/1/2025,188,SI011754,J,VS,1JCH03,SP124631 - CHILD MEAL [J/C],SP124631,CHML,FOO,EA,48,1,14.622,14.62
BGI3,7/1/2025,188,SI011754,J,VS,1JGF01,SP124628 - GFML [J/C],SP124628,GFML,FOO,EA,48,1,22.504,22.5
BGI3,7/1/2025,188,SI011754,J,VS,JDT33,LO2622- TRAY SET MM,LO2622,TRAY SET UP,SER,EA,48,46,16.138,742.35
BGI3,7/1/2025,188,SI011754,J,VS,JPAX02,23237-PER PASSENGER CHARGE,23237,OVERHEAD - W PAX OVERHEAD - PER PAX,SER,EA,48,47,16.939,796.13
BGI3,7/1/2025,188,SI011754,Y,VS,1YAV01,SP124700- AVML [Y/C],SP124700,AVML,FOO,EA,185,3,15.115,45.35
BGI3,7/1/2025,188,SI011754,Y,VS,1YBA02,BABY MEAL - CATERER OWNED,SP124710,BBML,STO,EA,185,1,15.93,15.93
BGI3,7/1/2025,188,SI011754,Y,VS,1YCH04,SP124709- CHML [Y/C],SP124709,CHML,FOO,EA,185,2,14.622,29.24
BGI3,7/1/2025,188,SI011754,Y,VS,1YGF01,SP124706 - GFML [Y/C],SP124706,GFML,FOO,EA,185,2,22.504,45.01
BGI3,7/1/2025,188,SI011754,Y,VS,1YVG01,SP124699- VGML [Y/C],SP124699,VGML,FOO,EA,185,2,14.694,29.39
BGI3,7/1/2025,188,SI011754,Y,VS,1YVL01,SP124698- VLML [Y/C],SP124698,VLML,FOO,EA,185,3,12.154,36.46
BGI3,7/1/2025,188,SI011754,Y,VS,3YDS01,3354- ORANGE JUICE-1LT,3354,BEVERAGES - ORANGE JUICE - 1 LT,STO,EA,185,29,2.124,61.6
BGI3,7/1/2025,188,SI011754,Y,VS,3YDS02,3335-TOMATO JUICE 1LT,3335,BEVERAGES - TOMATO JUICE - 1 LT,STO,EA,185,1,4.057,4.06
BGI3,7/1/2025,188,SI011754,Y,VS,3YDS03,3376-CRANBERRY JUICE,3376,BEVERAGES - CRANBERRY JUICE - 1 LT,STO,EA,185,2,5.101,10.2
BGI3,7/1/2025,188,SI011754,Y,VS,3YDS04,3353-APPLE JUICE 1LTR,3353,BEVERAGES - APPLE JUICE - 1 LT,STO,EA,185,17,2.124,36.11
BGI3,7/1/2025,188,SI011754,Y,VS,3YDS06,3476-MINERAL WATER 1.5LT,3476,BEVERAGES - MINERAL WATER STILL - 1 LT,STO,EA,185,48,2.36,113.28
BGI3,7/1/2025,188,SI011754,Y,VS,3YDS07,33169-SPARKLING WATER 1LT,33169,BEVERAGES - MINERAL WATER SPARK - 1 LT,STO,EA,185,14,3.274,45.84
BGI3,7/1/2025,188,SI011754,Y,VS,3YDS11,213774-PLASTIC BAG,213774,EQUIPMENT - BAG- PLASTIC BAG,EQU,EA,185,1,0.368,0.37
BGI3,7/1/2025,188,SI011754,Y,VS,3YS022,ORANGE LINEN BAG,151383,LAUNDRY - BAG LINEN ORANGE 2014,LAU,EA,185,1,1.969,1.97
BGI3,7/1/2025,188,SI011754,Y,VS,3YS023,LINEN TABLECLOTH,3526,LAUNDRY - TABLE CLOTH/RUNNER 2014,LAU,EA,185,33,0.652,21.52
BGI3,7/1/2025,188,SI011754,Y,VS,3YS024,LINEN NAPKINS,3527,LAUNDRY - LINEN FOLDED NAPKIN 2014,LAU,EA,185,75,0.522,39.15
BGI3,7/1/2025,188,SI011754,Y,VS,3YS032,145995-EQUIP PK - STORES 300,145995,PACKING - FLIGHT PACKING - A330-300,SER,EA,185,1,167.95,167.95
BGI3,7/1/2025,188,SI011754,Y,VS,3YS035,145991-TRANS.- HANDLING 33J,145991,TURNAROUND - STRIP - LOAD - A330-300 - 3 FLIGHTS,SER,EA,185,1,483.897,483.9
BGI3,7/1/2025,188,SI011754,Y,VS,3YS036,145994- WASH UP A330-300,145994,WASH UP - WASH UP - A330-900,SER,EA,185,1,404.383,404.38
BGI3,7/1/2025,188,SI011754,Y,VS,3YS038,17.5% VAT ON LAUNDRY CHRG 33J,51069SALE,SALES TAX - LAUNDRY,VAT,EA,185,1,10.961,10.96
BGI3,7/1/2025,188,SI011754,Y,VS,3YS063,25137-CUTLERY WRAP 1ST SERV 33,25137,PACKING - CUTLERY WRAPPING FIRST SERVICE - A330-30,SER,EA,185,1,8.435,8.44
BGI3,7/1/2025,188,SI011754,Y,VS,3YS064,33819-CUTLERY WRAP 2ND SERV 33,33819,PACKING - CUTLERY WRAPPING SECOND SERVICE - A330-3,SER,EA,185,1,8.435,8.44
BGI3,7/1/2025,188,SI011754,Y,VS,3YS071,32673-CULT WASH-PL 1SER 300,32673,PACKING - CUTLERY WASHUP - POLISHING FIRST SERVICE,SER,EA,185,1,27.272,27.27
BGI3,7/1/2025,188,SI011754,Y,VS,3YS072,33141-CULT WASH-PL 2SER 300,33141,PACKING - CUTLERY WASHUP - POLISHING SECOND SERVIC,SER,EA,185,1,18.363,18.36
BGI3,7/1/2025,188,SI011754,Y,VS,FAN17,19382-MILK 100% [Y],19382,FULL FAT MILK - PINT,STO,EA,185,2,4.805,9.61
BGI3,7/1/2025,188,SI011754,Y,VS,FAN18,19384- MILK 2% [Y],19384,SEMI SKIMMED MILK - PINT,STO,EA,185,4,4.805,19.22
BGI3,7/1/2025,188,SI011754,Y,VS,FAN19,7042-LEMON HALVES [Y],7042,LIME WEDGES,FOO,EA,185,8,5.125,41
BGI3,7/1/2025,188,SI011754,Y,VS,FAN20,19380- WET ICE [6LB BAG] [Y],19380,WET ICE,WET,EA,185,8,2.942,23.54
BGI3,7/1/2025,188,SI011754,Y,VS,YBE11,174148-BREAKFAST BOX,174148,,,EA,185,173,8.412,1455.28
BGI3,7/1/2025,188,SI011754,Y,VS,YPAX03,23240- PER PASSENGER CHARGE[Y],23240,OVERHEAD - Y PAX OVERHEAD - PER PAX,SER,EA,185,184,13.856,2549.5
BGI3,7/1/2025,188,SI011754,YC,VS,2CE067,LO8753 - ROASTED RAVOLI CHR,LO8753,,,EA,12,3,12.016,36.05
BGI3,7/1/2025,188,SI011754,YC,VS,2CE068,LO8754 - ROAST TURK ENTREE CHR,LO8754,,,EA,12,3,19.434,58.3
BGI3,7/1/2025,188,SI011754,YC,VS,2CFF11,LO4110-WHOLE FRUIT 1,LO4110,SEASONAL WHOLE FRUIT OPTION 1,FOO,EA,12,6,4.622,27.73
BGI3,7/1/2025,188,SI011754,YC,VS,CPAX02,28728- C CREW SVC CHARGE,28728,OVERHEAD - CC OVERHEAD - PER PAX,SER,EA,12,12,25.48,305.76
BGI3,7/1/2025,188A,SI011753,J,VS,JSN05,LO7135 - ORIGINAL SHIRLEY,LO7135,ORIGINAL SHIRLEY BISCUIT,STO,EA,14,14,1.096,15.34
BGI3,8/1/2025,197,SI011755,J,VS,JSN05,LO7135 - ORIGINAL SHIRLEY,LO7135,ORIGINAL SHIRLEY BISCUIT,STO,EA,23,23,1.096,25.21
BGI3,8/1/2025,197,SI011755,Y,VS,3YS035,145991-TRANS.- HANDLING 33J,145991,TURNAROUND - STRIP - LOAD - A330-300 - 3 FLIGHTS,SER,EA,140,1,483.897,483.9
BGI3,8/1/2025,198,SI011759,F,VS,1FCH02,SP124543 - CHILD MEAL [F/C],SP124543,CHML,FOO,EA,32,4,29.908,119.63
BGI3,8/1/2025,198,SI011759,F,VS,FAN12,19381- MILK 100%,19381,FULL FAT MILK - PINT,STO,EA,32,4,4.805,19.22
BGI3,8/1/2025,198,SI011759,F,VS,FAN13,19383- MILK 2%,19383,SEMI SKIMMED MILK - PINT,STO,EA,32,2,4.805,9.61
BGI3,8/1/2025,198,SI011759,F,VS,FAN14,19385-LEMON HALVES,19385,LEMON WEDGES,FOO,EA,32,2,5.125,10.25
BGI3,8/1/2025,198,SI011759,F,VS,FAN21,19379-WET ICE[6LB BAG],19379,WET ICE,WET,EA,32,4,2.942,11.77
BGI3,8/1/2025,198,SI011759,F,VS,FAN30,7041- LIME WEDGES,7041,LIME WEDGES,FOO,EA,32,2,4.78,9.56
BGI3,8/1/2025,198,SI011759,F,VS,FCS153,LO8803 - JERK PORK SATAYS,LO8803,,,EA,32,14,6.072,85.01
BGI3,8/1/2025,198,SI011759,F,VS,FCS154,LO8804 - PUMKIN HUMMUS,LO8804,,,EA,32,17,5.176,87.99
BGI3,8/1/2025,198,SI011759,F,VS,FDD108,LO8805 - DOUBLE CHOC CHE CAKE,LO8805,,,EA,32,11,5.38,59.18
BGI3,8/1/2025,198,SI011759,F,VS,FDD109,LO8806 - CARAMEL - PUMKIN BREA,LO8806,,,EA,32,14,4.83,67.62
BGI3,8/1/2025,198,SI011759,F,VS,FPAX04,23234-PER PASSENGER CHARGE,23234,OVERHEAD - J PAX OVERHEAD - PER PAX,SER,EA,32,32,36.774,1176.77
BGI3,8/1/2025,198,SI011759,J,VS,1JCH03,SP124631 - CHILD MEAL [J/C],SP124631,CHML,FOO,EA,46,2,14.622,29.24
BGI3,8/1/2025,198,SI011759,J,VS,1JGF01,SP124628 - GFML [J/C],SP124628,GFML,FOO,EA,46,1,22.504,22.5
BGI3,8/1/2025,198,SI011759,J,VS,1JVL01,SP124620 - VLML [J/C],SP124620,VLML,FOO,EA,46,1,12.174,12.17
BGI3,8/1/2025,198,SI011759,J,VS,1YBA02,BABY MEAL - CATERER OWNED,SP124710,BBML,STO,EA,46,1,15.93,15.93
BGI3,8/1/2025,198,SI011759,J,VS,JDT33,LO2622- TRAY SET MM,LO2622,TRAY SET UP,SER,EA,46,42,16.138,677.8
BGI3,8/1/2025,198,SI011759,J,VS,JPAX02,23237-PER PASSENGER CHARGE,23237,OVERHEAD - W PAX OVERHEAD - PER PAX,SER,EA,46,46,16.939,779.19
BGI3,8/1/2025,198,SI011759,Y,VS,1YAV01,SP124700- AVML [Y/C],SP124700,AVML,FOO,EA,184,1,15.115,15.12
BGI3,8/1/2025,198,SI011759,Y,VS,1YCH04,SP124709- CHML [Y/C],SP124709,CHML,FOO,EA,184,2,14.622,29.24
BGI3,8/1/2025,198,SI011759,Y,VS,1YDB01,SP124707 - DBML [Y/C],SP124707,DBML,FOO,EA,184,1,22.504,22.5
BGI3,8/1/2025,198,SI011759,Y,VS,1YGF01,SP124706 - GFML [Y/C],SP124706,GFML,FOO,EA,184,2,22.504,45.01
BGI3,8/1/2025,198,SI011759,Y,VS,1YNL01,SP124712 - NLML [Y/C],SP124712,NLML,FOO,EA,184,1,22.504,22.5
BGI3,8/1/2025,198,SI011759,Y,VS,1YSP03,SP124701 - JAIN [Y/C],SP124701,VJML,FOO,EA,184,1,16.278,16.28
BGI3,8/1/2025,198,SI011759,Y,VS,1YVG01,SP124699- VGML [Y/C],SP124699,VGML,FOO,EA,184,5,14.694,73.47
BGI3,8/1/2025,198,SI011759,Y,VS,3YDS01,3354- ORANGE JUICE-1LT,3354,BEVERAGES - ORANGE JUICE - 1 LT,STO,EA,184,28,2.124,59.47
BGI3,8/1/2025,198,SI011759,Y,VS,3YDS02,3335-TOMATO JUICE 1LT,3335,BEVERAGES - TOMATO JUICE - 1 LT,STO,EA,184,3,4.057,12.17
BGI3,8/1/2025,198,SI011759,Y,VS,3YDS03,3376-CRANBERRY JUICE,3376,BEVERAGES - CRANBERRY JUICE - 1 LT,STO,EA,184,3,5.101,15.3
BGI3,8/1/2025,198,SI011759,Y,VS,3YDS04,3353-APPLE JUICE 1LTR,3353,BEVERAGES - APPLE JUICE - 1 LT,STO,EA,184,17,2.124,36.11
BGI3,8/1/2025,198,SI011759,Y,VS,3YDS06,3476-MINERAL WATER 1.5LT,3476,BEVERAGES - MINERAL WATER STILL - 1 LT,STO,EA,184,54,2.36,127.44
BGI3,8/1/2025,198,SI011759,Y,VS,3YDS07,33169-SPARKLING WATER 1LT,33169,BEVERAGES - MINERAL WATER SPARK - 1 LT,STO,EA,184,13,3.274,42.56
BGI3,8/1/2025,198,SI011759,Y,VS,3YDS11,213774-PLASTIC BAG,213774,EQUIPMENT - BAG- PLASTIC BAG,EQU,EA,184,1,0.368,0.37
BGI3,8/1/2025,198,SI011759,Y,VS,3YS022,ORANGE LINEN BAG,151383,LAUNDRY - BAG LINEN ORANGE 2014,LAU,EA,184,1,1.969,1.97
BGI3,8/1/2025,198,SI011759,Y,VS,3YS023,LINEN TABLECLOTH,3526,LAUNDRY - TABLE CLOTH/RUNNER 2014,LAU,EA,184,33,0.652,21.52
BGI3,8/1/2025,198,SI011759,Y,VS,3YS024,LINEN NAPKINS,3527,LAUNDRY - LINEN FOLDED NAPKIN 2014,LAU,EA,184,75,0.522,39.15
BGI3,8/1/2025,198,SI011759,Y,VS,3YS032,145995-EQUIP PK - STORES 300,145995,PACKING - FLIGHT PACKING - A330-300,SER,EA,184,1,167.95,167.95
BGI3,8/1/2025,198,SI011759,Y,VS,3YS035,145991-TRANS.- HANDLING 33J,145991,TURNAROUND - STRIP - LOAD - A330-300 - 3 FLIGHTS,SER,EA,184,1,483.897,483.9
BGI3,8/1/2025,198,SI011759,Y,VS,3YS036,145994- WASH UP A330-300,145994,WASH UP - WASH UP - A330-900,SER,EA,184,1,404.383,404.38
BGI3,8/1/2025,198,SI011759,Y,VS,3YS038,17.5% VAT ON LAUNDRY CHRG 33J,51069SALE,SALES TAX - LAUNDRY,VAT,EA,184,1,10.961,10.96
BGI3,8/1/2025,198,SI011759,Y,VS,3YS063,25137-CUTLERY WRAP 1ST SERV 33,25137,PACKING - CUTLERY WRAPPING FIRST SERVICE - A330-30,SER,EA,184,1,8.435,8.44
BGI3,8/1/2025,198,SI011759,Y,VS,3YS064,33819-CUTLERY WRAP 2ND SERV 33,33819,PACKING - CUTLERY WRAPPING SECOND SERVICE - A330-3,SER,EA,184,1,8.435,8.44
BGI3,8/1/2025,198,SI011759,Y,VS,3YS071,32673-CULT WASH-PL 1SER 300,32673,PACKING - CUTLERY WASHUP - POLISHING FIRST SERVICE,SER,EA,184,1,27.272,27.27
BGI3,8/1/2025,198,SI011759,Y,VS,3YS072,33141-CULT WASH-PL 2SER 300,33141,PACKING - CUTLERY WASHUP - POLISHING SECOND SERVIC,SER,EA,184,1,18.363,18.36
BGI3,8/1/2025,198,SI011759,Y,VS,FAN17,19382-MILK 100% [Y],19382,FULL FAT MILK - PINT,STO,EA,184,2,4.805,9.61
BGI3,8/1/2025,198,SI011759,Y,VS,FAN18,19384- MILK 2% [Y],19384,SEMI SKIMMED MILK - PINT,STO,EA,184,4,4.805,19.22
BGI3,8/1/2025,198,SI011759,Y,VS,FAN19,7042-LEMON HALVES [Y],7042,LIME WEDGES,FOO,EA,184,8,5.125,41
BGI3,8/1/2025,198,SI011759,Y,VS,FAN20,19380- WET ICE [6LB BAG] [Y],19380,WET ICE,WET,EA,184,8,2.942,23.54
BGI3,8/1/2025,198,SI011759,Y,VS,YBE11,174148-BREAKFAST BOX,174148,,,EA,184,171,8.412,1438.45
BGI3,8/1/2025,198,SI011759,Y,VS,YPAX03,23240- PER PASSENGER CHARGE[Y],23240,OVERHEAD - Y PAX OVERHEAD - PER PAX,SER,EA,184,178,13.856,2466.37
BGI3,8/1/2025,198,SI011759,YC,VS,2CE069, COCO CURRY,LO8708,WILD RICE COCONUT CURRY SAUCE VEG,FOO,EA,12,3,6.438,19.31
BGI3,8/1/2025,198,SI011759,YC,VS,2CE070,LO8709 - GARLIC MASH CHIX THIG,LO8709,GARLIC MASH SEARED CHIX GREEN PEPPERCORN SAUCE,FOO,EA,12,3,10.838,32.51
BGI3,8/1/2025,198,SI011759,YC,VS,2CE071,LO8710 - MAHI W GARL ORZO PAS,LO8710,SEARED MAHI ORZO PASTA CREOLE SAUCE VEG,FOO,EA,12,2,12.378,24.76
BGI3,8/1/2025,198,SI011759,YC,VS,2CE072,LO8711 - PORKLOIN W PO GRATIN,LO8711,SEARED PORK POTATO GRATIN VEG,FOO,EA,12,2,13.84,27.68
BGI3,8/1/2025,198,SI011759,YC,VS,2CE073,LO8712 - CHEESE RAVIOLI,LO8712,CHEESE RAVIOLI,FOO,EA,12,2,8.718,17.44
BGI3,8/1/2025,198,SI011759,YC,VS,2CFF11,LO4110-WHOLE FRUIT 1,LO4110,SEASONAL WHOLE FRUIT OPTION 1,FOO,EA,12,6,4.622,27.73
BGI3,8/1/2025,198,SI011759,YC,VS,2CFS44,LO5113- EGG SALAD SANDWICH,LO5113,EGG SALAD SANDWICH,FOO,EA,12,3,5.374,16.12
BGI3,8/1/2025,198,SI011759,YC,VS,2CFS45,LO5115- TUNASALAD SANDWICH,LO5115,TUNA SALAD SANDWICH,FOO,EA,12,2,6.734,13.47
BGI3,8/1/2025,198,SI011759,YC,VS,2CFS49,LO5119- BAP - STREAKY BACON,LO5119,SCOTTISH BAP WITH BACON,FOO,EA,12,4,4.866,19.46
BGI3,8/1/2025,198,SI011759,YC,VS,2CFS52,LO5368- PLAIN BAGEL -PC CR CH,LO5368,PLAIN BAGEL WITH PC CREAM CHEESE,FOO,EA,12,4,4.086,16.34
BGI3,8/1/2025,198,SI011759,YC,VS,2CFS77,LO8713 - HAM SANDWICH,LO8713,HAM SANDWICH,FOO,EA,12,3,7.734,23.2
BGI3,8/1/2025,198,SI011759,YC,VS,2CFS78,LO8714 - CHEESE TOMATO WRAP,LO8714,CHEESE TOMATO CUCUMBER WRAP,FOO,EA,12,2,6.694,13.39
BGI3,8/1/2025,198,SI011759,YC,VS,2CFS79,LO8715 - CHICKEN CHEESE BAGEL,LO8715,CHICKEN AND CHEESE BAGEL,FOO,EA,12,2,5.014,10.03
BGI3,8/1/2025,198,SI011759,YC,VS,2CFS80,LO8716 - TURKEY SANDWICH,LO8716,TURKEY SANDWICH,FOO,EA,12,4,7.896,31.58
BGI3,8/1/2025,198,SI011759,YC,VS,2CFS81, CHUTNE,LO8718,TILLAMOOK CHEESE CARR TROPICAL CHUTNEY,FOO,EA,12,6,6.788,40.73
BGI3,8/1/2025,198,SI011759,YC,VS,2CFS82,LO8717 - PROTEIN POT W OLIVES,LO8717,PUMPKIN HUMMUS C CHEESE BLACK OLIVES PITTA BREAD T,FOO,EA,12,6,6.904,41.42
BGI3,8/1/2025,198,SI011759,YC,VS,CPAX02,28728- C CREW SVC CHARGE,28728,OVERHEAD - CC OVERHEAD - PER PAX,SER,EA,12,12,25.48,305.76
BGI3,8/1/2025,132,SI011760,F,VS,1YBA02,BABY MEAL - CATERER OWNED,SP124710,BBML,STO,EA,44,1,15.93,15.93
BGI3,8/1/2025,132,SI011760,F,VS,FAN12,19381- MILK 100%,19381,FULL FAT MILK - PINT,STO,EA,44,5,4.805,24.03
BGI3,8/1/2025,132,SI011760,F,VS,FAN13,19383- MILK 2%,19383,SEMI SKIMMED MILK - PINT,STO,EA,44,2,4.805,9.61
BGI3,8/1/2025,132,SI011760,F,VS,FAN14,19385-LEMON HALVES,19385,LEMON WEDGES,FOO,EA,44,3,5.125,15.38
BGI3,8/1/2025,132,SI011760,F,VS,FAN21,19379-WET ICE[6LB BAG],19379,WET ICE,WET,EA,44,6,2.942,17.65
BGI3,8/1/2025,132,SI011760,F,VS,FAN30,7041- LIME WEDGES,7041,LIME WEDGES,FOO,EA,44,2,4.78,9.56
BGI3,8/1/2025,132,SI011760,F,VS,FCS153,LO8803 - JERK PORK SATAYS,LO8803,,,EA,44,22,6.072,133.58
BGI3,8/1/2025,132,SI011760,F,VS,FCS154,LO8804 - PUMKIN HUMMUS,LO8804,,,EA,44,26,5.176,134.58
BGI3,8/1/2025,132,SI011760,F,VS,FDD108,LO8805 - DOUBLE CHOC CHE CAKE,LO8805,,,EA,44,18,5.38,96.84
BGI3,8/1/2025,132,SI011760,F,VS,FDD109,LO8806 - CARAMEL - PUMKIN BREA,LO8806,,,EA,44,22,4.83,106.26
BGI3,8/1/2025,132,SI011760,F,VS,FPAX04,23234-PER PASSENGER CHARGE,23234,OVERHEAD - J PAX OVERHEAD - PER PAX,SER,EA,44,42,36.774,1544.51
BGI3,8/1/2025,132,SI011760,J,VS,1JAV01,SP124622 - AVML [J/C],SP124622,AVML,FOO,EA,56,2,15.115,30.23
BGI3,8/1/2025,132,SI011760,J,VS,1JFP01,SP124635 - FPML [J/C],SP124635,FPML,FOO,EA,56,1,18.156,18.16
BGI3,8/1/2025,132,SI011760,J,VS,1JGF01,SP124628 - GFML [J/C],SP124628,GFML,FOO,EA,56,1,22.504,22.5
BGI3,8/1/2025,132,SI011760,J,VS,1JVG01,SP124621 - VGML [J/C],SP124621,VGML,FOO,EA,56,1,14.694,14.69
BGI3,8/1/2025,132,SI011760,J,VS,1JVL01,SP124620 - VLML [J/C],SP124620,VLML,FOO,EA,56,2,12.174,24.35
BGI3,8/1/2025,132,SI011760,J,VS,JDT33,LO2622- TRAY SET MM,LO2622,TRAY SET UP,SER,EA,56,49,16.138,790.76
BGI3,8/1/2025,132,SI011760,J,VS,JPAX02,23237-PER PASSENGER CHARGE,23237,OVERHEAD - W PAX OVERHEAD - PER PAX,SER,EA,56,54,16.939,914.71
BGI3,8/1/2025,132,SI011760,Y,VS,1YAV01,SP124700- AVML [Y/C],SP124700,AVML,FOO,EA,235,4,15.115,60.46
BGI3,8/1/2025,132,SI011760,Y,VS,1YCH04,SP124709- CHML [Y/C],SP124709,CHML,FOO,EA,235,3,14.622,43.87
BGI3,8/1/2025,132,SI011760,Y,VS,1YGF01,SP124706 - GFML [Y/C],SP124706,GFML,FOO,EA,235,4,22.504,90.02
BGI3,8/1/2025,132,SI011760,Y,VS,1YHN01,SP124703 - HNML [Y/C],SP124703,HNML,FOO,EA,235,1,17.178,17.18
BGI3,8/1/2025,132,SI011760,Y,VS,1YSP03,SP124701 - JAIN [Y/C],SP124701,VJML,FOO,EA,235,1,16.278,16.28
BGI3,8/1/2025,132,SI011760,Y,VS,1YVG01,SP124699- VGML [Y/C],SP124699,VGML,FOO,EA,235,4,14.694,58.78
BGI3,8/1/2025,132,SI011760,Y,VS,1YVL01,SP124698- VLML [Y/C],SP124698,VLML,FOO,EA,235,5,12.154,60.77
BGI3,8/1/2025,132,SI011760,Y,VS,3YDS01,3354- ORANGE JUICE-1LT,3354,BEVERAGES - ORANGE JUICE - 1 LT,STO,EA,235,24,2.124,50.98
BGI3,8/1/2025,132,SI011760,Y,VS,3YDS02,3335-TOMATO JUICE 1LT,3335,BEVERAGES - TOMATO JUICE - 1 LT,STO,EA,235,2,4.057,8.11
BGI3,8/1/2025,132,SI011760,Y,VS,3YDS03,3376-CRANBERRY JUICE,3376,BEVERAGES - CRANBERRY JUICE - 1 LT,STO,EA,235,1,5.101,5.1
BGI3,8/1/2025,132,SI011760,Y,VS,3YDS04,3353-APPLE JUICE 1LTR,3353,BEVERAGES - APPLE JUICE - 1 LT,STO,EA,235,16,2.124,33.98
BGI3,8/1/2025,132,SI011760,Y,VS,3YDS06,3476-MINERAL WATER 1.5LT,3476,BEVERAGES - MINERAL WATER STILL - 1 LT,STO,EA,235,84,2.36,198.24
BGI3,8/1/2025,132,SI011760,Y,VS,3YDS07,33169-SPARKLING WATER 1LT,33169,BEVERAGES - MINERAL WATER SPARK - 1 LT,STO,EA,235,9,3.274,29.47
BGI3,8/1/2025,132,SI011760,Y,VS,3YDS11,213774-PLASTIC BAG,213774,EQUIPMENT - BAG- PLASTIC BAG,EQU,EA,235,2,0.368,0.74
BGI3,8/1/2025,132,SI011760,Y,VS,3YS022,ORANGE LINEN BAG,151383,LAUNDRY - BAG LINEN ORANGE 2014,LAU,EA,235,2,1.969,3.94
BGI3,8/1/2025,132,SI011760,Y,VS,3YS024,LINEN NAPKINS,3527,LAUNDRY - LINEN FOLDED NAPKIN 2014,LAU,EA,235,128,0.522,66.82
BGI3,8/1/2025,132,SI011760,Y,VS,3YS032,145995-EQUIP PK - STORES 300,145995,PACKING - FLIGHT PACKING - A330-300,SER,EA,235,1,167.95,167.95
BGI3,8/1/2025,132,SI011760,Y,VS,3YS035,145991-TRANS.- HANDLING 33J,145991,TURNAROUND - STRIP - LOAD - A330-300 - 3 FLIGHTS,SER,EA,235,1,483.897,483.9
BGI3,8/1/2025,132,SI011760,Y,VS,3YS036,145994- WASH UP A330-300,145994,WASH UP - WASH UP - A330-900,SER,EA,235,1,404.383,404.38
BGI3,8/1/2025,132,SI011760,Y,VS,3YS038,17.5% VAT ON LAUNDRY CHRG 33J,51069SALE,SALES TAX - LAUNDRY,VAT,EA,235,1,10.961,10.96
BGI3,8/1/2025,132,SI011760,Y,VS,3YS063,25137-CUTLERY WRAP 1ST SERV 33,25137,PACKING - CUTLERY WRAPPING FIRST SERVICE - A330-30,SER,EA,235,1,8.435,8.44
BGI3,8/1/2025,132,SI011760,Y,VS,3YS064,33819-CUTLERY WRAP 2ND SERV 33,33819,PACKING - CUTLERY WRAPPING SECOND SERVICE - A330-3,SER,EA,235,1,8.435,8.44
BGI3,8/1/2025,132,SI011760,Y,VS,3YS071,32673-CULT WASH-PL 1SER 300,32673,PACKING - CUTLERY WASHUP - POLISHING FIRST SERVICE,SER,EA,235,1,27.272,27.27
BGI3,8/1/2025,132,SI011760,Y,VS,3YS072,33141-CULT WASH-PL 2SER 300,33141,PACKING - CUTLERY WASHUP - POLISHING SECOND SERVIC,SER,EA,235,1,18.363,18.36
BGI3,8/1/2025,132,SI011760,Y,VS,FAN17,19382-MILK 100% [Y],19382,FULL FAT MILK - PINT,STO,EA,235,2,4.805,9.61
BGI3,8/1/2025,132,SI011760,Y,VS,FAN18,19384- MILK 2% [Y],19384,SEMI SKIMMED MILK - PINT,STO,EA,235,4,4.805,19.22
BGI3,8/1/2025,132,SI011760,Y,VS,FAN19,7042-LEMON HALVES [Y],7042,LIME WEDGES,FOO,EA,235,10,5.125,51.25
BGI3,8/1/2025,132,SI011760,Y,VS,FAN20,19380- WET ICE [6LB BAG] [Y],19380,WET ICE,WET,EA,235,10,2.942,29.42
BGI3,8/1/2025,132,SI011760,Y,VS,YBE11,174148-BREAKFAST BOX,174148,,,EA,235,213,8.412,1791.76
BGI3,8/1/2025,132,SI011760,Y,VS,YPAX03,23240- PER PASSENGER CHARGE[Y],23240,OVERHEAD - Y PAX OVERHEAD - PER PAX,SER,EA,235,235,13.856,3256.16
BGI3,8/1/2025,132,SI011760,YC,VS,2CE069, COCO CURRY,LO8708,WILD RICE COCONUT CURRY SAUCE VEG,FOO,EA,12,3,6.438,19.31
BGI3,8/1/2025,132,SI011760,YC,VS,2CE070,LO8709 - GARLIC MASH CHIX THIG,LO8709,GARLIC MASH SEARED CHIX GREEN PEPPERCORN SAUCE,FOO,EA,12,3,10.838,32.51
BGI3,8/1/2025,132,SI011760,YC,VS,2CE071,LO8710 - MAHI W GARL ORZO PAS,LO8710,SEARED MAHI ORZO PASTA CREOLE SAUCE VEG,FOO,EA,12,2,12.378,24.76
BGI3,8/1/2025,132,SI011760,YC,VS,2CE072,LO8711 - PORKLOIN W PO GRATIN,LO8711,SEARED PORK POTATO GRATIN VEG,FOO,EA,12,2,13.84,27.68
BGI3,8/1/2025,132,SI011760,YC,VS,2CE073,LO8712 - CHEESE RAVIOLI,LO8712,CHEESE RAVIOLI,FOO,EA,12,2,8.718,17.44
BGI3,8/1/2025,132,SI011760,YC,VS,2CFF11,LO4110-WHOLE FRUIT 1,LO4110,SEASONAL WHOLE FRUIT OPTION 1,FOO,EA,12,6,4.622,27.73
BGI3,8/1/2025,132,SI011760,YC,VS,2CFS44,LO5113- EGG SALAD SANDWICH,LO5113,EGG SALAD SANDWICH,FOO,EA,12,3,5.374,16.12
BGI3,8/1/2025,132,SI011760,YC,VS,2CFS45,LO5115- TUNASALAD SANDWICH,LO5115,TUNA SALAD SANDWICH,FOO,EA,12,2,6.734,13.47
BGI3,8/1/2025,132,SI011760,YC,VS,2CFS49,LO5119- BAP - STREAKY BACON,LO5119,SCOTTISH BAP WITH BACON,FOO,EA,12,4,4.866,19.46
BGI3,8/1/2025,132,SI011760,YC,VS,2CFS52,LO5368- PLAIN BAGEL -PC CR CH,LO5368,PLAIN BAGEL WITH PC CREAM CHEESE,FOO,EA,12,4,4.086,16.34
BGI3,8/1/2025,132,SI011760,YC,VS,2CFS77,LO8713 - HAM SANDWICH,LO8713,HAM SANDWICH,FOO,EA,12,3,7.734,23.2
BGI3,8/1/2025,132,SI011760,YC,VS,2CFS78,LO8714 - CHEESE TOMATO WRAP,LO8714,CHEESE TOMATO CUCUMBER WRAP,FOO,EA,12,2,6.694,13.39
BGI3,8/1/2025,132,SI011760,YC,VS,2CFS79,LO8715 - CHICKEN CHEESE BAGEL,LO8715,CHICKEN AND CHEESE BAGEL,FOO,EA,12,2,5.014,10.03
BGI3,8/1/2025,132,SI011760,YC,VS,2CFS80,LO8716 - TURKEY SANDWICH,LO8716,TURKEY SANDWICH,FOO,EA,12,4,7.896,31.58
BGI3,8/1/2025,132,SI011760,YC,VS,2CFS81, CHUTNE,LO8718,TILLAMOOK CHEESE CARR TROPICAL CHUTNEY,FOO,EA,12,6,6.788,40.73
BGI3,8/1/2025,132,SI011760,YC,VS,2CFS82,LO8717 - PROTEIN POT W OLIVES,LO8717,PUMPKIN HUMMUS C CHEESE BLACK OLIVES PITTA BREAD T,FOO,EA,12,6,6.904,41.42
BGI3,8/1/2025,132,SI011760,YC,VS,CPAX02,28728- C CREW SVC CHARGE,28728,OVERHEAD - CC OVERHEAD - PER PAX,SER,EA,12,12,25.48,305.76
BGI3,8/1/2025,198A,SI011756,J,VS,JSN05,LO7135 - ORIGINAL SHIRLEY,LO7135,ORIGINAL SHIRLEY BISCUIT,STO,EA,28,28,1.096,30.69
BGI3,9/1/2025,78,SI011761,F,VS,FAN12,19381- MILK 100%,19381,FULL FAT MILK - PINT,STO,EA,31,4,4.805,19.22
BGI3,9/1/2025,78,SI011761,F,VS,FAN13,19383- MILK 2%,19383,SEMI SKIMMED MILK - PINT,STO,EA,31,2,4.805,9.61
BGI3,9/1/2025,78,SI011761,F,VS,FAN14,19385-LEMON HALVES,19385,LEMON WEDGES,FOO,EA,31,2,5.125,10.25
BGI3,9/1/2025,78,SI011761,F,VS,FAN21,19379-WET ICE[6LB BAG],19379,WET ICE,WET,EA,31,4,2.942,11.77
BGI3,9/1/2025,78,SI011761,F,VS,FAN30,7041- LIME WEDGES,7041,LIME WEDGES,FOO,EA,31,2,4.78,9.56
BGI3,9/1/2025,78,SI011761,F,VS,FCS153,LO8803 - JERK PORK SATAYS,LO8803,,,EA,31,16,6.072,97.15
BGI3,9/1/2025,78,SI011761,F,VS,FCS154,LO8804 - PUMKIN HUMMUS,LO8804,,,EA,31,18,5.176,93.17
BGI3,9/1/2025,78,SI011761,F,VS,FDD108,LO8805 - DOUBLE CHOC CHE CAKE,LO8805,,,EA,31,12,5.38,64.56
BGI3,9/1/2025,78,SI011761,F,VS,FDD109,LO8806 - CARAMEL - PUMKIN BREA,LO8806,,,EA,31,16,4.83,77.28
BGI3,9/1/2025,78,SI011761,F,VS,FPAX04,23234-PER PASSENGER CHARGE,23234,OVERHEAD - J PAX OVERHEAD - PER PAX,SER,EA,31,31,36.774,1139.99
BGI3,9/1/2025,78,SI011761,J,VS,1JNL01,SP124634 - NLML [J/C],SP124634,NLML,FOO,EA,48,1,22.504,22.5
BGI3,9/1/2025,78,SI011761,J,VS,JDT33,LO2622- TRAY SET MM,LO2622,TRAY SET UP,SER,EA,48,47,16.138,758.49
BGI3,9/1/2025,78,SI011761,J,VS,JPAX02,23237-PER PASSENGER CHARGE,23237,OVERHEAD - W PAX OVERHEAD - PER PAX,SER,EA,48,47,16.939,796.13
BGI3,9/1/2025,78,SI011761,Y,VS,1YCH04,SP124709- CHML [Y/C],SP124709,CHML,FOO,EA,185,7,14.622,102.35
BGI3,9/1/2025,78,SI011761,Y,VS,1YGF01,SP124706 - GFML [Y/C],SP124706,GFML,FOO,EA,185,2,22.504,45.01
BGI3,9/1/2025,78,SI011761,Y,VS,1YVG01,SP124699- VGML [Y/C],SP124699,VGML,FOO,EA,185,2,14.694,29.39
BGI3,9/1/2025,78,SI011761,Y,VS,3YDS01,3354- ORANGE JUICE-1LT,3354,BEVERAGES - ORANGE JUICE - 1 LT,STO,EA,185,29,2.124,61.6
BGI3,9/1/2025,78,SI011761,Y,VS,3YDS02,3335-TOMATO JUICE 1LT,3335,BEVERAGES - TOMATO JUICE - 1 LT,STO,EA,185,1,4.057,4.06
BGI3,9/1/2025,78,SI011761,Y,VS,3YDS03,3376-CRANBERRY JUICE,3376,BEVERAGES - CRANBERRY JUICE - 1 LT,STO,EA,185,2,5.101,10.2
BGI3,9/1/2025,78,SI011761,Y,VS,3YDS04,3353-APPLE JUICE 1LTR,3353,BEVERAGES - APPLE JUICE - 1 LT,STO,EA,185,17,2.124,36.11
BGI3,9/1/2025,78,SI011761,Y,VS,3YDS06,3476-MINERAL WATER 1.5LT,3476,BEVERAGES - MINERAL WATER STILL - 1 LT,STO,EA,185,48,2.36,113.28
BGI3,9/1/2025,78,SI011761,Y,VS,3YDS07,33169-SPARKLING WATER 1LT,33169,BEVERAGES - MINERAL WATER SPARK - 1 LT,STO,EA,185,14,3.274,45.84
BGI3,9/1/2025,78,SI011761,Y,VS,3YDS11,213774-PLASTIC BAG,213774,EQUIPMENT - BAG- PLASTIC BAG,EQU,EA,185,1,0.368,0.37
BGI3,9/1/2025,78,SI011761,Y,VS,3YS022,ORANGE LINEN BAG,151383,LAUNDRY - BAG LINEN ORANGE 2014,LAU,EA,185,1,1.969,1.97
BGI3,9/1/2025,78,SI011761,Y,VS,3YS023,LINEN TABLECLOTH,3526,LAUNDRY - TABLE CLOTH/RUNNER 2014,LAU,EA,185,20,0.652,13.04
BGI3,9/1/2025,78,SI011761,Y,VS,3YS024,LINEN NAPKINS,3527,LAUNDRY - LINEN FOLDED NAPKIN 2014,LAU,EA,185,55,0.522,28.71
BGI3,9/1/2025,78,SI011761,Y,VS,3YS032,145995-EQUIP PK - STORES 300,145995,PACKING - FLIGHT PACKING - A330-300,SER,EA,185,1,167.95,167.95
BGI3,9/1/2025,78,SI011761,Y,VS,3YS035,145991-TRANS.- HANDLING 33J,145991,TURNAROUND - STRIP - LOAD - A330-300 - 3 FLIGHTS,SER,EA,185,1,483.897,483.9
BGI3,9/1/2025,78,SI011761,Y,VS,3YS036,145994- WASH UP A330-300,145994,WASH UP - WASH UP - A330-900,SER,EA,185,1,404.383,404.38
BGI3,9/1/2025,78,SI011761,Y,VS,3YS038,17.5% VAT ON LAUNDRY CHRG 33J,51069SALE,SALES TAX - LAUNDRY,VAT,EA,185,1,10.961,10.96
BGI3,9/1/2025,78,SI011761,Y,VS,3YS063,25137-CUTLERY WRAP 1ST SERV 33,25137,PACKING - CUTLERY WRAPPING FIRST SERVICE - A330-30,SER,EA,185,1,8.435,8.44
BGI3,9/1/2025,78,SI011761,Y,VS,3YS064,33819-CUTLERY WRAP 2ND SERV 33,33819,PACKING - CUTLERY WRAPPING SECOND SERVICE - A330-3,SER,EA,185,1,8.435,8.44
BGI3,9/1/2025,78,SI011761,Y,VS,3YS071,32673-CULT WASH-PL 1SER 300,32673,PACKING - CUTLERY WASHUP - POLISHING FIRST SERVICE,SER,EA,185,1,27.272,27.27
BGI3,9/1/2025,78,SI011761,Y,VS,3YS072,33141-CULT WASH-PL 2SER 300,33141,PACKING - CUTLERY WASHUP - POLISHING SECOND SERVIC,SER,EA,185,1,18.363,18.36
BGI3,9/1/2025,78,SI011761,Y,VS,FAN17,19382-MILK 100% [Y],19382,FULL FAT MILK - PINT,STO,EA,185,2,4.805,9.61
BGI3,9/1/2025,78,SI011761,Y,VS,FAN18,19384- MILK 2% [Y],19384,SEMI SKIMMED MILK - PINT,STO,EA,185,4,4.805,19.22
BGI3,9/1/2025,78,SI011761,Y,VS,FAN19,7042-LEMON HALVES [Y],7042,LIME WEDGES,FOO,EA,185,8,5.125,41
BGI3,9/1/2025,78,SI011761,Y,VS,FAN20,19380- WET ICE [6LB BAG] [Y],19380,WET ICE,WET,EA,185,8,2.942,23.54
BGI3,9/1/2025,78,SI011761,Y,VS,YBE11,174148-BREAKFAST BOX,174148,,,EA,185,174,8.412,1463.69
BGI3,9/1/2025,78,SI011761,Y,VS,YPAX03,23240- PER PASSENGER CHARGE[Y],23240,OVERHEAD - Y PAX OVERHEAD - PER PAX,SER,EA,185,183,13.856,2535.65
BGI3,9/1/2025,78,SI011761,YC,VS,2CE069, COCO CURRY,LO8708,WILD RICE COCONUT CURRY SAUCE VEG,FOO,EA,12,3,6.438,19.31
BGI3,9/1/2025,78,SI011761,YC,VS,2CE070,LO8709 - GARLIC MASH CHIX THIG,LO8709,GARLIC MASH SEARED CHIX GREEN PEPPERCORN SAUCE,FOO,EA,12,3,10.838,32.51
BGI3,9/1/2025,78,SI011761,YC,VS,2CE071,LO8710 - MAHI W GARL ORZO PAS,LO8710,SEARED MAHI ORZO PASTA CREOLE SAUCE VEG,FOO,EA,12,2,12.378,24.76
BGI3,9/1/2025,78,SI011761,YC,VS,2CE072,LO8711 - PORKLOIN W PO GRATIN,LO8711,SEARED PORK POTATO GRATIN VEG,FOO,EA,12,2,13.84,27.68
BGI3,9/1/2025,78,SI011761,YC,VS,2CE073,LO8712 - CHEESE RAVIOLI,LO8712,CHEESE RAVIOLI,FOO,EA,12,2,8.718,17.44
BGI3,9/1/2025,78,SI011761,YC,VS,2CFF11,LO4110-WHOLE FRUIT 1,LO4110,SEASONAL WHOLE FRUIT OPTION 1,FOO,EA,12,6,4.622,27.73
BGI3,9/1/2025,78,SI011761,YC,VS,2CFS44,LO5113- EGG SALAD SANDWICH,LO5113,EGG SALAD SANDWICH,FOO,EA,12,3,5.374,16.12
BGI3,9/1/2025,78,SI011761,YC,VS,2CFS45,LO5115- TUNASALAD SANDWICH,LO5115,TUNA SALAD SANDWICH,FOO,EA,12,2,6.734,13.47
BGI3,9/1/2025,78,SI011761,YC,VS,2CFS49,LO5119- BAP - STREAKY BACON,LO5119,SCOTTISH BAP WITH BACON,FOO,EA,12,4,4.866,19.46
BGI3,9/1/2025,78,SI011761,YC,VS,2CFS52,LO5368- PLAIN BAGEL -PC CR CH,LO5368,PLAIN BAGEL WITH PC CREAM CHEESE,FOO,EA,12,4,4.086,16.34
BGI3,9/1/2025,78,SI011761,YC,VS,2CFS77,LO8713 - HAM SANDWICH,LO8713,HAM SANDWICH,FOO,EA,12,3,7.734,23.2
BGI3,9/1/2025,78,SI011761,YC,VS,2CFS78,LO8714 - CHEESE TOMATO WRAP,LO8714,CHEESE TOMATO CUCUMBER WRAP,FOO,EA,12,2,6.694,13.39
BGI3,9/1/2025,78,SI011761,YC,VS,2CFS79,LO8715 - CHICKEN CHEESE BAGEL,LO8715,CHICKEN AND CHEESE BAGEL,FOO,EA,12,2,5.014,10.03
BGI3,9/1/2025,78,SI011761,YC,VS,2CFS80,LO8716 - TURKEY SANDWICH,LO8716,TURKEY SANDWICH,FOO,EA,12,4,7.896,31.58
BGI3,9/1/2025,78,SI011761,YC,VS,2CFS81, CHUTNE,LO8718,TILLAMOOK CHEESE CARR TROPICAL CHUTNEY,FOO,EA,12,6,6.788,40.73
BGI3,9/1/2025,78,SI011761,YC,VS,2CFS82,LO8717 - PROTEIN POT W OLIVES,LO8717,PUMPKIN HUMMUS C CHEESE BLACK OLIVES PITTA BREAD T,FOO,EA,12,6,6.904,41.42
BGI3,9/1/2025,78,SI011761,YC,VS,CPAX02,28728- C CREW SVC CHARGE,28728,OVERHEAD - CC OVERHEAD - PER PAX,SER,EA,12,12,25.48,305.76
BGI3,9/1/2025,132,SI011762,F,VS,1FCH02,SP124543 - CHILD MEAL [F/C],SP124543,CHML,FOO,EA,44,3,29.908,89.72
BGI3,9/1/2025,132,SI011762,F,VS,FAN12,19381- MILK 100%,19381,FULL FAT MILK - PINT,STO,EA,44,5,4.805,24.03
BGI3,9/1/2025,132,SI011762,F,VS,FAN13,19383- MILK 2%,19383,SEMI SKIMMED MILK - PINT,STO,EA,44,2,4.805,9.61
BGI3,9/1/2025,132,SI011762,F,VS,FAN14,19385-LEMON HALVES,19385,LEMON WEDGES,FOO,EA,44,3,5.125,15.38
BGI3,9/1/2025,132,SI011762,F,VS,FAN21,19379-WET ICE[6LB BAG],19379,WET ICE,WET,EA,44,6,2.942,17.65
BGI3,9/1/2025,132,SI011762,F,VS,FAN30,7041- LIME WEDGES,7041,LIME WEDGES,FOO,EA,44,2,4.78,9.56
BGI3,9/1/2025,132,SI011762,F,VS,FCS153,LO8803 - JERK PORK SATAYS,LO8803,,,EA,44,21,6.072,127.51
BGI3,9/1/2025,132,SI011762,F,VS,FCS154,LO8804 - PUMKIN HUMMUS,LO8804,,,EA,44,24,5.176,124.22
BGI3,9/1/2025,132,SI011762,F,VS,FDD108,LO8805 - DOUBLE CHOC CHE CAKE,LO8805,,,EA,44,16,5.38,86.08
BGI3,9/1/2025,132,SI011762,F,VS,FDD109,LO8806 - CARAMEL - PUMKIN BREA,LO8806,,,EA,44,21,4.83,101.43
BGI3,9/1/2025,132,SI011762,F,VS,FPAX04,23234-PER PASSENGER CHARGE,23234,OVERHEAD - J PAX OVERHEAD - PER PAX,SER,EA,44,42,36.774,1544.51
BGI3,9/1/2025,132,SI011762,J,VS,1JGF01,SP124628 - GFML [J/C],SP124628,GFML,FOO,EA,56,1,22.504,22.5
BGI3,9/1/2025,132,SI011762,J,VS,1JVG01,SP124621 - VGML [J/C],SP124621,VGML,FOO,EA,56,4,14.694,58.78
BGI3,9/1/2025,132,SI011762,J,VS,JDT33,LO2622- TRAY SET MM,LO2622,TRAY SET UP,SER,EA,56,51,16.138,823.04
BGI3,9/1/2025,132,SI011762,J,VS,JPAX02,23237-PER PASSENGER CHARGE,23237,OVERHEAD - W PAX OVERHEAD - PER PAX,SER,EA,56,56,16.939,948.58
BGI3,9/1/2025,132,SI011762,Y,VS,1YAV01,SP124700- AVML [Y/C],SP124700,AVML,FOO,EA,235,3,15.115,45.35
BGI3,9/1/2025,132,SI011762,Y,VS,1YBA02,BABY MEAL - CATERER OWNED,SP124710,BBML,STO,EA,235,2,15.93,31.86
BGI3,9/1/2025,132,SI011762,Y,VS,1YCH04,SP124709- CHML [Y/C],SP124709,CHML,FOO,EA,235,1,14.622,14.62
BGI3,9/1/2025,132,SI011762,Y,VS,1YDB01,SP124707 - DBML [Y/C],SP124707,DBML,FOO,EA,235,2,22.504,45.01
BGI3,9/1/2025,132,SI011762,Y,VS,1YFP01,SP124713 - FPML [Y/C],SP124713,FPML,FOO,EA,235,1,18.156,18.16
BGI3,9/1/2025,132,SI011762,Y,VS,1YGF01,SP124706 - GFML [Y/C],SP124706,GFML,FOO,EA,235,5,22.504,112.52
BGI3,9/1/2025,132,SI011762,Y,VS,1YNL01,SP124712 - NLML [Y/C],SP124712,NLML,FOO,EA,235,1,22.504,22.5
BGI3,9/1/2025,132,SI011762,Y,VS,1YVG01,SP124699- VGML [Y/C],SP124699,VGML,FOO,EA,235,2,14.694,29.39
BGI3,9/1/2025,132,SI011762,Y,VS,1YVL01,SP124698- VLML [Y/C],SP124698,VLML,FOO,EA,235,8,12.154,97.23
BGI3,9/1/2025,132,SI011762,Y,VS,3YDS01,3354- ORANGE JUICE-1LT,3354,BEVERAGES - ORANGE JUICE - 1 LT,STO,EA,235,17,2.124,36.11
BGI3,9/1/2025,132,SI011762,Y,VS,3YDS02,3335-TOMATO JUICE 1LT,3335,BEVERAGES - TOMATO JUICE - 1 LT,STO,EA,235,3,4.057,12.17
BGI3,9/1/2025,132,SI011762,Y,VS,3YDS03,3376-CRANBERRY JUICE,3376,BEVERAGES - CRANBERRY JUICE - 1 LT,STO,EA,235,1,5.101,5.1
BGI3,9/1/2025,132,SI011762,Y,VS,3YDS04,3353-APPLE JUICE 1LTR,3353,BEVERAGES - APPLE JUICE - 1 LT,STO,EA,235,14,2.124,29.74
BGI3,9/1/2025,132,SI011762,Y,VS,3YDS06,3476-MINERAL WATER 1.5LT,3476,BEVERAGES - MINERAL WATER STILL - 1 LT,STO,EA,235,85,2.36,200.6
BGI3,9/1/2025,132,SI011762,Y,VS,3YDS07,33169-SPARKLING WATER 1LT,33169,BEVERAGES - MINERAL WATER SPARK - 1 LT,STO,EA,235,13,3.274,42.56
BGI3,9/1/2025,132,SI011762,Y,VS,3YDS11,213774-PLASTIC BAG,213774,EQUIPMENT - BAG- PLASTIC BAG,EQU,EA,235,2,0.368,0.74
BGI3,9/1/2025,132,SI011762,Y,VS,3YS022,ORANGE LINEN BAG,151383,LAUNDRY - BAG LINEN ORANGE 2014,LAU,EA,235,2,1.969,3.94
BGI3,9/1/2025,132,SI011762,Y,VS,3YS024,LINEN NAPKINS,3527,LAUNDRY - LINEN FOLDED NAPKIN 2014,LAU,EA,235,128,0.522,66.82
BGI3,9/1/2025,132,SI011762,Y,VS,3YS032,145995-EQUIP PK - STORES 300,145995,PACKING - FLIGHT PACKING - A330-300,SER,EA,235,1,167.95,167.95
BGI3,9/1/2025,132,SI011762,Y,VS,3YS035,145991-TRANS.- HANDLING 33J,145991,TURNAROUND - STRIP - LOAD - A330-300 - 3 FLIGHTS,SER,EA,235,1,483.897,483.9
BGI3,9/1/2025,132,SI011762,Y,VS,3YS036,145994- WASH UP A330-300,145994,WASH UP - WASH UP - A330-900,SER,EA,235,1,404.383,404.38
BGI3,9/1/2025,132,SI011762,Y,VS,3YS038,17.5% VAT ON LAUNDRY CHRG 33J,51069SALE,SALES TAX - LAUNDRY,VAT,EA,235,1,10.961,10.96
BGI3,9/1/2025,132,SI011762,Y,VS,3YS063,25137-CUTLERY WRAP 1ST SERV 33,25137,PACKING - CUTLERY WRAPPING FIRST SERVICE - A330-30,SER,EA,235,1,8.435,8.44
BGI3,9/1/2025,132,SI011762,Y,VS,3YS064,33819-CUTLERY WRAP 2ND SERV 33,33819,PACKING - CUTLERY WRAPPING SECOND SERVICE - A330-3,SER,EA,235,1,8.435,8.44
BGI3,9/1/2025,132,SI011762,Y,VS,3YS071,32673-CULT WASH-PL 1SER 300,32673,PACKING - CUTLERY WASHUP - POLISHING FIRST SERVICE,SER,EA,235,1,27.272,27.27
BGI3,9/1/2025,132,SI011762,Y,VS,3YS072,33141-CULT WASH-PL 2SER 300,33141,PACKING - CUTLERY WASHUP - POLISHING SECOND SERVIC,SER,EA,235,1,18.363,18.36
BGI3,9/1/2025,132,SI011762,Y,VS,FAN17,19382-MILK 100% [Y],19382,FULL FAT MILK - PINT,STO,EA,235,2,4.805,9.61
BGI3,9/1/2025,132,SI011762,Y,VS,FAN18,19384- MILK 2% [Y],19384,SEMI SKIMMED MILK - PINT,STO,EA,235,4,4.805,19.22
BGI3,9/1/2025,132,SI011762,Y,VS,FAN19,7042-LEMON HALVES [Y],7042,LIME WEDGES,FOO,EA,235,10,5.125,51.25
BGI3,9/1/2025,132,SI011762,Y,VS,FAN20,19380- WET ICE [6LB BAG] [Y],19380,WET ICE,WET,EA,235,10,2.942,29.42
BGI3,9/1/2025,132,SI011762,Y,VS,YBE11,174148-BREAKFAST BOX,174148,,,EA,235,212,8.412,1783.34
BGI3,9/1/2025,132,SI011762,Y,VS,YPAX03,23240- PER PASSENGER CHARGE[Y],23240,OVERHEAD - Y PAX OVERHEAD - PER PAX,SER,EA,235,232,13.856,3214.59
BGI3,9/1/2025,132,SI011762,YC,VS,2CE069, COCO CURRY,LO8708,WILD RICE COCONUT CURRY SAUCE VEG,FOO,EA,12,3,6.438,19.31
BGI3,9/1/2025,132,SI011762,YC,VS,2CE070,LO8709 - GARLIC MASH CHIX THIG,LO8709,GARLIC MASH SEARED CHIX GREEN PEPPERCORN SAUCE,FOO,EA,12,3,10.838,32.51
BGI3,9/1/2025,132,SI011762,YC,VS,2CE071,LO8710 - MAHI W GARL ORZO PAS,LO8710,SEARED MAHI ORZO PASTA CREOLE SAUCE VEG,FOO,EA,12,2,12.378,24.76
BGI3,9/1/2025,132,SI011762,YC,VS,2CE072,LO8711 - PORKLOIN W PO GRATIN,LO8711,SEARED PORK POTATO GRATIN VEG,FOO,EA,12,2,13.84,27.68
BGI3,9/1/2025,132,SI011762,YC,VS,2CE073,LO8712 - CHEESE RAVIOLI,LO8712,CHEESE RAVIOLI,FOO,EA,12,2,8.718,17.44
BGI3,9/1/2025,132,SI011762,YC,VS,2CFF11,LO4110-WHOLE FRUIT 1,LO4110,SEASONAL WHOLE FRUIT OPTION 1,FOO,EA,12,6,4.622,27.73
BGI3,9/1/2025,132,SI011762,YC,VS,2CFS44,LO5113- EGG SALAD SANDWICH,LO5113,EGG SALAD SANDWICH,FOO,EA,12,3,5.374,16.12
BGI3,9/1/2025,132,SI011762,YC,VS,2CFS45,LO5115- TUNASALAD SANDWICH,LO5115,TUNA SALAD SANDWICH,FOO,EA,12,2,6.734,13.47
BGI3,9/1/2025,132,SI011762,YC,VS,2CFS49,LO5119- BAP - STREAKY BACON,LO5119,SCOTTISH BAP WITH BACON,FOO,EA,12,4,4.866,19.46
BGI3,9/1/2025,132,SI011762,YC,VS,2CFS52,LO5368- PLAIN BAGEL -PC CR CH,LO5368,PLAIN BAGEL WITH PC CREAM CHEESE,FOO,EA,12,4,4.086,16.34
BGI3,9/1/2025,132,SI011762,YC,VS,2CFS77,LO8713 - HAM SANDWICH,LO8713,HAM SANDWICH,FOO,EA,12,3,7.734,23.2
BGI3,9/1/2025,132,SI011762,YC,VS,2CFS78,LO8714 - CHEESE TOMATO WRAP,LO8714,CHEESE TOMATO CUCUMBER WRAP,FOO,EA,12,2,6.694,13.39
BGI3,9/1/2025,132,SI011762,YC,VS,2CFS79,LO8715 - CHICKEN CHEESE BAGEL,LO8715,CHICKEN AND CHEESE BAGEL,FOO,EA,12,2,5.014,10.03
BGI3,9/1/2025,132,SI011762,YC,VS,2CFS80,LO8716 - TURKEY SANDWICH,LO8716,TURKEY SANDWICH,FOO,EA,12,4,7.896,31.58
BGI3,9/1/2025,132,SI011762,YC,VS,2CFS81, CHUTNE,LO8718,TILLAMOOK CHEESE CARR TROPICAL CHUTNEY,FOO,EA,12,6,6.788,40.73
BGI3,9/1/2025,132,SI011762,YC,VS,2CFS82,LO8717 - PROTEIN POT W OLIVES,LO8717,PUMPKIN HUMMUS C CHEESE BLACK OLIVES PITTA BREAD T,FOO,EA,12,6,6.904,41.42
BGI3,9/1/2025,132,SI011762,YC,VS,CPAX02,28728- C CREW SVC CHARGE,28728,OVERHEAD - CC OVERHEAD - PER PAX,SER,EA,12,12,25.48,305.76
BGI3,9/1/2025,230,SI011763,F,VS,1FCH02,SP124543 - CHILD MEAL [F/C],SP124543,CHML,FOO,EA,31,2,29.908,59.82
BGI3,9/1/2025,230,SI011763,F,VS,1FVL01,SP124532 - VLML [F/C],SP124532,VLML,FOO,EA,31,1,33.728,33.73
BGI3,9/1/2025,230,SI011763,F,VS,1YBA02,BABY MEAL - CATERER OWNED,SP124710,BBML,STO,EA,31,1,15.93,15.93
BGI3,9/1/2025,230,SI011763,F,VS,FAN12,19381- MILK 100%,19381,FULL FAT MILK - PINT,STO,EA,31,4,4.805,19.22
BGI3,9/1/2025,230,SI011763,F,VS,FAN13,19383- MILK 2%,19383,SEMI SKIMMED MILK - PINT,STO,EA,31,2,4.805,9.61
BGI3,9/1/2025,230,SI011763,F,VS,FAN14,19385-LEMON HALVES,19385,LEMON WEDGES,FOO,EA,31,2,5.125,10.25
BGI3,9/1/2025,230,SI011763,F,VS,FAN21,19379-WET ICE[6LB BAG],19379,WET ICE,WET,EA,31,4,2.942,11.77
BGI3,9/1/2025,230,SI011763,F,VS,FAN30,7041- LIME WEDGES,7041,LIME WEDGES,FOO,EA,31,2,4.78,9.56
BGI3,9/1/2025,230,SI011763,F,VS,FCS153,LO8803 - JERK PORK SATAYS,LO8803,,,EA,31,14,6.072,85.01
BGI3,9/1/2025,230,SI011763,F,VS,FCS154,LO8804 - PUMKIN HUMMUS,LO8804,,,EA,31,17,5.176,87.99
BGI3,9/1/2025,230,SI011763,F,VS,FDD108,LO8805 - DOUBLE CHOC CHE CAKE,LO8805,,,EA,31,11,5.38,59.18
BGI3,9/1/2025,230,SI011763,F,VS,FDD109,LO8806 - CARAMEL - PUMKIN BREA,LO8806,,,EA,31,14,4.83,67.62
BGI3,9/1/2025,230,SI011763,F,VS,FPAX04,23234-PER PASSENGER CHARGE,23234,OVERHEAD - J PAX OVERHEAD - PER PAX,SER,EA,31,26,36.774,956.12
BGI3,9/1/2025,230,SI011763,J,VS,1JCH03,SP124631 - CHILD MEAL [J/C],SP124631,CHML,FOO,EA,48,2,14.622,29.24
BGI3,9/1/2025,230,SI011763,J,VS,1JGF01,SP124628 - GFML [J/C],SP124628,GFML,FOO,EA,48,1,22.504,22.5
BGI3,9/1/2025,230,SI011763,J,VS,JDT33,LO2622- TRAY SET MM,LO2622,TRAY SET UP,SER,EA,48,45,16.138,726.21
BGI3,9/1/2025,230,SI011763,J,VS,JPAX02,23237-PER PASSENGER CHARGE,23237,OVERHEAD - W PAX OVERHEAD - PER PAX,SER,EA,48,43,16.939,728.38
BGI3,9/1/2025,230,SI011763,Y,VS,1YGF01,SP124706 - GFML [Y/C],SP124706,GFML,FOO,EA,185,3,22.504,67.51
BGI3,9/1/2025,230,SI011763,Y,VS,1YHN01,SP124703 - HNML [Y/C],SP124703,HNML,FOO,EA,185,1,17.178,17.18
BGI3,9/1/2025,230,SI011763,Y,VS,1YVG01,SP124699- VGML [Y/C],SP124699,VGML,FOO,EA,185,4,14.694,58.78
BGI3,9/1/2025,230,SI011763,Y,VS,1YVL01,SP124698- VLML [Y/C],SP124698,VLML,FOO,EA,185,4,12.154,48.62
BGI3,9/1/2025,230,SI011763,Y,VS,3YDS01,3354- ORANGE JUICE-1LT,3354,BEVERAGES - ORANGE JUICE - 1 LT,STO,EA,185,29,2.124,61.6
BGI3,9/1/2025,230,SI011763,Y,VS,3YDS02,3335-TOMATO JUICE 1LT,3335,BEVERAGES - TOMATO JUICE - 1 LT,STO,EA,185,1,4.057,4.06
BGI3,9/1/2025,230,SI011763,Y,VS,3YDS03,3376-CRANBERRY JUICE,3376,BEVERAGES - CRANBERRY JUICE - 1 LT,STO,EA,185,2,5.101,10.2
BGI3,9/1/2025,230,SI011763,Y,VS,3YDS04,3353-APPLE JUICE 1LTR,3353,BEVERAGES - APPLE JUICE - 1 LT,STO,EA,185,17,2.124,36.11
BGI3,9/1/2025,230,SI011763,Y,VS,3YDS06,3476-MINERAL WATER 1.5LT,3476,BEVERAGES - MINERAL WATER STILL - 1 LT,STO,EA,185,48,2.36,113.28
BGI3,9/1/2025,230,SI011763,Y,VS,3YDS07,33169-SPARKLING WATER 1LT,33169,BEVERAGES - MINERAL WATER SPARK - 1 LT,STO,EA,185,14,3.274,45.84
BGI3,9/1/2025,230,SI011763,Y,VS,3YDS11,213774-PLASTIC BAG,213774,EQUIPMENT - BAG- PLASTIC BAG,EQU,EA,185,1,0.368,0.37
BGI3,9/1/2025,230,SI011763,Y,VS,3YS022,ORANGE LINEN BAG,151383,LAUNDRY - BAG LINEN ORANGE 2014,LAU,EA,185,1,1.969,1.97
BGI3,9/1/2025,230,SI011763,Y,VS,3YS023,LINEN TABLECLOTH,3526,LAUNDRY - TABLE CLOTH/RUNNER 2014,LAU,EA,185,33,0.652,21.52
BGI3,9/1/2025,230,SI011763,Y,VS,3YS024,LINEN NAPKINS,3527,LAUNDRY - LINEN FOLDED NAPKIN 2014,LAU,EA,185,75,0.522,39.15
BGI3,9/1/2025,230,SI011763,Y,VS,3YS032,145995-EQUIP PK - STORES 300,145995,PACKING - FLIGHT PACKING - A330-300,SER,EA,185,1,167.95,167.95
BGI3,9/1/2025,230,SI011763,Y,VS,3YS035,145991-TRANS.- HANDLING 33J,145991,TURNAROUND - STRIP - LOAD - A330-300 - 3 FLIGHTS,SER,EA,185,1,483.897,483.9
BGI3,9/1/2025,230,SI011763,Y,VS,3YS036,145994- WASH UP A330-300,145994,WASH UP - WASH UP - A330-900,SER,EA,185,1,404.383,404.38
BGI3,9/1/2025,230,SI011763,Y,VS,3YS038,17.5% VAT ON LAUNDRY CHRG 33J,51069SALE,SALES TAX - LAUNDRY,VAT,EA,185,1,10.961,10.96
BGI3,9/1/2025,230,SI011763,Y,VS,3YS063,25137-CUTLERY WRAP 1ST SERV 33,25137,PACKING - CUTLERY WRAPPING FIRST SERVICE - A330-30,SER,EA,185,1,8.435,8.44
BGI3,9/1/2025,230,SI011763,Y,VS,3YS064,33819-CUTLERY WRAP 2ND SERV 33,33819,PACKING - CUTLERY WRAPPING SECOND SERVICE - A330-3,SER,EA,185,1,8.435,8.44
BGI3,9/1/2025,230,SI011763,Y,VS,3YS071,32673-CULT WASH-PL 1SER 300,32673,PACKING - CUTLERY WASHUP - POLISHING FIRST SERVICE,SER,EA,185,1,27.272,27.27
BGI3,9/1/2025,230,SI011763,Y,VS,3YS072,33141-CULT WASH-PL 2SER 300,33141,PACKING - CUTLERY WASHUP - POLISHING SECOND SERVIC,SER,EA,185,1,18.363,18.36
BGI3,9/1/2025,230,SI011763,Y,VS,FAN17,19382-MILK 100% [Y],19382,FULL FAT MILK - PINT,STO,EA,185,2,4.805,9.61
BGI3,9/1/2025,230,SI011763,Y,VS,FAN18,19384- MILK 2% [Y],19384,SEMI SKIMMED MILK - PINT,STO,EA,185,4,4.805,19.22
BGI3,9/1/2025,230,SI011763,Y,VS,FAN19,7042-LEMON HALVES [Y],7042,LIME WEDGES,FOO,EA,185,8,5.125,41
BGI3,9/1/2025,230,SI011763,Y,VS,FAN20,19380- WET ICE [6LB BAG] [Y],19380,WET ICE,WET,EA,185,8,2.942,23.54
BGI3,9/1/2025,230,SI011763,Y,VS,YBE11,174148-BREAKFAST BOX,174148,,,EA,185,173,8.412,1455.28
BGI3,9/1/2025,230,SI011763,Y,VS,YPAX03,23240- PER PASSENGER CHARGE[Y],23240,OVERHEAD - Y PAX OVERHEAD - PER PAX,SER,EA,185,183,13.856,2535.65
BGI3,9/1/2025,230,SI011763,YC,VS,2CE069, COCO CURRY,LO8708,WILD RICE COCONUT CURRY SAUCE VEG,FOO,EA,12,3,6.438,19.31
BGI3,9/1/2025,230,SI011763,YC,VS,2CE070,LO8709 - GARLIC MASH CHIX THIG,LO8709,GARLIC MASH SEARED CHIX GREEN PEPPERCORN SAUCE,FOO,EA,12,3,10.838,32.51
BGI3,9/1/2025,230,SI011763,YC,VS,2CE071,LO8710 - MAHI W GARL ORZO PAS,LO8710,SEARED MAHI ORZO PASTA CREOLE SAUCE VEG,FOO,EA,12,2,12.378,24.76
BGI3,9/1/2025,230,SI011763,YC,VS,2CE072,LO8711 - PORKLOIN W PO GRATIN,LO8711,SEARED PORK POTATO GRATIN VEG,FOO,EA,12,2,13.84,27.68
BGI3,9/1/2025,230,SI011763,YC,VS,2CE073,LO8712 - CHEESE RAVIOLI,LO8712,CHEESE RAVIOLI,FOO,EA,12,2,8.718,17.44
BGI3,9/1/2025,230,SI011763,YC,VS,2CFF11,LO4110-WHOLE FRUIT 1,LO4110,SEASONAL WHOLE FRUIT OPTION 1,FOO,EA,12,6,4.622,27.73
BGI3,9/1/2025,230,SI011763,YC,VS,2CFS44,LO5113- EGG SALAD SANDWICH,LO5113,EGG SALAD SANDWICH,FOO,EA,12,3,5.374,16.12
BGI3,9/1/2025,230,SI011763,YC,VS,2CFS45,LO5115- TUNASALAD SANDWICH,LO5115,TUNA SALAD SANDWICH,FOO,EA,12,2,6.734,13.47
BGI3,9/1/2025,230,SI011763,YC,VS,2CFS49,LO5119- BAP - STREAKY BACON,LO5119,SCOTTISH BAP WITH BACON,FOO,EA,12,4,4.866,19.46
BGI3,9/1/2025,230,SI011763,YC,VS,2CFS52,LO5368- PLAIN BAGEL -PC CR CH,LO5368,PLAIN BAGEL WITH PC CREAM CHEESE,FOO,EA,12,4,4.086,16.34
BGI3,9/1/2025,230,SI011763,YC,VS,2CFS77,LO8713 - HAM SANDWICH,LO8713,HAM SANDWICH,FOO,EA,12,3,7.734,23.2
BGI3,9/1/2025,230,SI011763,YC,VS,2CFS78,LO8714 - CHEESE TOMATO WRAP,LO8714,CHEESE TOMATO CUCUMBER WRAP,FOO,EA,12,2,6.694,13.39
BGI3,9/1/2025,230,SI011763,YC,VS,2CFS79,LO8715 - CHICKEN CHEESE BAGEL,LO8715,CHICKEN AND CHEESE BAGEL,FOO,EA,12,2,5.014,10.03
BGI3,9/1/2025,230,SI011763,YC,VS,2CFS80,LO8716 - TURKEY SANDWICH,LO8716,TURKEY SANDWICH,FOO,EA,12,4,7.896,31.58
BGI3,9/1/2025,230,SI011763,YC,VS,2CFS81, CHUTNE,LO8718,TILLAMOOK CHEESE CARR TROPICAL CHUTNEY,FOO,EA,12,6,6.788,40.73
BGI3,9/1/2025,230,SI011763,YC,VS,2CFS82,LO8717 - PROTEIN POT W OLIVES,LO8717,PUMPKIN HUMMUS C CHEESE BLACK OLIVES PITTA BREAD T,FOO,EA,12,6,6.904,41.42
BGI3,9/1/2025,230,SI011763,YC,VS,CPAX02,28728- C CREW SVC CHARGE,28728,OVERHEAD - CC OVERHEAD - PER PAX,SER,EA,12,12,25.48,305.76
BGI3,10/1/2025,132,SI011767,F,VS,1FCH02,SP124543 - CHILD MEAL [F/C],SP124543,CHML,FOO,EA,44,5,29.908,149.54
BGI3,10/1/2025,132,SI011767,F,VS,1FGF01,SP124540- GFML [F/C],SP124540,GFML,FOO,EA,44,1,31.461,31.46
BGI3,10/1/2025,132,SI011767,F,VS,1FVG01,SP124533- VGML [F/C],SP124533,VGML,FOO,EA,44,2,32.179,64.36
BGI3,10/1/2025,132,SI011767,F,VS,FAN12,19381- MILK 100%,19381,FULL FAT MILK - PINT,STO,EA,44,5,4.805,24.03
BGI3,10/1/2025,132,SI011767,F,VS,FAN13,19383- MILK 2%,19383,SEMI SKIMMED MILK - PINT,STO,EA,44,2,4.805,9.61
BGI3,10/1/2025,132,SI011767,F,VS,FAN14,19385-LEMON HALVES,19385,LEMON WEDGES,FOO,EA,44,3,5.125,15.38
BGI3,10/1/2025,132,SI011767,F,VS,FAN21,19379-WET ICE[6LB BAG],19379,WET ICE,WET,EA,44,6,2.942,17.65
BGI3,10/1/2025,132,SI011767,F,VS,FAN30,7041- LIME WEDGES,7041,LIME WEDGES,FOO,EA,44,2,4.78,9.56
BGI3,10/1/2025,132,SI011767,F,VS,FCS153,LO8803 - JERK PORK SATAYS,LO8803,,,EA,44,18,6.072,109.3
BGI3,10/1/2025,132,SI011767,F,VS,FCS154,LO8804 - PUMKIN HUMMUS,LO8804,,,EA,44,22,5.176,113.87
BGI3,10/1/2025,132,SI011767,F,VS,FDD108,LO8805 - DOUBLE CHOC CHE CAKE,LO8805,,,EA,44,14,5.38,75.32
BGI3,10/1/2025,132,SI011767,F,VS,FDD109,LO8806 - CARAMEL - PUMKIN BREA,LO8806,,,EA,44,18,4.83,86.94
BGI3,10/1/2025,132,SI011767,F,VS,FPAX04,23234-PER PASSENGER CHARGE,23234,OVERHEAD - J PAX OVERHEAD - PER PAX,SER,EA,44,44,36.774,1618.06
BGI3,10/1/2025,132,SI011767,J,VS,1JCH03,SP124631 - CHILD MEAL [J/C],SP124631,CHML,FOO,EA,55,4,14.622,58.49
BGI3,10/1/2025,132,SI011767,J,VS,JDT33,LO2622- TRAY SET MM,LO2622,TRAY SET UP,SER,EA,55,52,16.138,839.18
BGI3,10/1/2025,132,SI011767,J,VS,JPAX02,23237-PER PASSENGER CHARGE,23237,OVERHEAD - W PAX OVERHEAD - PER PAX,SER,EA,55,54,16.939,914.71
BGI3,10/1/2025,132,SI011767,Y,VS,1YAV01,SP124700- AVML [Y/C],SP124700,AVML,FOO,EA,235,3,15.115,45.35
BGI3,10/1/2025,132,SI011767,Y,VS,1YBA02,BABY MEAL - CATERER OWNED,SP124710,BBML,STO,EA,235,1,15.93,15.93
BGI3,10/1/2025,132,SI011767,Y,VS,1YCH04,SP124709- CHML [Y/C],SP124709,CHML,FOO,EA,235,7,14.622,102.35
BGI3,10/1/2025,132,SI011767,Y,VS,1YFP01,SP124713 - FPML [Y/C],SP124713,FPML,FOO,EA,235,1,18.156,18.16
BGI3,10/1/2025,132,SI011767,Y,VS,1YGF01,SP124706 - GFML [Y/C],SP124706,GFML,FOO,EA,235,3,22.504,67.51
BGI3,10/1/2025,132,SI011767,Y,VS,1YHN01,SP124703 - HNML [Y/C],SP124703,HNML,FOO,EA,235,1,17.178,17.18
BGI3,10/1/2025,132,SI011767,Y,VS,1YMO01,SP124702 - MOML [Y/C],SP124702,MOML,FOO,EA,235,2,12.154,24.31
BGI3,10/1/2025,132,SI011767,Y,VS,1YVG01,SP124699- VGML [Y/C],SP124699,VGML,FOO,EA,235,1,14.694,14.69
BGI3,10/1/2025,132,SI011767,Y,VS,3YDS01,3354- ORANGE JUICE-1LT,3354,BEVERAGES - ORANGE JUICE - 1 LT,STO,EA,235,25,2.124,53.1
BGI3,10/1/2025,132,SI011767,Y,VS,3YDS02,3335-TOMATO JUICE 1LT,3335,BEVERAGES - TOMATO JUICE - 1 LT,STO,EA,235,5,4.057,20.29
BGI3,10/1/2025,132,SI011767,Y,VS,3YDS03,3376-CRANBERRY JUICE,3376,BEVERAGES - CRANBERRY JUICE - 1 LT,STO,EA,235,1,5.101,5.1
BGI3,10/1/2025,132,SI011767,Y,VS,3YDS04,3353-APPLE JUICE 1LTR,3353,BEVERAGES - APPLE JUICE - 1 LT,STO,EA,235,20,2.124,42.48
BGI3,10/1/2025,132,SI011767,Y,VS,3YDS06,3476-MINERAL WATER 1.5LT,3476,BEVERAGES - MINERAL WATER STILL - 1 LT,STO,EA,235,101,2.36,238.36
BGI3,10/1/2025,132,SI011767,Y,VS,3YDS07,33169-SPARKLING WATER 1LT,33169,BEVERAGES - MINERAL WATER SPARK - 1 LT,STO,EA,235,13,3.274,42.56
BGI3,10/1/2025,132,SI011767,Y,VS,3YDS11,213774-PLASTIC BAG,213774,EQUIPMENT - BAG- PLASTIC BAG,EQU,EA,235,2,0.368,0.74
BGI3,10/1/2025,132,SI011767,Y,VS,3YS022,ORANGE LINEN BAG,151383,LAUNDRY - BAG LINEN ORANGE 2014,LAU,EA,235,2,1.969,3.94
BGI3,10/1/2025,132,SI011767,Y,VS,3YS024,LINEN NAPKINS,3527,LAUNDRY - LINEN FOLDED NAPKIN 2014,LAU,EA,235,150,0.522,78.3
BGI3,10/1/2025,132,SI011767,Y,VS,3YS032,145995-EQUIP PK - STORES 300,145995,PACKING - FLIGHT PACKING - A330-300,SER,EA,235,1,167.95,167.95
BGI3,10/1/2025,132,SI011767,Y,VS,3YS035,145991-TRANS.- HANDLING 33J,145991,TURNAROUND - STRIP - LOAD - A330-300 - 3 FLIGHTS,SER,EA,235,1,483.897,483.9
BGI3,10/1/2025,132,SI011767,Y,VS,3YS036,145994- WASH UP A330-300,145994,WASH UP - WASH UP - A330-900,SER,EA,235,1,404.383,404.38
BGI3,10/1/2025,132,SI011767,Y,VS,3YS038,17.5% VAT ON LAUNDRY CHRG 33J,51069SALE,SALES TAX - LAUNDRY,VAT,EA,235,1,10.961,10.96
BGI3,10/1/2025,132,SI011767,Y,VS,3YS063,25137-CUTLERY WRAP 1ST SERV 33,25137,PACKING - CUTLERY WRAPPING FIRST SERVICE - A330-30,SER,EA,235,1,8.435,8.44
BGI3,10/1/2025,132,SI011767,Y,VS,3YS064,33819-CUTLERY WRAP 2ND SERV 33,33819,PACKING - CUTLERY WRAPPING SECOND SERVICE - A330-3,SER,EA,235,1,8.435,8.44
BGI3,10/1/2025,132,SI011767,Y,VS,3YS071,32673-CULT WASH-PL 1SER 300,32673,PACKING - CUTLERY WASHUP - POLISHING FIRST SERVICE,SER,EA,235,1,27.272,27.27
BGI3,10/1/2025,132,SI011767,Y,VS,3YS072,33141-CULT WASH-PL 2SER 300,33141,PACKING - CUTLERY WASHUP - POLISHING SECOND SERVIC,SER,EA,235,1,18.363,18.36
BGI3,10/1/2025,132,SI011767,Y,VS,FAN17,19382-MILK 100% [Y],19382,FULL FAT MILK - PINT,STO,EA,235,2,4.805,9.61
BGI3,10/1/2025,132,SI011767,Y,VS,FAN18,19384- MILK 2% [Y],19384,SEMI SKIMMED MILK - PINT,STO,EA,235,4,4.805,19.22
BGI3,10/1/2025,132,SI011767,Y,VS,FAN19,7042-LEMON HALVES [Y],7042,LIME WEDGES,FOO,EA,235,10,5.125,51.25
BGI3,10/1/2025,132,SI011767,Y,VS,FAN20,19380- WET ICE [6LB BAG] [Y],19380,WET ICE,WET,EA,235,10,2.942,29.42
BGI3,10/1/2025,132,SI011767,Y,VS,YBE11,174148-BREAKFAST BOX,174148,,,EA,235,217,8.412,1825.4
BGI3,10/1/2025,132,SI011767,Y,VS,YPAX03,23240- PER PASSENGER CHARGE[Y],23240,OVERHEAD - Y PAX OVERHEAD - PER PAX,SER,EA,235,229,13.856,3173.02
BGI3,10/1/2025,132,SI011767,YC,VS,2CE069, COCO CURRY,LO8708,WILD RICE COCONUT CURRY SAUCE VEG,FOO,EA,12,3,6.438,19.31
BGI3,10/1/2025,132,SI011767,YC,VS,2CE070,LO8709 - GARLIC MASH CHIX THIG,LO8709,GARLIC MASH SEARED CHIX GREEN PEPPERCORN SAUCE,FOO,EA,12,3,10.838,32.51
BGI3,10/1/2025,132,SI011767,YC,VS,2CE071,LO8710 - MAHI W GARL ORZO PAS,LO8710,SEARED MAHI ORZO PASTA CREOLE SAUCE VEG,FOO,EA,12,2,12.378,24.76
BGI3,10/1/2025,132,SI011767,YC,VS,2CE072,LO8711 - PORKLOIN W PO GRATIN,LO8711,SEARED PORK POTATO GRATIN VEG,FOO,EA,12,2,13.84,27.68
BGI3,10/1/2025,132,SI011767,YC,VS,2CE073,LO8712 - CHEESE RAVIOLI,LO8712,CHEESE RAVIOLI,FOO,EA,12,2,8.718,17.44
BGI3,10/1/2025,132,SI011767,YC,VS,2CFF11,LO4110-WHOLE FRUIT 1,LO4110,SEASONAL WHOLE FRUIT OPTION 1,FOO,EA,12,6,4.622,27.73
BGI3,10/1/2025,132,SI011767,YC,VS,2CFS44,LO5113- EGG SALAD SANDWICH,LO5113,EGG SALAD SANDWICH,FOO,EA,12,3,5.374,16.12
BGI3,10/1/2025,132,SI011767,YC,VS,2CFS45,LO5115- TUNASALAD SANDWICH,LO5115,TUNA SALAD SANDWICH,FOO,EA,12,2,6.734,13.47
BGI3,10/1/2025,132,SI011767,YC,VS,2CFS49,LO5119- BAP - STREAKY BACON,LO5119,SCOTTISH BAP WITH BACON,FOO,EA,12,4,4.866,19.46
BGI3,10/1/2025,132,SI011767,YC,VS,2CFS52,LO5368- PLAIN BAGEL -PC CR CH,LO5368,PLAIN BAGEL WITH PC CREAM CHEESE,FOO,EA,12,4,4.086,16.34
BGI3,10/1/2025,132,SI011767,YC,VS,2CFS77,LO8713 - HAM SANDWICH,LO8713,HAM SANDWICH,FOO,EA,12,3,7.734,23.2
BGI3,10/1/2025,132,SI011767,YC,VS,2CFS78,LO8714 - CHEESE TOMATO WRAP,LO8714,CHEESE TOMATO CUCUMBER WRAP,FOO,EA,12,2,6.694,13.39
BGI3,10/1/2025,132,SI011767,YC,VS,2CFS79,LO8715 - CHICKEN CHEESE BAGEL,LO8715,CHICKEN AND CHEESE BAGEL,FOO,EA,12,2,5.014,10.03
BGI3,10/1/2025,132,SI011767,YC,VS,2CFS80,LO8716 - TURKEY SANDWICH,LO8716,TURKEY SANDWICH,FOO,EA,12,4,7.896,31.58
BGI3,10/1/2025,132,SI011767,YC,VS,2CFS81, CHUTNE,LO8718,TILLAMOOK CHEESE CARR TROPICAL CHUTNEY,FOO,EA,12,6,6.788,40.73
BGI3,10/1/2025,132,SI011767,YC,VS,2CFS82,LO8717 - PROTEIN POT W OLIVES,LO8717,PUMPKIN HUMMUS C CHEESE BLACK OLIVES PITTA BREAD T,FOO,EA,12,6,6.904,41.42
BGI3,10/1/2025,132,SI011767,YC,VS,CPAX02,28728- C CREW SVC CHARGE,28728,OVERHEAD - CC OVERHEAD - PER PAX,SER,EA,12,12,25.48,305.76
BGI3,10/1/2025,187A,SI011764,J,VS,JSN05,LO7135 - ORIGINAL SHIRLEY,LO7135,ORIGINAL SHIRLEY BISCUIT,STO,EA,17,17,1.096,18.63
BGI3,10/1/2025,187A,SI011764,Y,VS,3YS035,145991-TRANS.- HANDLING 33J,145991,TURNAROUND - STRIP - LOAD - A330-300 - 3 FLIGHTS,SER,EA,75,1,483.897,483.9
BGI3,10/1/2025,188,SI011766,F,VS,1FCH02,SP124543 - CHILD MEAL [F/C],SP124543,CHML,FOO,EA,31,1,29.908,29.91
BGI3,10/1/2025,188,SI011766,F,VS,1YBA02,BABY MEAL - CATERER OWNED,SP124710,BBML,STO,EA,31,1,15.93,15.93
BGI3,10/1/2025,188,SI011766,F,VS,FAN12,19381- MILK 100%,19381,FULL FAT MILK - PINT,STO,EA,31,4,4.805,19.22
BGI3,10/1/2025,188,SI011766,F,VS,FAN13,19383- MILK 2%,19383,SEMI SKIMMED MILK - PINT,STO,EA,31,2,4.805,9.61
BGI3,10/1/2025,188,SI011766,F,VS,FAN14,19385-LEMON HALVES,19385,LEMON WEDGES,FOO,EA,31,2,5.125,10.25
BGI3,10/1/2025,188,SI011766,F,VS,FAN21,19379-WET ICE[6LB BAG],19379,WET ICE,WET,EA,31,4,2.942,11.77
BGI3,10/1/2025,188,SI011766,F,VS,FAN30,7041- LIME WEDGES,7041,LIME WEDGES,FOO,EA,31,2,4.78,9.56
BGI3,10/1/2025,188,SI011766,F,VS,FCS153,LO8803 - JERK PORK SATAYS,LO8803,,,EA,31,15,6.072,91.08
BGI3,10/1/2025,188,SI011766,F,VS,FCS154,LO8804 - PUMKIN HUMMUS,LO8804,,,EA,31,18,5.176,93.17
BGI3,10/1/2025,188,SI011766,F,VS,FDD108,LO8805 - DOUBLE CHOC CHE CAKE,LO8805,,,EA,31,12,5.38,64.56
BGI3,10/1/2025,188,SI011766,F,VS,FDD109,LO8806 - CARAMEL - PUMKIN BREA,LO8806,,,EA,31,15,4.83,72.45
BGI3,10/1/2025,188,SI011766,F,VS,FPAX04,23234-PER PASSENGER CHARGE,23234,OVERHEAD - J PAX OVERHEAD - PER PAX,SER,EA,31,25,36.774,919.35
BGI3,10/1/2025,188,SI011766,J,VS,1JCH03,SP124631 - CHILD MEAL [J/C],SP124631,CHML,FOO,EA,48,1,14.622,14.62
BGI3,10/1/2025,188,SI011766,J,VS,1JGF01,SP124628 - GFML [J/C],SP124628,GFML,FOO,EA,48,1,22.504,22.5
BGI3,10/1/2025,188,SI011766,J,VS,1JVL01,SP124620 - VLML [J/C],SP124620,VLML,FOO,EA,48,1,12.174,12.17
BGI3,10/1/2025,188,SI011766,J,VS,JDT33,LO2622- TRAY SET MM,LO2622,TRAY SET UP,SER,EA,48,45,16.138,726.21
BGI3,10/1/2025,188,SI011766,J,VS,JPAX02,23237-PER PASSENGER CHARGE,23237,OVERHEAD - W PAX OVERHEAD - PER PAX,SER,EA,48,45,16.939,762.26
BGI3,10/1/2025,188,SI011766,Y,VS,1YAV01,SP124700- AVML [Y/C],SP124700,AVML,FOO,EA,185,4,15.115,60.46
BGI3,10/1/2025,188,SI011766,Y,VS,1YDB01,SP124707 - DBML [Y/C],SP124707,DBML,FOO,EA,185,2,22.504,45.01
BGI3,10/1/2025,188,SI011766,Y,VS,1YFP01,SP124713 - FPML [Y/C],SP124713,FPML,FOO,EA,185,2,18.156,36.31
BGI3,10/1/2025,188,SI011766,Y,VS,1YGF01,SP124706 - GFML [Y/C],SP124706,GFML,FOO,EA,185,2,22.504,45.01
BGI3,10/1/2025,188,SI011766,Y,VS,1YMO01,SP124702 - MOML [Y/C],SP124702,MOML,FOO,EA,185,2,12.154,24.31
BGI3,10/1/2025,188,SI011766,Y,VS,1YNL01,SP124712 - NLML [Y/C],SP124712,NLML,FOO,EA,185,1,22.504,22.5
BGI3,10/1/2025,188,SI011766,Y,VS,1YVG01,SP124699- VGML [Y/C],SP124699,VGML,FOO,EA,185,1,14.694,14.69
BGI3,10/1/2025,188,SI011766,Y,VS,1YVL01,SP124698- VLML [Y/C],SP124698,VLML,FOO,EA,185,2,12.154,24.31
BGI3,10/1/2025,188,SI011766,Y,VS,3YDS01,3354- ORANGE JUICE-1LT,3354,BEVERAGES - ORANGE JUICE - 1 LT,STO,EA,185,29,2.124,61.6
BGI3,10/1/2025,188,SI011766,Y,VS,3YDS02,3335-TOMATO JUICE 1LT,3335,BEVERAGES - TOMATO JUICE - 1 LT,STO,EA,185,1,4.057,4.06
BGI3,10/1/2025,188,SI011766,Y,VS,3YDS03,3376-CRANBERRY JUICE,3376,BEVERAGES - CRANBERRY JUICE - 1 LT,STO,EA,185,2,5.101,10.2
BGI3,10/1/2025,188,SI011766,Y,VS,3YDS04,3353-APPLE JUICE 1LTR,3353,BEVERAGES - APPLE JUICE - 1 LT,STO,EA,185,17,2.124,36.11
BGI3,10/1/2025,188,SI011766,Y,VS,3YDS06,3476-MINERAL WATER 1.5LT,3476,BEVERAGES - MINERAL WATER STILL - 1 LT,STO,EA,185,48,2.36,113.28
BGI3,10/1/2025,188,SI011766,Y,VS,3YDS07,33169-SPARKLING WATER 1LT,33169,BEVERAGES - MINERAL WATER SPARK - 1 LT,STO,EA,185,14,3.274,45.84
BGI3,10/1/2025,188,SI011766,Y,VS,3YDS11,213774-PLASTIC BAG,213774,EQUIPMENT - BAG- PLASTIC BAG,EQU,EA,185,1,0.368,0.37
BGI3,10/1/2025,188,SI011766,Y,VS,3YS022,ORANGE LINEN BAG,151383,LAUNDRY - BAG LINEN ORANGE 2014,LAU,EA,185,1,1.969,1.97
BGI3,10/1/2025,188,SI011766,Y,VS,3YS023,LINEN TABLECLOTH,3526,LAUNDRY - TABLE CLOTH/RUNNER 2014,LAU,EA,185,33,0.652,21.52
BGI3,10/1/2025,188,SI011766,Y,VS,3YS024,LINEN NAPKINS,3527,LAUNDRY - LINEN FOLDED NAPKIN 2014,LAU,EA,185,75,0.522,39.15
BGI3,10/1/2025,188,SI011766,Y,VS,3YS032,145995-EQUIP PK - STORES 300,145995,PACKING - FLIGHT PACKING - A330-300,SER,EA,185,1,167.95,167.95
BGI3,10/1/2025,188,SI011766,Y,VS,3YS035,145991-TRANS.- HANDLING 33J,145991,TURNAROUND - STRIP - LOAD - A330-300 - 3 FLIGHTS,SER,EA,185,1,483.897,483.9
BGI3,10/1/2025,188,SI011766,Y,VS,3YS036,145994- WASH UP A330-300,145994,WASH UP - WASH UP - A330-900,SER,EA,185,1,404.383,404.38
BGI3,10/1/2025,188,SI011766,Y,VS,3YS038,17.5% VAT ON LAUNDRY CHRG 33J,51069SALE,SALES TAX - LAUNDRY,VAT,EA,185,1,10.961,10.96
BGI3,10/1/2025,188,SI011766,Y,VS,3YS063,25137-CUTLERY WRAP 1ST SERV 33,25137,PACKING - CUTLERY WRAPPING FIRST SERVICE - A330-30,SER,EA,185,1,8.435,8.44
BGI3,10/1/2025,188,SI011766,Y,VS,3YS064,33819-CUTLERY WRAP 2ND SERV 33,33819,PACKING - CUTLERY WRAPPING SECOND SERVICE - A330-3,SER,EA,185,1,8.435,8.44
BGI3,10/1/2025,188,SI011766,Y,VS,3YS071,32673-CULT WASH-PL 1SER 300,32673,PACKING - CUTLERY WASHUP - POLISHING FIRST SERVICE,SER,EA,185,1,27.272,27.27
BGI3,10/1/2025,188,SI011766,Y,VS,3YS072,33141-CULT WASH-PL 2SER 300,33141,PACKING - CUTLERY WASHUP - POLISHING SECOND SERVIC,SER,EA,185,1,18.363,18.36
BGI3,10/1/2025,188,SI011766,Y,VS,FAN17,19382-MILK 100% [Y],19382,FULL FAT MILK - PINT,STO,EA,185,2,4.805,9.61
BGI3,10/1/2025,188,SI011766,Y,VS,FAN18,19384- MILK 2% [Y],19384,SEMI SKIMMED MILK - PINT,STO,EA,185,4,4.805,19.22
BGI3,10/1/2025,188,SI011766,Y,VS,FAN19,7042-LEMON HALVES [Y],7042,LIME WEDGES,FOO,EA,185,8,5.125,41
BGI3,10/1/2025,188,SI011766,Y,VS,FAN20,19380- WET ICE [6LB BAG] [Y],19380,WET ICE,WET,EA,185,8,2.942,23.54
BGI3,10/1/2025,188,SI011766,Y,VS,YBE11,174148-BREAKFAST BOX,174148,,,EA,185,169,8.412,1421.63
BGI3,10/1/2025,188,SI011766,Y,VS,YPAX03,23240- PER PASSENGER CHARGE[Y],23240,OVERHEAD - Y PAX OVERHEAD - PER PAX,SER,EA,185,165,13.856,2286.24
BGI3,10/1/2025,188,SI011766,YC,VS,2CE067,LO8753 - ROASTED RAVOLI CHR,LO8753,,,EA,12,3,12.016,36.05
BGI3,10/1/2025,188,SI011766,YC,VS,2CE068,LO8754 - ROAST TURK ENTREE CHR,LO8754,,,EA,12,3,19.434,58.3
BGI3,10/1/2025,188,SI011766,YC,VS,2CFF11,LO4110-WHOLE FRUIT 1,LO4110,SEASONAL WHOLE FRUIT OPTION 1,FOO,EA,12,6,4.622,27.73
BGI3,10/1/2025,188,SI011766,YC,VS,CPAX02,28728- C CREW SVC CHARGE,28728,OVERHEAD - CC OVERHEAD - PER PAX,SER,EA,12,12,25.48,305.76
BGI3,10/1/2025,188A,SI011765,J,VS,JSN05,LO7135 - ORIGINAL SHIRLEY,LO7135,ORIGINAL SHIRLEY BISCUIT,STO,EA,16,16,1.096,17.54
BGI3,11/1/2025,78,SI011775,F,VS,1FCH02,SP124543 - CHILD MEAL [F/C],SP124543,CHML,FOO,EA,31,3,29.908,89.72
BGI3,11/1/2025,78,SI011775,F,VS,FAN12,19381- MILK 100%,19381,FULL FAT MILK - PINT,STO,EA,31,4,4.805,19.22
BGI3,11/1/2025,78,SI011775,F,VS,FAN13,19383- MILK 2%,19383,SEMI SKIMMED MILK - PINT,STO,EA,31,2,4.805,9.61
BGI3,11/1/2025,78,SI011775,F,VS,FAN14,19385-LEMON HALVES,19385,LEMON WEDGES,FOO,EA,31,2,5.125,10.25
BGI3,11/1/2025,78,SI011775,F,VS,FAN21,19379-WET ICE[6LB BAG],19379,WET ICE,WET,EA,31,4,2.942,11.77
BGI3,11/1/2025,78,SI011775,F,VS,FAN30,7041- LIME WEDGES,7041,LIME WEDGES,FOO,EA,31,2,4.78,9.56
BGI3,11/1/2025,78,SI011775,F,VS,FCS153,LO8803 - JERK PORK SATAYS,LO8803,,,EA,31,14,6.072,85.01
BGI3,11/1/2025,78,SI011775,F,VS,FCS154,LO8804 - PUMKIN HUMMUS,LO8804,,,EA,31,17,5.176,87.99
BGI3,11/1/2025,78,SI011775,F,VS,FDD108,LO8805 - DOUBLE CHOC CHE CAKE,LO8805,,,EA,31,11,5.38,59.18
BGI3,11/1/2025,78,SI011775,F,VS,FDD109,LO8806 - CARAMEL - PUMKIN BREA,LO8806,,,EA,31,14,4.83,67.62
BGI3,11/1/2025,78,SI011775,F,VS,FPAX04,23234-PER PASSENGER CHARGE,23234,OVERHEAD - J PAX OVERHEAD - PER PAX,SER,EA,31,30,36.774,1103.22
BGI3,11/1/2025,78,SI011775,J,VS,1JVL01,SP124620 - VLML [J/C],SP124620,VLML,FOO,EA,48,1,12.174,12.17
BGI3,11/1/2025,78,SI011775,J,VS,JDT33,LO2622- TRAY SET MM,LO2622,TRAY SET UP,SER,EA,48,47,16.138,758.49
BGI3,11/1/2025,78,SI011775,J,VS,JPAX02,23237-PER PASSENGER CHARGE,23237,OVERHEAD - W PAX OVERHEAD - PER PAX,SER,EA,48,48,16.939,813.07
BGI3,11/1/2025,78,SI011775,Y,VS,1YAV01,SP124700- AVML [Y/C],SP124700,AVML,FOO,EA,185,1,15.115,15.12
BGI3,11/1/2025,78,SI011775,Y,VS,1YCH04,SP124709- CHML [Y/C],SP124709,CHML,FOO,EA,185,10,14.622,146.22
BGI3,11/1/2025,78,SI011775,Y,VS,1YLF01,SP124704 - LFML [Y/C],SP124704,LFML,FOO,EA,185,1,22.504,22.5
BGI3,11/1/2025,78,SI011775,Y,VS,1YMO01,SP124702 - MOML [Y/C],SP124702,MOML,FOO,EA,185,1,12.154,12.15
BGI3,11/1/2025,78,SI011775,Y,VS,1YVG01,SP124699- VGML [Y/C],SP124699,VGML,FOO,EA,185,3,14.694,44.08
BGI3,11/1/2025,78,SI011775,Y,VS,3YS022,ORANGE LINEN BAG,151383,LAUNDRY - BAG LINEN ORANGE 2014,LAU,EA,185,1,1.969,1.97
BGI3,11/1/2025,78,SI011775,Y,VS,3YS024,LINEN NAPKINS,3527,LAUNDRY - LINEN FOLDED NAPKIN 2014,LAU,EA,185,75,0.522,39.15
BGI3,11/1/2025,78,SI011775,Y,VS,3YS032,145995-EQUIP PK - STORES 300,145995,PACKING - FLIGHT PACKING - A330-300,SER,EA,185,1,167.95,167.95
BGI3,11/1/2025,78,SI011775,Y,VS,3YS035,145991-TRANS.- HANDLING 33J,145991,TURNAROUND - STRIP - LOAD - A330-300 - 3 FLIGHTS,SER,EA,185,1,483.897,483.9
BGI3,11/1/2025,78,SI011775,Y,VS,3YS036,145994- WASH UP A330-300,145994,WASH UP - WASH UP - A330-900,SER,EA,185,1,404.383,404.38
BGI3,11/1/2025,78,SI011775,Y,VS,3YS038,17.5% VAT ON LAUNDRY CHRG 33J,51069SALE,SALES TAX - LAUNDRY,VAT,EA,185,1,10.961,10.96
BGI3,11/1/2025,78,SI011775,Y,VS,3YS063,25137-CUTLERY WRAP 1ST SERV 33,25137,PACKING - CUTLERY WRAPPING FIRST SERVICE - A330-30,SER,EA,185,1,8.435,8.44
BGI3,11/1/2025,78,SI011775,Y,VS,3YS064,33819-CUTLERY WRAP 2ND SERV 33,33819,PACKING - CUTLERY WRAPPING SECOND SERVICE - A330-3,SER,EA,185,1,8.435,8.44
BGI3,11/1/2025,78,SI011775,Y,VS,3YS071,32673-CULT WASH-PL 1SER 300,32673,PACKING - CUTLERY WASHUP - POLISHING FIRST SERVICE,SER,EA,185,1,27.272,27.27
BGI3,11/1/2025,78,SI011775,Y,VS,3YS072,33141-CULT WASH-PL 2SER 300,33141,PACKING - CUTLERY WASHUP - POLISHING SECOND SERVIC,SER,EA,185,1,18.363,18.36
BGI3,11/1/2025,78,SI011775,Y,VS,FAN17,19382-MILK 100% [Y],19382,FULL FAT MILK - PINT,STO,EA,185,2,4.805,9.61
BGI3,11/1/2025,78,SI011775,Y,VS,FAN18,19384- MILK 2% [Y],19384,SEMI SKIMMED MILK - PINT,STO,EA,185,4,4.805,19.22
BGI3,11/1/2025,78,SI011775,Y,VS,FAN19,7042-LEMON HALVES [Y],7042,LIME WEDGES,FOO,EA,185,8,5.125,41
BGI3,11/1/2025,78,SI011775,Y,VS,FAN20,19380- WET ICE [6LB BAG] [Y],19380,WET ICE,WET,EA,185,8,2.942,23.54
BGI3,11/1/2025,78,SI011775,Y,VS,YBE11,174148-BREAKFAST BOX,174148,,,EA,185,169,8.412,1421.63
BGI3,11/1/2025,78,SI011775,Y,VS,YPAX03,23240- PER PASSENGER CHARGE[Y],23240,OVERHEAD - Y PAX OVERHEAD - PER PAX,SER,EA,185,185,13.856,2563.36
BGI3,11/1/2025,78,SI011775,YC,VS,2CE069, COCO CURRY,LO8708,WILD RICE COCONUT CURRY SAUCE VEG,FOO,EA,12,3,6.438,19.31
BGI3,11/1/2025,78,SI011775,YC,VS,2CE070,LO8709 - GARLIC MASH CHIX THIG,LO8709,GARLIC MASH SEARED CHIX GREEN PEPPERCORN SAUCE,FOO,EA,12,3,10.838,32.51
BGI3,11/1/2025,78,SI011775,YC,VS,2CE071,LO8710 - MAHI W GARL ORZO PAS,LO8710,SEARED MAHI ORZO PASTA CREOLE SAUCE VEG,FOO,EA,12,2,12.378,24.76
BGI3,11/1/2025,78,SI011775,YC,VS,2CE072,LO8711 - PORKLOIN W PO GRATIN,LO8711,SEARED PORK POTATO GRATIN VEG,FOO,EA,12,2,13.84,27.68
BGI3,11/1/2025,78,SI011775,YC,VS,2CE073,LO8712 - CHEESE RAVIOLI,LO8712,CHEESE RAVIOLI,FOO,EA,12,2,8.718,17.44
BGI3,11/1/2025,78,SI011775,YC,VS,2CFF11,LO4110-WHOLE FRUIT 1,LO4110,SEASONAL WHOLE FRUIT OPTION 1,FOO,EA,12,6,4.622,27.73
BGI3,11/1/2025,78,SI011775,YC,VS,2CFS44,LO5113- EGG SALAD SANDWICH,LO5113,EGG SALAD SANDWICH,FOO,EA,12,3,5.374,16.12
BGI3,11/1/2025,78,SI011775,YC,VS,2CFS45,LO5115- TUNASALAD SANDWICH,LO5115,TUNA SALAD SANDWICH,FOO,EA,12,2,6.734,13.47
BGI3,11/1/2025,78,SI011775,YC,VS,2CFS49,LO5119- BAP - STREAKY BACON,LO5119,SCOTTISH BAP WITH BACON,FOO,EA,12,4,4.866,19.46
BGI3,11/1/2025,78,SI011775,YC,VS,2CFS52,LO5368- PLAIN BAGEL -PC CR CH,LO5368,PLAIN BAGEL WITH PC CREAM CHEESE,FOO,EA,12,4,4.086,16.34
BGI3,11/1/2025,78,SI011775,YC,VS,2CFS77,LO8713 - HAM SANDWICH,LO8713,HAM SANDWICH,FOO,EA,12,3,7.734,23.2
BGI3,11/1/2025,78,SI011775,YC,VS,2CFS78,LO8714 - CHEESE TOMATO WRAP,LO8714,CHEESE TOMATO CUCUMBER WRAP,FOO,EA,12,2,6.694,13.39
BGI3,11/1/2025,78,SI011775,YC,VS,2CFS79,LO8715 - CHICKEN CHEESE BAGEL,LO8715,CHICKEN AND CHEESE BAGEL,FOO,EA,12,2,5.014,10.03
BGI3,11/1/2025,78,SI011775,YC,VS,2CFS80,LO8716 - TURKEY SANDWICH,LO8716,TURKEY SANDWICH,FOO,EA,12,4,7.896,31.58
BGI3,11/1/2025,78,SI011775,YC,VS,2CFS81, CHUTNE,LO8718,TILLAMOOK CHEESE CARR TROPICAL CHUTNEY,FOO,EA,12,6,6.788,40.73
BGI3,11/1/2025,78,SI011775,YC,VS,2CFS82,LO8717 - PROTEIN POT W OLIVES,LO8717,PUMPKIN HUMMUS C CHEESE BLACK OLIVES PITTA BREAD T,FOO,EA,12,6,6.904,41.42
BGI3,11/1/2025,78,SI011775,YC,VS,CPAX02,28728- C CREW SVC CHARGE,28728,OVERHEAD - CC OVERHEAD - PER PAX,SER,EA,12,12,25.48,305.76
BGI3,11/1/2025,132,SI011776,F,VS,FAN12,19381- MILK 100%,19381,FULL FAT MILK - PINT,STO,EA,44,5,4.805,24.03
BGI3,11/1/2025,132,SI011776,F,VS,FAN13,19383- MILK 2%,19383,SEMI SKIMMED MILK - PINT,STO,EA,44,2,4.805,9.61
BGI3,11/1/2025,132,SI011776,F,VS,FAN14,19385-LEMON HALVES,19385,LEMON WEDGES,FOO,EA,44,3,5.125,15.38
BGI3,11/1/2025,132,SI011776,F,VS,FAN21,19379-WET ICE[6LB BAG],19379,WET ICE,WET,EA,44,6,2.942,17.65
BGI3,11/1/2025,132,SI011776,F,VS,FAN30,7041- LIME WEDGES,7041,LIME WEDGES,FOO,EA,44,2,4.78,9.56
BGI3,11/1/2025,132,SI011776,F,VS,FCS153,LO8803 - JERK PORK SATAYS,LO8803,,,EA,44,22,6.072,133.58
BGI3,11/1/2025,132,SI011776,F,VS,FCS154,LO8804 - PUMKIN HUMMUS,LO8804,,,EA,44,26,5.176,134.58
BGI3,11/1/2025,132,SI011776,F,VS,FDD108,LO8805 - DOUBLE CHOC CHE CAKE,LO8805,,,EA,44,18,5.38,96.84
BGI3,11/1/2025,132,SI011776,F,VS,FDD109,LO8806 - CARAMEL - PUMKIN BREA,LO8806,,,EA,44,22,4.83,106.26
BGI3,11/1/2025,132,SI011776,F,VS,FPAX04,23234-PER PASSENGER CHARGE,23234,OVERHEAD - J PAX OVERHEAD - PER PAX,SER,EA,44,37,36.774,1360.64
BGI3,11/1/2025,132,SI011776,J,VS,1JCH03,SP124631 - CHILD MEAL [J/C],SP124631,CHML,FOO,EA,48,1,14.622,14.62
BGI3,11/1/2025,132,SI011776,J,VS,1JGF01,SP124628 - GFML [J/C],SP124628,GFML,FOO,EA,48,2,22.504,45.01
BGI3,11/1/2025,132,SI011776,J,VS,1JLS01,SP124627- LSML [J/C],SP124627,LSML,FOO,EA,48,1,22.504,22.5
BGI3,11/1/2025,132,SI011776,J,VS,JDT33,LO2622- TRAY SET MM,LO2622,TRAY SET UP,SER,EA,48,44,16.138,710.07
BGI3,11/1/2025,132,SI011776,J,VS,JPAX02,23237-PER PASSENGER CHARGE,23237,OVERHEAD - W PAX OVERHEAD - PER PAX,SER,EA,48,43,16.939,728.38
BGI3,11/1/2025,132,SI011776,Y,VS,1YAV01,SP124700- AVML [Y/C],SP124700,AVML,FOO,EA,220,3,15.115,45.35
BGI3,11/1/2025,132,SI011776,Y,VS,1YCH04,SP124709- CHML [Y/C],SP124709,CHML,FOO,EA,220,2,14.622,29.24
BGI3,11/1/2025,132,SI011776,Y,VS,1YFP01,SP124713 - FPML [Y/C],SP124713,FPML,FOO,EA,220,1,18.156,18.16
BGI3,11/1/2025,132,SI011776,Y,VS,1YGF01,SP124706 - GFML [Y/C],SP124706,GFML,FOO,EA,220,5,22.504,112.52
BGI3,11/1/2025,132,SI011776,Y,VS,1YVG01,SP124699- VGML [Y/C],SP124699,VGML,FOO,EA,220,2,14.694,29.39
BGI3,11/1/2025,132,SI011776,Y,VS,1YVL01,SP124698- VLML [Y/C],SP124698,VLML,FOO,EA,220,5,12.154,60.77
BGI3,11/1/2025,132,SI011776,Y,VS,3YDS01,3354- ORANGE JUICE-1LT,3354,BEVERAGES - ORANGE JUICE - 1 LT,STO,EA,220,26,2.124,55.22
BGI3,11/1/2025,132,SI011776,Y,VS,3YDS02,3335-TOMATO JUICE 1LT,3335,BEVERAGES - TOMATO JUICE - 1 LT,STO,EA,220,5,4.057,20.29
BGI3,11/1/2025,132,SI011776,Y,VS,3YDS03,3376-CRANBERRY JUICE,3376,BEVERAGES - CRANBERRY JUICE - 1 LT,STO,EA,220,1,5.101,5.1
BGI3,11/1/2025,132,SI011776,Y,VS,3YDS04,3353-APPLE JUICE 1LTR,3353,BEVERAGES - APPLE JUICE - 1 LT,STO,EA,220,18,2.124,38.23
BGI3,11/1/2025,132,SI011776,Y,VS,3YDS06,3476-MINERAL WATER 1.5LT,3476,BEVERAGES - MINERAL WATER STILL - 1 LT,STO,EA,220,95,2.36,224.2
BGI3,11/1/2025,132,SI011776,Y,VS,3YDS07,33169-SPARKLING WATER 1LT,33169,BEVERAGES - MINERAL WATER SPARK - 1 LT,STO,EA,220,10,3.274,32.74
BGI3,11/1/2025,132,SI011776,Y,VS,3YDS11,213774-PLASTIC BAG,213774,EQUIPMENT - BAG- PLASTIC BAG,EQU,EA,220,1,0.368,0.37
BGI3,11/1/2025,132,SI011776,Y,VS,3YS022,ORANGE LINEN BAG,151383,LAUNDRY - BAG LINEN ORANGE 2014,LAU,EA,220,2,1.969,3.94
BGI3,11/1/2025,132,SI011776,Y,VS,3YS023,LINEN TABLECLOTH,3526,LAUNDRY - TABLE CLOTH/RUNNER 2014,LAU,EA,220,19,0.652,12.39
BGI3,11/1/2025,132,SI011776,Y,VS,3YS024,LINEN NAPKINS,3527,LAUNDRY - LINEN FOLDED NAPKIN 2014,LAU,EA,220,150,0.522,78.3
BGI3,11/1/2025,132,SI011776,Y,VS,3YS032,145995-EQUIP PK - STORES 300,145995,PACKING - FLIGHT PACKING - A330-300,SER,EA,220,1,167.95,167.95
BGI3,11/1/2025,132,SI011776,Y,VS,3YS035,145991-TRANS.- HANDLING 33J,145991,TURNAROUND - STRIP - LOAD - A330-300 - 3 FLIGHTS,SER,EA,220,1,483.897,483.9
BGI3,11/1/2025,132,SI011776,Y,VS,3YS036,145994- WASH UP A330-300,145994,WASH UP - WASH UP - A330-900,SER,EA,220,1,404.383,404.38
BGI3,11/1/2025,132,SI011776,Y,VS,3YS038,17.5% VAT ON LAUNDRY CHRG 33J,51069SALE,SALES TAX - LAUNDRY,VAT,EA,220,1,10.961,10.96
BGI3,11/1/2025,132,SI011776,Y,VS,3YS063,25137-CUTLERY WRAP 1ST SERV 33,25137,PACKING - CUTLERY WRAPPING FIRST SERVICE - A330-30,SER,EA,220,1,8.435,8.44
BGI3,11/1/2025,132,SI011776,Y,VS,3YS064,33819-CUTLERY WRAP 2ND SERV 33,33819,PACKING - CUTLERY WRAPPING SECOND SERVICE - A330-3,SER,EA,220,1,8.435,8.44
BGI3,11/1/2025,132,SI011776,Y,VS,3YS071,32673-CULT WASH-PL 1SER 300,32673,PACKING - CUTLERY WASHUP - POLISHING FIRST SERVICE,SER,EA,220,1,27.272,27.27
BGI3,11/1/2025,132,SI011776,Y,VS,3YS072,33141-CULT WASH-PL 2SER 300,33141,PACKING - CUTLERY WASHUP - POLISHING SECOND SERVIC,SER,EA,220,1,18.363,18.36
BGI3,11/1/2025,132,SI011776,Y,VS,FAN17,19382-MILK 100% [Y],19382,FULL FAT MILK - PINT,STO,EA,220,2,4.805,9.61
BGI3,11/1/2025,132,SI011776,Y,VS,FAN18,19384- MILK 2% [Y],19384,SEMI SKIMMED MILK - PINT,STO,EA,220,4,4.805,19.22
BGI3,11/1/2025,132,SI011776,Y,VS,FAN19,7042-LEMON HALVES [Y],7042,LIME WEDGES,FOO,EA,220,9,5.125,46.13
BGI3,11/1/2025,132,SI011776,Y,VS,FAN20,19380- WET ICE [6LB BAG] [Y],19380,WET ICE,WET,EA,220,9,2.942,26.48
BGI3,11/1/2025,132,SI011776,Y,VS,YBE11,174148-BREAKFAST BOX,174148,,,EA,220,202,8.412,1699.22
BGI3,11/1/2025,132,SI011776,Y,VS,YPAX03,23240- PER PASSENGER CHARGE[Y],23240,OVERHEAD - Y PAX OVERHEAD - PER PAX,SER,EA,220,215,13.856,2979.04
BGI3,11/1/2025,132,SI011776,YC,VS,2CE069, COCO CURRY,LO8708,WILD RICE COCONUT CURRY SAUCE VEG,FOO,EA,12,3,6.438,19.31
BGI3,11/1/2025,132,SI011776,YC,VS,2CE070,LO8709 - GARLIC MASH CHIX THIG,LO8709,GARLIC MASH SEARED CHIX GREEN PEPPERCORN SAUCE,FOO,EA,12,3,10.838,32.51
BGI3,11/1/2025,132,SI011776,YC,VS,2CE071,LO8710 - MAHI W GARL ORZO PAS,LO8710,SEARED MAHI ORZO PASTA CREOLE SAUCE VEG,FOO,EA,12,2,12.378,24.76
BGI3,11/1/2025,132,SI011776,YC,VS,2CE072,LO8711 - PORKLOIN W PO GRATIN,LO8711,SEARED PORK POTATO GRATIN VEG,FOO,EA,12,2,13.84,27.68
BGI3,11/1/2025,132,SI011776,YC,VS,2CE073,LO8712 - CHEESE RAVIOLI,LO8712,CHEESE RAVIOLI,FOO,EA,12,2,8.718,17.44
BGI3,11/1/2025,132,SI011776,YC,VS,2CFF11,LO4110-WHOLE FRUIT 1,LO4110,SEASONAL WHOLE FRUIT OPTION 1,FOO,EA,12,6,4.622,27.73
BGI3,11/1/2025,132,SI011776,YC,VS,2CFS44,LO5113- EGG SALAD SANDWICH,LO5113,EGG SALAD SANDWICH,FOO,EA,12,3,5.374,16.12
BGI3,11/1/2025,132,SI011776,YC,VS,2CFS45,LO5115- TUNASALAD SANDWICH,LO5115,TUNA SALAD SANDWICH,FOO,EA,12,2,6.734,13.47
BGI3,11/1/2025,132,SI011776,YC,VS,2CFS49,LO5119- BAP - STREAKY BACON,LO5119,SCOTTISH BAP WITH BACON,FOO,EA,12,4,4.866,19.46
BGI3,11/1/2025,132,SI011776,YC,VS,2CFS52,LO5368- PLAIN BAGEL -PC CR CH,LO5368,PLAIN BAGEL WITH PC CREAM CHEESE,FOO,EA,12,4,4.086,16.34
BGI3,11/1/2025,132,SI011776,YC,VS,2CFS77,LO8713 - HAM SANDWICH,LO8713,HAM SANDWICH,FOO,EA,12,3,7.734,23.2
BGI3,11/1/2025,132,SI011776,YC,VS,2CFS78,LO8714 - CHEESE TOMATO WRAP,LO8714,CHEESE TOMATO CUCUMBER WRAP,FOO,EA,12,2,6.694,13.39
BGI3,11/1/2025,132,SI011776,YC,VS,2CFS79,LO8715 - CHICKEN CHEESE BAGEL,LO8715,CHICKEN AND CHEESE BAGEL,FOO,EA,12,2,5.014,10.03
BGI3,11/1/2025,132,SI011776,YC,VS,2CFS80,LO8716 - TURKEY SANDWICH,LO8716,TURKEY SANDWICH,FOO,EA,12,4,7.896,31.58
BGI3,11/1/2025,132,SI011776,YC,VS,2CFS81, CHUTNE,LO8718,TILLAMOOK CHEESE CARR TROPICAL CHUTNEY,FOO,EA,12,6,6.788,40.73
BGI3,11/1/2025,132,SI011776,YC,VS,2CFS82,LO8717 - PROTEIN POT W OLIVES,LO8717,PUMPKIN HUMMUS C CHEESE BLACK OLIVES PITTA BREAD T,FOO,EA,12,6,6.904,41.42
BGI3,11/1/2025,132,SI011776,YC,VS,CPAX02,28728- C CREW SVC CHARGE,28728,OVERHEAD - CC OVERHEAD - PER PAX,SER,EA,12,12,25.48,305.76
BGI3,11/1/2025,187A,SI011772,J,VS,JSN05,LO7135 - ORIGINAL SHIRLEY,LO7135,ORIGINAL SHIRLEY BISCUIT,STO,EA,27,27,1.096,29.59
BGI3,11/1/2025,187A,SI011772,Y,VS,3YS035,145991-TRANS.- HANDLING 33J,145991,TURNAROUND - STRIP - LOAD - A330-300 - 3 FLIGHTS,SER,EA,112,1,483.897,483.9
BGI3,11/1/2025,188,SI011774,F,VS,FAN12,19381- MILK 100%,19381,FULL FAT MILK - PINT,STO,EA,30,3,4.805,14.42
BGI3,11/1/2025,188,SI011774,F,VS,FAN13,19383- MILK 2%,19383,SEMI SKIMMED MILK - PINT,STO,EA,30,2,4.805,9.61
BGI3,11/1/2025,188,SI011774,F,VS,FAN14,19385-LEMON HALVES,19385,LEMON WEDGES,FOO,EA,30,2,5.125,10.25
BGI3,11/1/2025,188,SI011774,F,VS,FAN21,19379-WET ICE[6LB BAG],19379,WET ICE,WET,EA,30,4,2.942,11.77
BGI3,11/1/2025,188,SI011774,F,VS,FAN30,7041- LIME WEDGES,7041,LIME WEDGES,FOO,EA,30,2,4.78,9.56
BGI3,11/1/2025,188,SI011774,F,VS,FCS153,LO8803 - JERK PORK SATAYS,LO8803,,,EA,30,15,6.072,91.08
BGI3,11/1/2025,188,SI011774,F,VS,FCS154,LO8804 - PUMKIN HUMMUS,LO8804,,,EA,30,18,5.176,93.17
BGI3,11/1/2025,188,SI011774,F,VS,FDD108,LO8805 - DOUBLE CHOC CHE CAKE,LO8805,,,EA,30,12,5.38,64.56
BGI3,11/1/2025,188,SI011774,F,VS,FDD109,LO8806 - CARAMEL - PUMKIN BREA,LO8806,,,EA,30,15,4.83,72.45
BGI3,11/1/2025,188,SI011774,F,VS,FPAX04,23234-PER PASSENGER CHARGE,23234,OVERHEAD - J PAX OVERHEAD - PER PAX,SER,EA,30,23,36.774,845.8
BGI3,11/1/2025,188,SI011774,J,VS,1JAV01,SP124622 - AVML [J/C],SP124622,AVML,FOO,EA,42,1,15.115,15.12
BGI3,11/1/2025,188,SI011774,J,VS,1JCH03,SP124631 - CHILD MEAL [J/C],SP124631,CHML,FOO,EA,42,1,14.622,14.62
BGI3,11/1/2025,188,SI011774,J,VS,1JDB01,SP124629 - DBML [J/C],SP124629,DBML,FOO,EA,42,1,22.504,22.5
BGI3,11/1/2025,188,SI011774,J,VS,1JVG01,SP124621 - VGML [J/C],SP124621,VGML,FOO,EA,42,1,14.694,14.69
BGI3,11/1/2025,188,SI011774,J,VS,JDT33,LO2622- TRAY SET MM,LO2622,TRAY SET UP,SER,EA,42,38,16.138,613.24
BGI3,11/1/2025,188,SI011774,J,VS,JPAX02,23237-PER PASSENGER CHARGE,23237,OVERHEAD - W PAX OVERHEAD - PER PAX,SER,EA,42,39,16.939,660.62
BGI3,11/1/2025,188,SI011774,Y,VS,1YAV01,SP124700- AVML [Y/C],SP124700,AVML,FOO,EA,169,5,15.115,75.58
BGI3,11/1/2025,188,SI011774,Y,VS,1YCH04,SP124709- CHML [Y/C],SP124709,CHML,FOO,EA,169,9,14.622,131.6
BGI3,11/1/2025,188,SI011774,Y,VS,1YFP01,SP124713 - FPML [Y/C],SP124713,FPML,FOO,EA,169,3,18.156,54.47
BGI3,11/1/2025,188,SI011774,Y,VS,1YGF01,SP124706 - GFML [Y/C],SP124706,GFML,FOO,EA,169,2,22.504,45.01
BGI3,11/1/2025,188,SI011774,Y,VS,1YLF01,SP124704 - LFML [Y/C],SP124704,LFML,FOO,EA,169,2,22.504,45.01
BGI3,11/1/2025,188,SI011774,Y,VS,1YVG01,SP124699- VGML [Y/C],SP124699,VGML,FOO,EA,169,3,14.694,44.08
BGI3,11/1/2025,188,SI011774,Y,VS,1YVL01,SP124698- VLML [Y/C],SP124698,VLML,FOO,EA,169,3,12.154,36.46
BGI3,11/1/2025,188,SI011774,Y,VS,3YDS01,3354- ORANGE JUICE-1LT,3354,BEVERAGES - ORANGE JUICE - 1 LT,STO,EA,169,29,2.124,61.6
BGI3,11/1/2025,188,SI011774,Y,VS,3YDS02,3335-TOMATO JUICE 1LT,3335,BEVERAGES - TOMATO JUICE - 1 LT,STO,EA,169,1,4.057,4.06
BGI3,11/1/2025,188,SI011774,Y,VS,3YDS03,3376-CRANBERRY JUICE,3376,BEVERAGES - CRANBERRY JUICE - 1 LT,STO,EA,169,2,5.101,10.2
BGI3,11/1/2025,188,SI011774,Y,VS,3YDS04,3353-APPLE JUICE 1LTR,3353,BEVERAGES - APPLE JUICE - 1 LT,STO,EA,169,17,2.124,36.11
BGI3,11/1/2025,188,SI011774,Y,VS,3YDS06,3476-MINERAL WATER 1.5LT,3476,BEVERAGES - MINERAL WATER STILL - 1 LT,STO,EA,169,48,2.36,113.28
BGI3,11/1/2025,188,SI011774,Y,VS,3YDS07,33169-SPARKLING WATER 1LT,33169,BEVERAGES - MINERAL WATER SPARK - 1 LT,STO,EA,169,14,3.274,45.84
BGI3,11/1/2025,188,SI011774,Y,VS,3YDS11,213774-PLASTIC BAG,213774,EQUIPMENT - BAG- PLASTIC BAG,EQU,EA,169,1,0.368,0.37
BGI3,11/1/2025,188,SI011774,Y,VS,3YS022,ORANGE LINEN BAG,151383,LAUNDRY - BAG LINEN ORANGE 2014,LAU,EA,169,1,1.969,1.97
BGI3,11/1/2025,188,SI011774,Y,VS,3YS023,LINEN TABLECLOTH,3526,LAUNDRY - TABLE CLOTH/RUNNER 2014,LAU,EA,169,33,0.652,21.52
BGI3,11/1/2025,188,SI011774,Y,VS,3YS024,LINEN NAPKINS,3527,LAUNDRY - LINEN FOLDED NAPKIN 2014,LAU,EA,169,75,0.522,39.15
BGI3,11/1/2025,188,SI011774,Y,VS,3YS032,145995-EQUIP PK - STORES 300,145995,PACKING - FLIGHT PACKING - A330-300,SER,EA,169,1,167.95,167.95
BGI3,11/1/2025,188,SI011774,Y,VS,3YS035,145991-TRANS.- HANDLING 33J,145991,TURNAROUND - STRIP - LOAD - A330-300 - 3 FLIGHTS,SER,EA,169,1,483.897,483.9
BGI3,11/1/2025,188,SI011774,Y,VS,3YS036,145994- WASH UP A330-300,145994,WASH UP - WASH UP - A330-900,SER,EA,169,1,404.383,404.38
BGI3,11/1/2025,188,SI011774,Y,VS,3YS038,17.5% VAT ON LAUNDRY CHRG 33J,51069SALE,SALES TAX - LAUNDRY,VAT,EA,169,1,10.961,10.96
BGI3,11/1/2025,188,SI011774,Y,VS,3YS063,25137-CUTLERY WRAP 1ST SERV 33,25137,PACKING - CUTLERY WRAPPING FIRST SERVICE - A330-30,SER,EA,169,1,8.435,8.44
BGI3,11/1/2025,188,SI011774,Y,VS,3YS064,33819-CUTLERY WRAP 2ND SERV 33,33819,PACKING - CUTLERY WRAPPING SECOND SERVICE - A330-3,SER,EA,169,1,8.435,8.44
BGI3,11/1/2025,188,SI011774,Y,VS,3YS071,32673-CULT WASH-PL 1SER 300,32673,PACKING - CUTLERY WASHUP - POLISHING FIRST SERVICE,SER,EA,169,1,27.272,27.27
BGI3,11/1/2025,188,SI011774,Y,VS,3YS072,33141-CULT WASH-PL 2SER 300,33141,PACKING - CUTLERY WASHUP - POLISHING SECOND SERVIC,SER,EA,169,1,18.363,18.36
BGI3,11/1/2025,188,SI011774,Y,VS,FAN17,19382-MILK 100% [Y],19382,FULL FAT MILK - PINT,STO,EA,169,2,4.805,9.61
BGI3,11/1/2025,188,SI011774,Y,VS,FAN18,19384- MILK 2% [Y],19384,SEMI SKIMMED MILK - PINT,STO,EA,169,4,4.805,19.22
BGI3,11/1/2025,188,SI011774,Y,VS,FAN19,7042-LEMON HALVES [Y],7042,LIME WEDGES,FOO,EA,169,7,5.125,35.88
BGI3,11/1/2025,188,SI011774,Y,VS,FAN20,19380- WET ICE [6LB BAG] [Y],19380,WET ICE,WET,EA,169,7,2.942,20.59
BGI3,11/1/2025,188,SI011774,Y,VS,YBE11,174148-BREAKFAST BOX,174148,,,EA,169,142,8.412,1194.5
BGI3,11/1/2025,188,SI011774,Y,VS,YPAX03,23240- PER PASSENGER CHARGE[Y],23240,OVERHEAD - Y PAX OVERHEAD - PER PAX,SER,EA,169,161,13.856,2230.82
BGI3,11/1/2025,188,SI011774,YC,VS,2CE067,LO8753 - ROASTED RAVOLI CHR,LO8753,,,EA,12,3,12.016,36.05
BGI3,11/1/2025,188,SI011774,YC,VS,2CE068,LO8754 - ROAST TURK ENTREE CHR,LO8754,,,EA,12,3,19.434,58.3
BGI3,11/1/2025,188,SI011774,YC,VS,2CFF11,LO4110-WHOLE FRUIT 1,LO4110,SEASONAL WHOLE FRUIT OPTION 1,FOO,EA,12,6,4.622,27.73
BGI3,11/1/2025,188,SI011774,YC,VS,CPAX02,28728- C CREW SVC CHARGE,28728,OVERHEAD - CC OVERHEAD - PER PAX,SER,EA,12,12,25.48,305.76
BGI3,11/1/2025,188A,SI011773,J,VS,JSN05,LO7135 - ORIGINAL SHIRLEY,LO7135,ORIGINAL SHIRLEY BISCUIT,STO,EA,28,28,1.096,30.69
BGI3,12/1/2025,197,SI011777,J,VS,JSN05,LO7135 - ORIGINAL SHIRLEY,LO7135,ORIGINAL SHIRLEY BISCUIT,STO,EA,19,19,1.096,20.82
BGI3,12/1/2025,197,SI011777,Y,VS,3YS035,145991-TRANS.- HANDLING 33J,145991,TURNAROUND - STRIP - LOAD - A330-300 - 3 FLIGHTS,SER,EA,98,1,483.897,483.9
BGI3,12/1/2025,198,SI011779,F,VS,1FMO01,SP124536 - MOML [F/C],SP124536,MOML,FOO,EA,31,2,29.446,58.89
BGI3,12/1/2025,198,SI011779,F,VS,FAN12,19381- MILK 100%,19381,FULL FAT MILK - PINT,STO,EA,31,4,4.805,19.22
BGI3,12/1/2025,198,SI011779,F,VS,FAN13,19383- MILK 2%,19383,SEMI SKIMMED MILK - PINT,STO,EA,31,2,4.805,9.61
BGI3,12/1/2025,198,SI011779,F,VS,FAN14,19385-LEMON HALVES,19385,LEMON WEDGES,FOO,EA,31,2,5.125,10.25
BGI3,12/1/2025,198,SI011779,F,VS,FAN21,19379-WET ICE[6LB BAG],19379,WET ICE,WET,EA,31,4,2.942,11.77
BGI3,12/1/2025,198,SI011779,F,VS,FAN30,7041- LIME WEDGES,7041,LIME WEDGES,FOO,EA,31,2,4.78,9.56
BGI3,12/1/2025,198,SI011779,F,VS,FCS153,LO8803 - JERK PORK SATAYS,LO8803,,,EA,31,15,6.072,91.08
BGI3,12/1/2025,198,SI011779,F,VS,FCS154,LO8804 - PUMKIN HUMMUS,LO8804,,,EA,31,17,5.176,87.99
BGI3,12/1/2025,198,SI011779,F,VS,FDD108,LO8805 - DOUBLE CHOC CHE CAKE,LO8805,,,EA,31,12,5.38,64.56
BGI3,12/1/2025,198,SI011779,F,VS,FDD109,LO8806 - CARAMEL - PUMKIN BREA,LO8806,,,EA,31,15,4.83,72.45
BGI3,12/1/2025,198,SI011779,F,VS,FPAX04,23234-PER PASSENGER CHARGE,23234,OVERHEAD - J PAX OVERHEAD - PER PAX,SER,EA,31,31,36.774,1139.99
BGI3,12/1/2025,198,SI011779,J,VS,1JCH03,SP124631 - CHILD MEAL [J/C],SP124631,CHML,FOO,EA,48,1,14.622,14.62
BGI3,12/1/2025,198,SI011779,J,VS,1JGF01,SP124628 - GFML [J/C],SP124628,GFML,FOO,EA,48,1,22.504,22.5
BGI3,12/1/2025,198,SI011779,J,VS,1JMO01,SP124624 - MOML [J/C],SP124624,MOML,FOO,EA,48,1,12.154,12.15
BGI3,12/1/2025,198,SI011779,J,VS,1JVL01,SP124620 - VLML [J/C],SP124620,VLML,FOO,EA,48,1,12.174,12.17
BGI3,12/1/2025,198,SI011779,J,VS,JDT33,LO2622- TRAY SET MM,LO2622,TRAY SET UP,SER,EA,48,44,16.138,710.07
BGI3,12/1/2025,198,SI011779,J,VS,JPAX02,23237-PER PASSENGER CHARGE,23237,OVERHEAD - W PAX OVERHEAD - PER PAX,SER,EA,48,46,16.939,779.19
BGI3,12/1/2025,198,SI011779,Y,VS,1YCH04,SP124709- CHML [Y/C],SP124709,CHML,FOO,EA,169,4,14.622,58.49
BGI3,12/1/2025,198,SI011779,Y,VS,1YDB01,SP124707 - DBML [Y/C],SP124707,DBML,FOO,EA,169,1,22.504,22.5
BGI3,12/1/2025,198,SI011779,Y,VS,1YNL01,SP124712 - NLML [Y/C],SP124712,NLML,FOO,EA,169,1,22.504,22.5
BGI3,12/1/2025,198,SI011779,Y,VS,1YVL01,SP124698- VLML [Y/C],SP124698,VLML,FOO,EA,169,1,12.154,12.15
BGI3,12/1/2025,198,SI011779,Y,VS,3YDS01,3354- ORANGE JUICE-1LT,3354,BEVERAGES - ORANGE JUICE - 1 LT,STO,EA,169,26,2.124,55.22
BGI3,12/1/2025,198,SI011779,Y,VS,3YDS02,3335-TOMATO JUICE 1LT,3335,BEVERAGES - TOMATO JUICE - 1 LT,STO,EA,169,1,4.057,4.06
BGI3,12/1/2025,198,SI011779,Y,VS,3YDS03,3376-CRANBERRY JUICE,3376,BEVERAGES - CRANBERRY JUICE - 1 LT,STO,EA,169,2,5.101,10.2
BGI3,12/1/2025,198,SI011779,Y,VS,3YDS04,3353-APPLE JUICE 1LTR,3353,BEVERAGES - APPLE JUICE - 1 LT,STO,EA,169,15,2.124,31.86
BGI3,12/1/2025,198,SI011779,Y,VS,3YDS06,3476-MINERAL WATER 1.5LT,3476,BEVERAGES - MINERAL WATER STILL - 1 LT,STO,EA,169,48,2.36,113.28
BGI3,12/1/2025,198,SI011779,Y,VS,3YDS07,33169-SPARKLING WATER 1LT,33169,BEVERAGES - MINERAL WATER SPARK - 1 LT,STO,EA,169,14,3.274,45.84
BGI3,12/1/2025,198,SI011779,Y,VS,3YDS11,213774-PLASTIC BAG,213774,EQUIPMENT - BAG- PLASTIC BAG,EQU,EA,169,1,0.368,0.37
BGI3,12/1/2025,198,SI011779,Y,VS,3YS022,ORANGE LINEN BAG,151383,LAUNDRY - BAG LINEN ORANGE 2014,LAU,EA,169,1,1.969,1.97
BGI3,12/1/2025,198,SI011779,Y,VS,3YS023,LINEN TABLECLOTH,3526,LAUNDRY - TABLE CLOTH/RUNNER 2014,LAU,EA,169,33,0.652,21.52
BGI3,12/1/2025,198,SI011779,Y,VS,3YS024,LINEN NAPKINS,3527,LAUNDRY - LINEN FOLDED NAPKIN 2014,LAU,EA,169,75,0.522,39.15
BGI3,12/1/2025,198,SI011779,Y,VS,3YS032,145995-EQUIP PK - STORES 300,145995,PACKING - FLIGHT PACKING - A330-300,SER,EA,169,1,167.95,167.95
BGI3,12/1/2025,198,SI011779,Y,VS,3YS035,145991-TRANS.- HANDLING 33J,145991,TURNAROUND - STRIP - LOAD - A330-300 - 3 FLIGHTS,SER,EA,169,1,483.897,483.9
BGI3,12/1/2025,198,SI011779,Y,VS,3YS036,145994- WASH UP A330-300,145994,WASH UP - WASH UP - A330-900,SER,EA,169,1,404.383,404.38
BGI3,12/1/2025,198,SI011779,Y,VS,3YS038,17.5% VAT ON LAUNDRY CHRG 33J,51069SALE,SALES TAX - LAUNDRY,VAT,EA,169,1,10.961,10.96
BGI3,12/1/2025,198,SI011779,Y,VS,3YS063,25137-CUTLERY WRAP 1ST SERV 33,25137,PACKING - CUTLERY WRAPPING FIRST SERVICE - A330-30,SER,EA,169,1,8.435,8.44
BGI3,12/1/2025,198,SI011779,Y,VS,3YS064,33819-CUTLERY WRAP 2ND SERV 33,33819,PACKING - CUTLERY WRAPPING SECOND SERVICE - A330-3,SER,EA,169,1,8.435,8.44
BGI3,12/1/2025,198,SI011779,Y,VS,3YS071,32673-CULT WASH-PL 1SER 300,32673,PACKING - CUTLERY WASHUP - POLISHING FIRST SERVICE,SER,EA,169,1,27.272,27.27
BGI3,12/1/2025,198,SI011779,Y,VS,3YS072,33141-CULT WASH-PL 2SER 300,33141,PACKING - CUTLERY WASHUP - POLISHING SECOND SERVIC,SER,EA,169,1,18.363,18.36
BGI3,12/1/2025,198,SI011779,Y,VS,FAN17,19382-MILK 100% [Y],19382,FULL FAT MILK - PINT,STO,EA,169,2,4.805,9.61
BGI3,12/1/2025,198,SI011779,Y,VS,FAN18,19384- MILK 2% [Y],19384,SEMI SKIMMED MILK - PINT,STO,EA,169,4,4.805,19.22
BGI3,12/1/2025,198,SI011779,Y,VS,FAN19,7042-LEMON HALVES [Y],7042,LIME WEDGES,FOO,EA,169,7,5.125,35.88
BGI3,12/1/2025,198,SI011779,Y,VS,FAN20,19380- WET ICE [6LB BAG] [Y],19380,WET ICE,WET,EA,169,7,2.942,20.59
BGI3,12/1/2025,198,SI011779,Y,VS,YBE11,174148-BREAKFAST BOX,174148,,,EA,169,162,8.412,1362.74
BGI3,12/1/2025,198,SI011779,Y,VS,YPAX03,23240- PER PASSENGER CHARGE[Y],23240,OVERHEAD - Y PAX OVERHEAD - PER PAX,SER,EA,169,164,13.856,2272.38
BGI3,12/1/2025,198,SI011779,YC,VS,2CE069, COCO CURRY,LO8708,WILD RICE COCONUT CURRY SAUCE VEG,FOO,EA,12,3,6.438,19.31
BGI3,12/1/2025,198,SI011779,YC,VS,2CE070,LO8709 - GARLIC MASH CHIX THIG,LO8709,GARLIC MASH SEARED CHIX GREEN PEPPERCORN SAUCE,FOO,EA,12,3,10.838,32.51
BGI3,12/1/2025,198,SI011779,YC,VS,2CE071,LO8710 - MAHI W GARL ORZO PAS,LO8710,SEARED MAHI ORZO PASTA CREOLE SAUCE VEG,FOO,EA,12,2,12.378,24.76
BGI3,12/1/2025,198,SI011779,YC,VS,2CE072,LO8711 - PORKLOIN W PO GRATIN,LO8711,SEARED PORK POTATO GRATIN VEG,FOO,EA,12,2,13.84,27.68
BGI3,12/1/2025,198,SI011779,YC,VS,2CE073,LO8712 - CHEESE RAVIOLI,LO8712,CHEESE RAVIOLI,FOO,EA,12,2,8.718,17.44
BGI3,12/1/2025,198,SI011779,YC,VS,2CFF11,LO4110-WHOLE FRUIT 1,LO4110,SEASONAL WHOLE FRUIT OPTION 1,FOO,EA,12,6,4.622,27.73
BGI3,12/1/2025,198,SI011779,YC,VS,2CFS44,LO5113- EGG SALAD SANDWICH,LO5113,EGG SALAD SANDWICH,FOO,EA,12,3,5.374,16.12
BGI3,12/1/2025,198,SI011779,YC,VS,2CFS45,LO5115- TUNASALAD SANDWICH,LO5115,TUNA SALAD SANDWICH,FOO,EA,12,2,6.734,13.47
BGI3,12/1/2025,198,SI011779,YC,VS,2CFS49,LO5119- BAP - STREAKY BACON,LO5119,SCOTTISH BAP WITH BACON,FOO,EA,12,4,4.866,19.46
BGI3,12/1/2025,198,SI011779,YC,VS,2CFS52,LO5368- PLAIN BAGEL -PC CR CH,LO5368,PLAIN BAGEL WITH PC CREAM CHEESE,FOO,EA,12,4,4.086,16.34
BGI3,12/1/2025,198,SI011779,YC,VS,2CFS77,LO8713 - HAM SANDWICH,LO8713,HAM SANDWICH,FOO,EA,12,3,7.734,23.2
BGI3,12/1/2025,198,SI011779,YC,VS,2CFS78,LO8714 - CHEESE TOMATO WRAP,LO8714,CHEESE TOMATO CUCUMBER WRAP,FOO,EA,12,2,6.694,13.39
BGI3,12/1/2025,198,SI011779,YC,VS,2CFS79,LO8715 - CHICKEN CHEESE BAGEL,LO8715,CHICKEN AND CHEESE BAGEL,FOO,EA,12,2,5.014,10.03
BGI3,12/1/2025,198,SI011779,YC,VS,2CFS80,LO8716 - TURKEY SANDWICH,LO8716,TURKEY SANDWICH,FOO,EA,12,4,7.896,31.58
BGI3,12/1/2025,198,SI011779,YC,VS,2CFS81, CHUTNE,LO8718,TILLAMOOK CHEESE CARR TROPICAL CHUTNEY,FOO,EA,12,6,6.788,40.73
BGI3,12/1/2025,198,SI011779,YC,VS,2CFS82,LO8717 - PROTEIN POT W OLIVES,LO8717,PUMPKIN HUMMUS C CHEESE BLACK OLIVES PITTA BREAD T,FOO,EA,12,6,6.904,41.42
BGI3,12/1/2025,198,SI011779,YC,VS,CPAX02,28728- C CREW SVC CHARGE,28728,OVERHEAD - CC OVERHEAD - PER PAX,SER,EA,12,12,25.48,305.76
BGI3,12/1/2025,78,SI011780,F,VS,1FCH02,SP124543 - CHILD MEAL [F/C],SP124543,CHML,FOO,EA,31,2,29.908,59.82
BGI3,12/1/2025,78,SI011780,F,VS,1FNL01,SP124546- NLML [F/C],SP124546,NLML,FOO,EA,31,1,31.461,31.46
BGI3,12/1/2025,78,SI011780,F,VS,1YBA02,BABY MEAL - CATERER OWNED,SP124710,BBML,STO,EA,31,1,15.93,15.93
BGI3,12/1/2025,78,SI011780,F,VS,FAN12,19381- MILK 100%,19381,FULL FAT MILK - PINT,STO,EA,31,4,4.805,19.22
BGI3,12/1/2025,78,SI011780,F,VS,FAN13,19383- MILK 2%,19383,SEMI SKIMMED MILK - PINT,STO,EA,31,2,4.805,9.61
BGI3,12/1/2025,78,SI011780,F,VS,FAN14,19385-LEMON HALVES,19385,LEMON WEDGES,FOO,EA,31,2,5.125,10.25
BGI3,12/1/2025,78,SI011780,F,VS,FAN21,19379-WET ICE[6LB BAG],19379,WET ICE,WET,EA,31,4,2.942,11.77
BGI3,12/1/2025,78,SI011780,F,VS,FAN30,7041- LIME WEDGES,7041,LIME WEDGES,FOO,EA,31,2,4.78,9.56
BGI3,12/1/2025,78,SI011780,F,VS,FCS153,LO8803 - JERK PORK SATAYS,LO8803,,,EA,31,14,6.072,85.01
BGI3,12/1/2025,78,SI011780,F,VS,FCS154,LO8804 - PUMKIN HUMMUS,LO8804,,,EA,31,17,5.176,87.99
BGI3,12/1/2025,78,SI011780,F,VS,FDD108,LO8805 - DOUBLE CHOC CHE CAKE,LO8805,,,EA,31,11,5.38,59.18
BGI3,12/1/2025,78,SI011780,F,VS,FDD109,LO8806 - CARAMEL - PUMKIN BREA,LO8806,,,EA,31,14,4.83,67.62
BGI3,12/1/2025,78,SI011780,F,VS,FPAX04,23234-PER PASSENGER CHARGE,23234,OVERHEAD - J PAX OVERHEAD - PER PAX,SER,EA,31,30,36.774,1103.22
BGI3,12/1/2025,78,SI011780,J,VS,1JCH03,SP124631 - CHILD MEAL [J/C],SP124631,CHML,FOO,EA,48,1,14.622,14.62
BGI3,12/1/2025,78,SI011780,J,VS,1JNL01,SP124634 - NLML [J/C],SP124634,NLML,FOO,EA,48,1,22.504,22.5
BGI3,12/1/2025,78,SI011780,J,VS,JDT33,LO2622- TRAY SET MM,LO2622,TRAY SET UP,SER,EA,48,46,16.138,742.35
BGI3,12/1/2025,78,SI011780,J,VS,JPAX02,23237-PER PASSENGER CHARGE,23237,OVERHEAD - W PAX OVERHEAD - PER PAX,SER,EA,48,45,16.939,762.26
BGI3,12/1/2025,78,SI011780,Y,VS,1YAV01,SP124700- AVML [Y/C],SP124700,AVML,FOO,EA,169,1,15.115,15.12
BGI3,12/1/2025,78,SI011780,Y,VS,1YCH04,SP124709- CHML [Y/C],SP124709,CHML,FOO,EA,169,2,14.622,29.24
BGI3,12/1/2025,78,SI011780,Y,VS,1YGF01,SP124706 - GFML [Y/C],SP124706,GFML,FOO,EA,169,2,22.504,45.01
BGI3,12/1/2025,78,SI011780,Y,VS,1YHN01,SP124703 - HNML [Y/C],SP124703,HNML,FOO,EA,169,1,17.178,17.18
BGI3,12/1/2025,78,SI011780,Y,VS,1YMO01,SP124702 - MOML [Y/C],SP124702,MOML,FOO,EA,169,1,12.154,12.15
BGI3,12/1/2025,78,SI011780,Y,VS,1YNL01,SP124712 - NLML [Y/C],SP124712,NLML,FOO,EA,169,1,22.504,22.5
BGI3,12/1/2025,78,SI011780,Y,VS,1YVG01,SP124699- VGML [Y/C],SP124699,VGML,FOO,EA,169,2,14.694,29.39
BGI3,12/1/2025,78,SI011780,Y,VS,1YVL01,SP124698- VLML [Y/C],SP124698,VLML,FOO,EA,169,2,12.154,24.31
BGI3,12/1/2025,78,SI011780,Y,VS,3YDS01,3354- ORANGE JUICE-1LT,3354,BEVERAGES - ORANGE JUICE - 1 LT,STO,EA,169,28,2.124,59.47
BGI3,12/1/2025,78,SI011780,Y,VS,3YDS02,3335-TOMATO JUICE 1LT,3335,BEVERAGES - TOMATO JUICE - 1 LT,STO,EA,169,1,4.057,4.06
BGI3,12/1/2025,78,SI011780,Y,VS,3YDS03,3376-CRANBERRY JUICE,3376,BEVERAGES - CRANBERRY JUICE - 1 LT,STO,EA,169,2,5.101,10.2
BGI3,12/1/2025,78,SI011780,Y,VS,3YDS04,3353-APPLE JUICE 1LTR,3353,BEVERAGES - APPLE JUICE - 1 LT,STO,EA,169,16,2.124,33.98
BGI3,12/1/2025,78,SI011780,Y,VS,3YDS06,3476-MINERAL WATER 1.5LT,3476,BEVERAGES - MINERAL WATER STILL - 1 LT,STO,EA,169,48,2.36,113.28
BGI3,12/1/2025,78,SI011780,Y,VS,3YDS07,33169-SPARKLING WATER 1LT,33169,BEVERAGES - MINERAL WATER SPARK - 1 LT,STO,EA,169,14,3.274,45.84
BGI3,12/1/2025,78,SI011780,Y,VS,3YDS11,213774-PLASTIC BAG,213774,EQUIPMENT - BAG- PLASTIC BAG,EQU,EA,169,1,0.368,0.37
BGI3,12/1/2025,78,SI011780,Y,VS,3YS022,ORANGE LINEN BAG,151383,LAUNDRY - BAG LINEN ORANGE 2014,LAU,EA,169,1,1.969,1.97
BGI3,12/1/2025,78,SI011780,Y,VS,3YS023,LINEN TABLECLOTH,3526,LAUNDRY - TABLE CLOTH/RUNNER 2014,LAU,EA,169,20,0.652,13.04
BGI3,12/1/2025,78,SI011780,Y,VS,3YS024,LINEN NAPKINS,3527,LAUNDRY - LINEN FOLDED NAPKIN 2014,LAU,EA,169,55,0.522,28.71
BGI3,12/1/2025,78,SI011780,Y,VS,3YS032,145995-EQUIP PK - STORES 300,145995,PACKING - FLIGHT PACKING - A330-300,SER,EA,169,1,167.95,167.95
BGI3,12/1/2025,78,SI011780,Y,VS,3YS035,145991-TRANS.- HANDLING 33J,145991,TURNAROUND - STRIP - LOAD - A330-300 - 3 FLIGHTS,SER,EA,169,1,483.897,483.9
BGI3,12/1/2025,78,SI011780,Y,VS,3YS036,145994- WASH UP A330-300,145994,WASH UP - WASH UP - A330-900,SER,EA,169,1,404.383,404.38
BGI3,12/1/2025,78,SI011780,Y,VS,3YS038,17.5% VAT ON LAUNDRY CHRG 33J,51069SALE,SALES TAX - LAUNDRY,VAT,EA,169,1,10.961,10.96
BGI3,12/1/2025,78,SI011780,Y,VS,3YS063,25137-CUTLERY WRAP 1ST SERV 33,25137,PACKING - CUTLERY WRAPPING FIRST SERVICE - A330-30,SER,EA,169,1,8.435,8.44
BGI3,12/1/2025,78,SI011780,Y,VS,3YS064,33819-CUTLERY WRAP 2ND SERV 33,33819,PACKING - CUTLERY WRAPPING SECOND SERVICE - A330-3,SER,EA,169,1,8.435,8.44
BGI3,12/1/2025,78,SI011780,Y,VS,3YS071,32673-CULT WASH-PL 1SER 300,32673,PACKING - CUTLERY WASHUP - POLISHING FIRST SERVICE,SER,EA,169,1,27.272,27.27
BGI3,12/1/2025,78,SI011780,Y,VS,3YS072,33141-CULT WASH-PL 2SER 300,33141,PACKING - CUTLERY WASHUP - POLISHING SECOND SERVIC,SER,EA,169,1,18.363,18.36
BGI3,12/1/2025,78,SI011780,Y,VS,FAN17,19382-MILK 100% [Y],19382,FULL FAT MILK - PINT,STO,EA,169,2,4.805,9.61
BGI3,12/1/2025,78,SI011780,Y,VS,FAN18,19384- MILK 2% [Y],19384,SEMI SKIMMED MILK - PINT,STO,EA,169,4,4.805,19.22
BGI3,12/1/2025,78,SI011780,Y,VS,FAN19,7042-LEMON HALVES [Y],7042,LIME WEDGES,FOO,EA,169,8,5.125,41
BGI3,12/1/2025,78,SI011780,Y,VS,FAN20,19380- WET ICE [6LB BAG] [Y],19380,WET ICE,WET,EA,169,8,2.942,23.54
BGI3,12/1/2025,78,SI011780,Y,VS,YBE11,174148-BREAKFAST BOX,174148,,,EA,169,157,8.412,1320.68
BGI3,12/1/2025,78,SI011780,Y,VS,YPAX03,23240- PER PASSENGER CHARGE[Y],23240,OVERHEAD - Y PAX OVERHEAD - PER PAX,SER,EA,169,163,13.856,2258.53
BGI3,12/1/2025,78,SI011780,YC,VS,2CE069, COCO CURRY,LO8708,WILD RICE COCONUT CURRY SAUCE VEG,FOO,EA,12,3,6.438,19.31
BGI3,12/1/2025,78,SI011780,YC,VS,2CE070,LO8709 - GARLIC MASH CHIX THIG,LO8709,GARLIC MASH SEARED CHIX GREEN PEPPERCORN SAUCE,FOO,EA,12,3,10.838,32.51
BGI3,12/1/2025,78,SI011780,YC,VS,2CE071,LO8710 - MAHI W GARL ORZO PAS,LO8710,SEARED MAHI ORZO PASTA CREOLE SAUCE VEG,FOO,EA,12,2,12.378,24.76
BGI3,12/1/2025,78,SI011780,YC,VS,2CE072,LO8711 - PORKLOIN W PO GRATIN,LO8711,SEARED PORK POTATO GRATIN VEG,FOO,EA,12,2,13.84,27.68
BGI3,12/1/2025,78,SI011780,YC,VS,2CE073,LO8712 - CHEESE RAVIOLI,LO8712,CHEESE RAVIOLI,FOO,EA,12,2,8.718,17.44
BGI3,12/1/2025,78,SI011780,YC,VS,2CFF11,LO4110-WHOLE FRUIT 1,LO4110,SEASONAL WHOLE FRUIT OPTION 1,FOO,EA,12,6,4.622,27.73
BGI3,12/1/2025,78,SI011780,YC,VS,2CFS44,LO5113- EGG SALAD SANDWICH,LO5113,EGG SALAD SANDWICH,FOO,EA,12,3,5.374,16.12
BGI3,12/1/2025,78,SI011780,YC,VS,2CFS45,LO5115- TUNASALAD SANDWICH,LO5115,TUNA SALAD SANDWICH,FOO,EA,12,2,6.734,13.47
BGI3,12/1/2025,78,SI011780,YC,VS,2CFS49,LO5119- BAP - STREAKY BACON,LO5119,SCOTTISH BAP WITH BACON,FOO,EA,12,4,4.866,19.46
BGI3,12/1/2025,78,SI011780,YC,VS,2CFS52,LO5368- PLAIN BAGEL -PC CR CH,LO5368,PLAIN BAGEL WITH PC CREAM CHEESE,FOO,EA,12,4,4.086,16.34
BGI3,12/1/2025,78,SI011780,YC,VS,2CFS77,LO8713 - HAM SANDWICH,LO8713,HAM SANDWICH,FOO,EA,12,3,7.734,23.2
BGI3,12/1/2025,78,SI011780,YC,VS,2CFS78,LO8714 - CHEESE TOMATO WRAP,LO8714,CHEESE TOMATO CUCUMBER WRAP,FOO,EA,12,2,6.694,13.39
BGI3,12/1/2025,78,SI011780,YC,VS,2CFS79,LO8715 - CHICKEN CHEESE BAGEL,LO8715,CHICKEN AND CHEESE BAGEL,FOO,EA,12,2,5.014,10.03
BGI3,12/1/2025,78,SI011780,YC,VS,2CFS80,LO8716 - TURKEY SANDWICH,LO8716,TURKEY SANDWICH,FOO,EA,12,4,7.896,31.58
BGI3,12/1/2025,78,SI011780,YC,VS,2CFS81, CHUTNE,LO8718,TILLAMOOK CHEESE CARR TROPICAL CHUTNEY,FOO,EA,12,6,6.788,40.73
BGI3,12/1/2025,78,SI011780,YC,VS,2CFS82,LO8717 - PROTEIN POT W OLIVES,LO8717,PUMPKIN HUMMUS C CHEESE BLACK OLIVES PITTA BREAD T,FOO,EA,12,6,6.904,41.42
BGI3,12/1/2025,78,SI011780,YC,VS,CPAX02,28728- C CREW SVC CHARGE,28728,OVERHEAD - CC OVERHEAD - PER PAX,SER,EA,12,12,25.48,305.76
BGI3,12/1/2025,132,SI011781,F,VS,1FVL01,SP124532 - VLML [F/C],SP124532,VLML,FOO,EA,16,2,33.728,67.46
BGI3,12/1/2025,132,SI011781,F,VS,FAN12,19381- MILK 100%,19381,FULL FAT MILK - PINT,STO,EA,16,2,4.805,9.61
BGI3,12/1/2025,132,SI011781,F,VS,FAN13,19383- MILK 2%,19383,SEMI SKIMMED MILK - PINT,STO,EA,16,2,4.805,9.61
BGI3,12/1/2025,132,SI011781,F,VS,FAN14,19385-LEMON HALVES,19385,LEMON WEDGES,FOO,EA,16,1,5.125,5.13
BGI3,12/1/2025,132,SI011781,F,VS,FAN21,19379-WET ICE[6LB BAG],19379,WET ICE,WET,EA,16,2,2.942,5.88
BGI3,12/1/2025,132,SI011781,F,VS,FAN30,7041- LIME WEDGES,7041,LIME WEDGES,FOO,EA,16,2,4.78,9.56
BGI3,12/1/2025,132,SI011781,F,VS,FCS153,LO8803 - JERK PORK SATAYS,LO8803,,,EA,16,7,6.072,42.5
BGI3,12/1/2025,132,SI011781,F,VS,FCS154,LO8804 - PUMKIN HUMMUS,LO8804,,,EA,16,8,5.176,41.41
BGI3,12/1/2025,132,SI011781,F,VS,FDD108,LO8805 - DOUBLE CHOC CHE CAKE,LO8805,,,EA,16,6,5.38,32.28
BGI3,12/1/2025,132,SI011781,F,VS,FDD109,LO8806 - CARAMEL - PUMKIN BREA,LO8806,,,EA,16,7,4.83,33.81
BGI3,12/1/2025,132,SI011781,F,VS,FPAX04,23234-PER PASSENGER CHARGE,23234,OVERHEAD - J PAX OVERHEAD - PER PAX,SER,EA,16,16,36.774,588.38
BGI3,12/1/2025,132,SI011781,J,VS,1JAV01,SP124622 - AVML [J/C],SP124622,AVML,FOO,EA,56,1,15.115,15.12
BGI3,12/1/2025,132,SI011781,J,VS,1JCH03,SP124631 - CHILD MEAL [J/C],SP124631,CHML,FOO,EA,56,1,14.622,14.62
BGI3,12/1/2025,132,SI011781,J,VS,JDT33,LO2622- TRAY SET MM,LO2622,TRAY SET UP,SER,EA,56,54,16.138,871.45
BGI3,12/1/2025,132,SI011781,J,VS,JPAX02,23237-PER PASSENGER CHARGE,23237,OVERHEAD - W PAX OVERHEAD - PER PAX,SER,EA,56,48,16.939,813.07
BGI3,12/1/2025,132,SI011781,Y,VS,1YAV01,SP124700- AVML [Y/C],SP124700,AVML,FOO,EA,235,6,15.115,90.69
BGI3,12/1/2025,132,SI011781,Y,VS,1YBA02,BABY MEAL - CATERER OWNED,SP124710,BBML,STO,EA,235,1,15.93,15.93
BGI3,12/1/2025,132,SI011781,Y,VS,1YCH04,SP124709- CHML [Y/C],SP124709,CHML,FOO,EA,235,5,14.622,73.11
BGI3,12/1/2025,132,SI011781,Y,VS,1YFP01,SP124713 - FPML [Y/C],SP124713,FPML,FOO,EA,235,1,18.156,18.16
BGI3,12/1/2025,132,SI011781,Y,VS,1YGF01,SP124706 - GFML [Y/C],SP124706,GFML,FOO,EA,235,2,22.504,45.01
BGI3,12/1/2025,132,SI011781,Y,VS,1YLF01,SP124704 - LFML [Y/C],SP124704,LFML,FOO,EA,235,1,22.504,22.5
BGI3,12/1/2025,132,SI011781,Y,VS,1YMO01,SP124702 - MOML [Y/C],SP124702,MOML,FOO,EA,235,6,12.154,72.92
BGI3,12/1/2025,132,SI011781,Y,VS,1YVL01,SP124698- VLML [Y/C],SP124698,VLML,FOO,EA,235,5,12.154,60.77
BGI3,12/1/2025,132,SI011781,Y,VS,3YDS01,3354- ORANGE JUICE-1LT,3354,BEVERAGES - ORANGE JUICE - 1 LT,STO,EA,235,37,2.124,78.59
BGI3,12/1/2025,132,SI011781,Y,VS,3YDS02,3335-TOMATO JUICE 1LT,3335,BEVERAGES - TOMATO JUICE - 1 LT,STO,EA,235,8,4.057,32.46
BGI3,12/1/2025,132,SI011781,Y,VS,3YDS03,3376-CRANBERRY JUICE,3376,BEVERAGES - CRANBERRY JUICE - 1 LT,STO,EA,235,1,5.101,5.1
BGI3,12/1/2025,132,SI011781,Y,VS,3YDS04,3353-APPLE JUICE 1LTR,3353,BEVERAGES - APPLE JUICE - 1 LT,STO,EA,235,20,2.124,42.48
BGI3,12/1/2025,132,SI011781,Y,VS,3YDS06,3476-MINERAL WATER 1.5LT,3476,BEVERAGES - MINERAL WATER STILL - 1 LT,STO,EA,235,84,2.36,198.24
BGI3,12/1/2025,132,SI011781,Y,VS,3YDS07,33169-SPARKLING WATER 1LT,33169,BEVERAGES - MINERAL WATER SPARK - 1 LT,STO,EA,235,13,3.274,42.56
BGI3,12/1/2025,132,SI011781,Y,VS,3YDS11,213774-PLASTIC BAG,213774,EQUIPMENT - BAG- PLASTIC BAG,EQU,EA,235,2,0.368,0.74
BGI3,12/1/2025,132,SI011781,Y,VS,3YS022,ORANGE LINEN BAG,151383,LAUNDRY - BAG LINEN ORANGE 2014,LAU,EA,235,2,1.969,3.94
BGI3,12/1/2025,132,SI011781,Y,VS,3YS023,LINEN TABLECLOTH,3526,LAUNDRY - TABLE CLOTH/RUNNER 2014,LAU,EA,235,20,0.652,13.04
BGI3,12/1/2025,132,SI011781,Y,VS,3YS024,LINEN NAPKINS,3527,LAUNDRY - LINEN FOLDED NAPKIN 2014,LAU,EA,235,88,0.522,45.94
BGI3,12/1/2025,132,SI011781,Y,VS,3YS032,145995-EQUIP PK - STORES 300,145995,PACKING - FLIGHT PACKING - A330-300,SER,EA,235,1,167.95,167.95
BGI3,12/1/2025,132,SI011781,Y,VS,3YS035,145991-TRANS.- HANDLING 33J,145991,TURNAROUND - STRIP - LOAD - A330-300 - 3 FLIGHTS,SER,EA,235,1,483.897,483.9
BGI3,12/1/2025,132,SI011781,Y,VS,3YS036,145994- WASH UP A330-300,145994,WASH UP - WASH UP - A330-900,SER,EA,235,1,404.383,404.38
BGI3,12/1/2025,132,SI011781,Y,VS,3YS038,17.5% VAT ON LAUNDRY CHRG 33J,51069SALE,SALES TAX - LAUNDRY,VAT,EA,235,1,10.961,10.96
BGI3,12/1/2025,132,SI011781,Y,VS,3YS063,25137-CUTLERY WRAP 1ST SERV 33,25137,PACKING - CUTLERY WRAPPING FIRST SERVICE - A330-30,SER,EA,235,1,8.435,8.44
BGI3,12/1/2025,132,SI011781,Y,VS,3YS064,33819-CUTLERY WRAP 2ND SERV 33,33819,PACKING - CUTLERY WRAPPING SECOND SERVICE - A330-3,SER,EA,235,1,8.435,8.44
BGI3,12/1/2025,132,SI011781,Y,VS,3YS071,32673-CULT WASH-PL 1SER 300,32673,PACKING - CUTLERY WASHUP - POLISHING FIRST SERVICE,SER,EA,235,1,27.272,27.27
BGI3,12/1/2025,132,SI011781,Y,VS,3YS072,33141-CULT WASH-PL 2SER 300,33141,PACKING - CUTLERY WASHUP - POLISHING SECOND SERVIC,SER,EA,235,1,18.363,18.36
BGI3,12/1/2025,132,SI011781,Y,VS,FAN17,19382-MILK 100% [Y],19382,FULL FAT MILK - PINT,STO,EA,235,2,4.805,9.61
BGI3,12/1/2025,132,SI011781,Y,VS,FAN18,19384- MILK 2% [Y],19384,SEMI SKIMMED MILK - PINT,STO,EA,235,4,4.805,19.22
BGI3,12/1/2025,132,SI011781,Y,VS,FAN19,7042-LEMON HALVES [Y],7042,LIME WEDGES,FOO,EA,235,8,5.125,41
BGI3,12/1/2025,132,SI011781,Y,VS,FAN20,19380- WET ICE [6LB BAG] [Y],19380,WET ICE,WET,EA,235,8,2.942,23.54
BGI3,12/1/2025,132,SI011781,Y,VS,YBE11,174148-BREAKFAST BOX,174148,,,EA,235,205,8.412,1724.46
BGI3,12/1/2025,132,SI011781,Y,VS,YPAX03,23240- PER PASSENGER CHARGE[Y],23240,OVERHEAD - Y PAX OVERHEAD - PER PAX,SER,EA,235,219,13.856,3034.46
BGI3,12/1/2025,132,SI011781,YC,VS,2CE069, COCO CURRY,LO8708,WILD RICE COCONUT CURRY SAUCE VEG,FOO,EA,12,3,6.438,19.31
BGI3,12/1/2025,132,SI011781,YC,VS,2CE070,LO8709 - GARLIC MASH CHIX THIG,LO8709,GARLIC MASH SEARED CHIX GREEN PEPPERCORN SAUCE,FOO,EA,12,3,10.838,32.51
BGI3,12/1/2025,132,SI011781,YC,VS,2CE071,LO8710 - MAHI W GARL ORZO PAS,LO8710,SEARED MAHI ORZO PASTA CREOLE SAUCE VEG,FOO,EA,12,2,12.378,24.76
BGI3,12/1/2025,132,SI011781,YC,VS,2CE072,LO8711 - PORKLOIN W PO GRATIN,LO8711,SEARED PORK POTATO GRATIN VEG,FOO,EA,12,2,13.84,27.68
BGI3,12/1/2025,132,SI011781,YC,VS,2CE073,LO8712 - CHEESE RAVIOLI,LO8712,CHEESE RAVIOLI,FOO,EA,12,2,8.718,17.44
BGI3,12/1/2025,132,SI011781,YC,VS,2CFF11,LO4110-WHOLE FRUIT 1,LO4110,SEASONAL WHOLE FRUIT OPTION 1,FOO,EA,12,6,4.622,27.73
BGI3,12/1/2025,132,SI011781,YC,VS,2CFS44,LO5113- EGG SALAD SANDWICH,LO5113,EGG SALAD SANDWICH,FOO,EA,12,3,5.374,16.12
BGI3,12/1/2025,132,SI011781,YC,VS,2CFS45,LO5115- TUNASALAD SANDWICH,LO5115,TUNA SALAD SANDWICH,FOO,EA,12,2,6.734,13.47
BGI3,12/1/2025,132,SI011781,YC,VS,2CFS49,LO5119- BAP - STREAKY BACON,LO5119,SCOTTISH BAP WITH BACON,FOO,EA,12,4,4.866,19.46
BGI3,12/1/2025,132,SI011781,YC,VS,2CFS52,LO5368- PLAIN BAGEL -PC CR CH,LO5368,PLAIN BAGEL WITH PC CREAM CHEESE,FOO,EA,12,4,4.086,16.34
BGI3,12/1/2025,132,SI011781,YC,VS,2CFS77,LO8713 - HAM SANDWICH,LO8713,HAM SANDWICH,FOO,EA,12,3,7.734,23.2
BGI3,12/1/2025,132,SI011781,YC,VS,2CFS78,LO8714 - CHEESE TOMATO WRAP,LO8714,CHEESE TOMATO CUCUMBER WRAP,FOO,EA,12,2,6.694,13.39
BGI3,12/1/2025,132,SI011781,YC,VS,2CFS79,LO8715 - CHICKEN CHEESE BAGEL,LO8715,CHICKEN AND CHEESE BAGEL,FOO,EA,12,2,5.014,10.03
BGI3,12/1/2025,132,SI011781,YC,VS,2CFS80,LO8716 - TURKEY SANDWICH,LO8716,TURKEY SANDWICH,FOO,EA,12,4,7.896,31.58
BGI3,12/1/2025,132,SI011781,YC,VS,2CFS81, CHUTNE,LO8718,TILLAMOOK CHEESE CARR TROPICAL CHUTNEY,FOO,EA,12,6,6.788,40.73
BGI3,12/1/2025,132,SI011781,YC,VS,2CFS82,LO8717 - PROTEIN POT W OLIVES,LO8717,PUMPKIN HUMMUS C CHEESE BLACK OLIVES PITTA BREAD T,FOO,EA,12,6,6.904,41.42
BGI3,12/1/2025,132,SI011781,YC,VS,CPAX02,28728- C CREW SVC CHARGE,28728,OVERHEAD - CC OVERHEAD - PER PAX,SER,EA,12,12,25.48,305.76
BGI3,12/1/2025,198A,SI011778,J,VS,JSN05,LO7135 - ORIGINAL SHIRLEY,LO7135,ORIGINAL SHIRLEY BISCUIT,STO,EA,22,22,1.096,24.11
BGI3,13/01/25,197,SI011782,J,VS,JSN05,LO7135 - ORIGINAL SHIRLEY,LO7135,ORIGINAL SHIRLEY BISCUIT,STO,EA,24,24,1.096,26.3
BGI3,13/01/25,197,SI011782,Y,VS,3YS035,145991-TRANS.- HANDLING 33J,145991,TURNAROUND - STRIP - LOAD - A330-300 - 3 FLIGHTS,SER,EA,65,1,483.897,483.9
BGI3,13/01/25,198,SI011784,F,VS,1FAV01,SP124534- AVML [F/C],SP124534,AVML,FOO,EA,32,1,32.885,32.89
BGI3,13/01/25,198,SI011784,F,VS,1FCH02,SP124543 - CHILD MEAL [F/C],SP124543,CHML,FOO,EA,32,3,29.908,89.72
BGI3,13/01/25,198,SI011784,F,VS,1FGF01,SP124540- GFML [F/C],SP124540,GFML,FOO,EA,32,1,31.461,31.46
BGI3,13/01/25,198,SI011784,F,VS,FAN12,19381- MILK 100%,19381,FULL FAT MILK - PINT,STO,EA,32,4,4.805,19.22
BGI3,13/01/25,198,SI011784,F,VS,FAN13,19383- MILK 2%,19383,SEMI SKIMMED MILK - PINT,STO,EA,32,2,4.805,9.61
BGI3,13/01/25,198,SI011784,F,VS,FAN14,19385-LEMON HALVES,19385,LEMON WEDGES,FOO,EA,32,2,5.125,10.25
BGI3,13/01/25,198,SI011784,F,VS,FAN21,19379-WET ICE[6LB BAG],19379,WET ICE,WET,EA,32,4,2.942,11.77
BGI3,13/01/25,198,SI011784,F,VS,FAN30,7041- LIME WEDGES,7041,LIME WEDGES,FOO,EA,32,2,4.78,9.56
BGI3,13/01/25,198,SI011784,F,VS,FCS153,LO8803 - JERK PORK SATAYS,LO8803,,,EA,32,14,6.072,85.01
BGI3,13/01/25,198,SI011784,F,VS,FCS154,LO8804 - PUMKIN HUMMUS,LO8804,,,EA,32,16,5.176,82.82
BGI3,13/01/25,198,SI011784,F,VS,FDD108,LO8805 - DOUBLE CHOC CHE CAKE,LO8805,,,EA,32,11,5.38,59.18
BGI3,13/01/25,198,SI011784,F,VS,FDD109,LO8806 - CARAMEL - PUMKIN BREA,LO8806,,,EA,32,14,4.83,67.62
BGI3,13/01/25,198,SI011784,F,VS,FPAX04,23234-PER PASSENGER CHARGE,23234,OVERHEAD - J PAX OVERHEAD - PER PAX,SER,EA,32,28,36.774,1029.67
BGI3,13/01/25,198,SI011784,J,VS,1JGF01,SP124628 - GFML [J/C],SP124628,GFML,FOO,EA,46,2,22.504,45.01
BGI3,13/01/25,198,SI011784,J,VS,1JNL01,SP124634 - NLML [J/C],SP124634,NLML,FOO,EA,46,1,22.504,22.5
BGI3,13/01/25,198,SI011784,J,VS,1JSP01,SP124623 - JAIN [J/C],SP124623 ,VJML,FOO,EA,46,1,16.278,16.28
BGI3,13/01/25,198,SI011784,J,VS,1JVG01,SP124621 - VGML [J/C],SP124621,VGML,FOO,EA,46,1,14.694,14.69
BGI3,13/01/25,198,SI011784,J,VS,1JVL01,SP124620 - VLML [J/C],SP124620,VLML,FOO,EA,46,1,12.174,12.17
BGI3,13/01/25,198,SI011784,J,VS,JDT33,LO2622- TRAY SET MM,LO2622,TRAY SET UP,SER,EA,46,40,16.138,645.52
BGI3,13/01/25,198,SI011784,J,VS,JPAX02,23237-PER PASSENGER CHARGE,23237,OVERHEAD - W PAX OVERHEAD - PER PAX,SER,EA,46,28,16.939,474.29
BGI3,13/01/25,198,SI011784,Y,VS,1YAV01,SP124700- AVML [Y/C],SP124700,AVML,FOO,EA,177,5,15.115,75.58
BGI3,13/01/25,198,SI011784,Y,VS,1YBA02,BABY MEAL - CATERER OWNED,SP124710,BBML,STO,EA,177,2,15.93,31.86
BGI3,13/01/25,198,SI011784,Y,VS,1YCH04,SP124709- CHML [Y/C],SP124709,CHML,FOO,EA,177,1,14.622,14.62
BGI3,13/01/25,198,SI011784,Y,VS,1YDB01,SP124707 - DBML [Y/C],SP124707,DBML,FOO,EA,177,1,22.504,22.5
BGI3,13/01/25,198,SI011784,Y,VS,1YKO04,SP124708 - KSML [Y/C],SP124708,KSML,FOO,EA,177,1,14.178,14.18
BGI3,13/01/25,198,SI011784,Y,VS,1YLF01,SP124704 - LFML [Y/C],SP124704,LFML,FOO,EA,177,1,22.504,22.5
BGI3,13/01/25,198,SI011784,Y,VS,1YMO01,SP124702 - MOML [Y/C],SP124702,MOML,FOO,EA,177,1,12.154,12.15
BGI3,13/01/25,198,SI011784,Y,VS,1YSP03,SP124701 - JAIN [Y/C],SP124701,VJML,FOO,EA,177,1,16.278,16.28
BGI3,13/01/25,198,SI011784,Y,VS,1YVG01,SP124699- VGML [Y/C],SP124699,VGML,FOO,EA,177,2,14.694,29.39
BGI3,13/01/25,198,SI011784,Y,VS,1YVL01,SP124698- VLML [Y/C],SP124698,VLML,FOO,EA,177,3,12.154,36.46
BGI3,13/01/25,198,SI011784,Y,VS,3YDS01,3354- ORANGE JUICE-1LT,3354,BEVERAGES - ORANGE JUICE - 1 LT,STO,EA,177,28,2.124,59.47
BGI3,13/01/25,198,SI011784,Y,VS,3YDS02,3335-TOMATO JUICE 1LT,3335,BEVERAGES - TOMATO JUICE - 1 LT,STO,EA,177,3,4.057,12.17
BGI3,13/01/25,198,SI011784,Y,VS,3YDS03,3376-CRANBERRY JUICE,3376,BEVERAGES - CRANBERRY JUICE - 1 LT,STO,EA,177,3,5.101,15.3
BGI3,13/01/25,198,SI011784,Y,VS,3YDS04,3353-APPLE JUICE 1LTR,3353,BEVERAGES - APPLE JUICE - 1 LT,STO,EA,177,17,2.124,36.11
BGI3,13/01/25,198,SI011784,Y,VS,3YDS06,3476-MINERAL WATER 1.5LT,3476,BEVERAGES - MINERAL WATER STILL - 1 LT,STO,EA,177,54,2.36,127.44
BGI3,13/01/25,198,SI011784,Y,VS,3YDS07,33169-SPARKLING WATER 1LT,33169,BEVERAGES - MINERAL WATER SPARK - 1 LT,STO,EA,177,13,3.274,42.56
BGI3,13/01/25,198,SI011784,Y,VS,3YDS11,213774-PLASTIC BAG,213774,EQUIPMENT - BAG- PLASTIC BAG,EQU,EA,177,1,0.368,0.37
BGI3,13/01/25,198,SI011784,Y,VS,3YS022,ORANGE LINEN BAG,151383,LAUNDRY - BAG LINEN ORANGE 2014,LAU,EA,177,1,1.969,1.97
BGI3,13/01/25,198,SI011784,Y,VS,3YS023,LINEN TABLECLOTH,3526,LAUNDRY - TABLE CLOTH/RUNNER 2014,LAU,EA,177,20,0.652,13.04
BGI3,13/01/25,198,SI011784,Y,VS,3YS024,LINEN NAPKINS,3527,LAUNDRY - LINEN FOLDED NAPKIN 2014,LAU,EA,177,55,0.522,28.71
BGI3,13/01/25,198,SI011784,Y,VS,3YS032,145995-EQUIP PK - STORES 300,145995,PACKING - FLIGHT PACKING - A330-300,SER,EA,177,1,167.95,167.95
BGI3,13/01/25,198,SI011784,Y,VS,3YS035,145991-TRANS.- HANDLING 33J,145991,TURNAROUND - STRIP - LOAD - A330-300 - 3 FLIGHTS,SER,EA,177,1,483.897,483.9
BGI3,13/01/25,198,SI011784,Y,VS,3YS036,145994- WASH UP A330-300,145994,WASH UP - WASH UP - A330-900,SER,EA,177,1,404.383,404.38
BGI3,13/01/25,198,SI011784,Y,VS,3YS038,17.5% VAT ON LAUNDRY CHRG 33J,51069SALE,SALES TAX - LAUNDRY,VAT,EA,177,1,10.961,10.96
BGI3,13/01/25,198,SI011784,Y,VS,3YS063,25137-CUTLERY WRAP 1ST SERV 33,25137,PACKING - CUTLERY WRAPPING FIRST SERVICE - A330-30,SER,EA,177,1,8.435,8.44
BGI3,13/01/25,198,SI011784,Y,VS,3YS064,33819-CUTLERY WRAP 2ND SERV 33,33819,PACKING - CUTLERY WRAPPING SECOND SERVICE - A330-3,SER,EA,177,1,8.435,8.44
BGI3,13/01/25,198,SI011784,Y,VS,3YS071,32673-CULT WASH-PL 1SER 300,32673,PACKING - CUTLERY WASHUP - POLISHING FIRST SERVICE,SER,EA,177,1,27.272,27.27
BGI3,13/01/25,198,SI011784,Y,VS,3YS072,33141-CULT WASH-PL 2SER 300,33141,PACKING - CUTLERY WASHUP - POLISHING SECOND SERVIC,SER,EA,177,1,18.363,18.36
BGI3,13/01/25,198,SI011784,Y,VS,FAN17,19382-MILK 100% [Y],19382,FULL FAT MILK - PINT,STO,EA,177,2,4.805,9.61
BGI3,13/01/25,198,SI011784,Y,VS,FAN18,19384- MILK 2% [Y],19384,SEMI SKIMMED MILK - PINT,STO,EA,177,4,4.805,19.22
BGI3,13/01/25,198,SI011784,Y,VS,FAN19,7042-LEMON HALVES [Y],7042,LIME WEDGES,FOO,EA,177,8,5.125,41
BGI3,13/01/25,198,SI011784,Y,VS,FAN20,19380- WET ICE [6LB BAG] [Y],19380,WET ICE,WET,EA,177,8,2.942,23.54
BGI3,13/01/25,198,SI011784,Y,VS,YBE11,174148-BREAKFAST BOX,174148,,,EA,177,161,8.412,1354.33
BGI3,13/01/25,198,SI011784,Y,VS,YPAX03,23240- PER PASSENGER CHARGE[Y],23240,OVERHEAD - Y PAX OVERHEAD - PER PAX,SER,EA,177,173,13.856,2397.09
BGI3,13/01/25,198,SI011784,YC,VS,2CE069, COCO CURRY,LO8708,WILD RICE COCONUT CURRY SAUCE VEG,FOO,EA,12,3,6.438,19.31
BGI3,13/01/25,198,SI011784,YC,VS,2CE070,LO8709 - GARLIC MASH CHIX THIG,LO8709,GARLIC MASH SEARED CHIX GREEN PEPPERCORN SAUCE,FOO,EA,12,3,10.838,32.51
BGI3,13/01/25,198,SI011784,YC,VS,2CE071,LO8710 - MAHI W GARL ORZO PAS,LO8710,SEARED MAHI ORZO PASTA CREOLE SAUCE VEG,FOO,EA,12,2,12.378,24.76
BGI3,13/01/25,198,SI011784,YC,VS,2CE072,LO8711 - PORKLOIN W PO GRATIN,LO8711,SEARED PORK POTATO GRATIN VEG,FOO,EA,12,2,13.84,27.68
BGI3,13/01/25,198,SI011784,YC,VS,2CE073,LO8712 - CHEESE RAVIOLI,LO8712,CHEESE RAVIOLI,FOO,EA,12,2,8.718,17.44
BGI3,13/01/25,198,SI011784,YC,VS,2CFF11,LO4110-WHOLE FRUIT 1,LO4110,SEASONAL WHOLE FRUIT OPTION 1,FOO,EA,12,6,4.622,27.73
BGI3,13/01/25,198,SI011784,YC,VS,2CFS44,LO5113- EGG SALAD SANDWICH,LO5113,EGG SALAD SANDWICH,FOO,EA,12,3,5.374,16.12
BGI3,13/01/25,198,SI011784,YC,VS,2CFS45,LO5115- TUNASALAD SANDWICH,LO5115,TUNA SALAD SANDWICH,FOO,EA,12,2,6.734,13.47
BGI3,13/01/25,198,SI011784,YC,VS,2CFS49,LO5119- BAP - STREAKY BACON,LO5119,SCOTTISH BAP WITH BACON,FOO,EA,12,4,4.866,19.46
BGI3,13/01/25,198,SI011784,YC,VS,2CFS52,LO5368- PLAIN BAGEL -PC CR CH,LO5368,PLAIN BAGEL WITH PC CREAM CHEESE,FOO,EA,12,4,4.086,16.34
BGI3,13/01/25,198,SI011784,YC,VS,2CFS77,LO8713 - HAM SANDWICH,LO8713,HAM SANDWICH,FOO,EA,12,3,7.734,23.2
BGI3,13/01/25,198,SI011784,YC,VS,2CFS78,LO8714 - CHEESE TOMATO WRAP,LO8714,CHEESE TOMATO CUCUMBER WRAP,FOO,EA,12,2,6.694,13.39
BGI3,13/01/25,198,SI011784,YC,VS,2CFS79,LO8715 - CHICKEN CHEESE BAGEL,LO8715,CHICKEN AND CHEESE BAGEL,FOO,EA,12,2,5.014,10.03
BGI3,13/01/25,198,SI011784,YC,VS,2CFS80,LO8716 - TURKEY SANDWICH,LO8716,TURKEY SANDWICH,FOO,EA,12,4,7.896,31.58
BGI3,13/01/25,198,SI011784,YC,VS,2CFS81, CHUTNE,LO8718,TILLAMOOK CHEESE CARR TROPICAL CHUTNEY,FOO,EA,12,6,6.788,40.73
BGI3,13/01/25,198,SI011784,YC,VS,2CFS82,LO8717 - PROTEIN POT W OLIVES,LO8717,PUMPKIN HUMMUS C CHEESE BLACK OLIVES PITTA BREAD T,FOO,EA,12,6,6.904,41.42
BGI3,13/01/25,198,SI011784,YC,VS,CPAX02,28728- C CREW SVC CHARGE,28728,OVERHEAD - CC OVERHEAD - PER PAX,SER,EA,12,12,25.48,305.76
BGI3,13/01/25,78,SI011785,F,VS,FAN12,19381- MILK 100%,19381,FULL FAT MILK - PINT,STO,EA,31,4,4.805,19.22
BGI3,13/01/25,78,SI011785,F,VS,FAN13,19383- MILK 2%,19383,SEMI SKIMMED MILK - PINT,STO,EA,31,2,4.805,9.61
BGI3,13/01/25,78,SI011785,F,VS,FAN14,19385-LEMON HALVES,19385,LEMON WEDGES,FOO,EA,31,2,5.125,10.25
BGI3,13/01/25,78,SI011785,F,VS,FAN21,19379-WET ICE[6LB BAG],19379,WET ICE,WET,EA,31,4,2.942,11.77
BGI3,13/01/25,78,SI011785,F,VS,FAN30,7041- LIME WEDGES,7041,LIME WEDGES,FOO,EA,31,2,4.78,9.56
BGI3,13/01/25,78,SI011785,F,VS,FCS153,LO8803 - JERK PORK SATAYS,LO8803,,,EA,31,16,6.072,97.15
BGI3,13/01/25,78,SI011785,F,VS,FCS154,LO8804 - PUMKIN HUMMUS,LO8804,,,EA,31,18,5.176,93.17
BGI3,13/01/25,78,SI011785,F,VS,FDD108,LO8805 - DOUBLE CHOC CHE CAKE,LO8805,,,EA,31,12,5.38,64.56
BGI3,13/01/25,78,SI011785,F,VS,FDD109,LO8806 - CARAMEL - PUMKIN BREA,LO8806,,,EA,31,16,4.83,77.28
BGI3,13/01/25,78,SI011785,F,VS,FPAX04,23234-PER PASSENGER CHARGE,23234,OVERHEAD - J PAX OVERHEAD - PER PAX,SER,EA,31,29,36.774,1066.45
BGI3,13/01/25,78,SI011785,J,VS,1JCH03,SP124631 - CHILD MEAL [J/C],SP124631,CHML,FOO,EA,42,2,14.622,29.24
BGI3,13/01/25,78,SI011785,J,VS,JDT33,LO2622- TRAY SET MM,LO2622,TRAY SET UP,SER,EA,42,40,16.138,645.52
BGI3,13/01/25,78,SI011785,J,VS,JPAX02,23237-PER PASSENGER CHARGE,23237,OVERHEAD - W PAX OVERHEAD - PER PAX,SER,EA,42,38,16.939,643.68
BGI3,13/01/25,78,SI011785,Y,VS,1YAV01,SP124700- AVML [Y/C],SP124700,AVML,FOO,EA,161,4,15.115,60.46
BGI3,13/01/25,78,SI011785,Y,VS,1YBA02,BABY MEAL - CATERER OWNED,SP124710,BBML,STO,EA,161,1,15.93,15.93
BGI3,13/01/25,78,SI011785,Y,VS,1YCH04,SP124709- CHML [Y/C],SP124709,CHML,FOO,EA,161,2,14.622,29.24
BGI3,13/01/25,78,SI011785,Y,VS,1YGF01,SP124706 - GFML [Y/C],SP124706,GFML,FOO,EA,161,1,22.504,22.5
BGI3,13/01/25,78,SI011785,Y,VS,1YVL01,SP124698- VLML [Y/C],SP124698,VLML,FOO,EA,161,2,12.154,24.31
BGI3,13/01/25,78,SI011785,Y,VS,3YDS01,3354- ORANGE JUICE-1LT,3354,BEVERAGES - ORANGE JUICE - 1 LT,STO,EA,161,29,2.124,61.6
BGI3,13/01/25,78,SI011785,Y,VS,3YDS01,3354- ORANGE JUICE-1LT,3354,BEVERAGES - ORANGE JUICE - 1 LT,STO,EA,161,29,2.124,61.6
BGI3,13/01/25,78,SI011785,Y,VS,3YDS02,3335-TOMATO JUICE 1LT,3335,BEVERAGES - TOMATO JUICE - 1 LT,STO,EA,161,1,4.057,4.06
BGI3,13/01/25,78,SI011785,Y,VS,3YDS02,3335-TOMATO JUICE 1LT,3335,BEVERAGES - TOMATO JUICE - 1 LT,STO,EA,161,1,4.057,4.06
BGI3,13/01/25,78,SI011785,Y,VS,3YDS03,3376-CRANBERRY JUICE,3376,BEVERAGES - CRANBERRY JUICE - 1 LT,STO,EA,161,2,5.101,10.2
BGI3,13/01/25,78,SI011785,Y,VS,3YDS03,3376-CRANBERRY JUICE,3376,BEVERAGES - CRANBERRY JUICE - 1 LT,STO,EA,161,2,5.101,10.2
BGI3,13/01/25,78,SI011785,Y,VS,3YDS04,3353-APPLE JUICE 1LTR,3353,BEVERAGES - APPLE JUICE - 1 LT,STO,EA,161,17,2.124,36.11
BGI3,13/01/25,78,SI011785,Y,VS,3YDS04,3353-APPLE JUICE 1LTR,3353,BEVERAGES - APPLE JUICE - 1 LT,STO,EA,161,17,2.124,36.11
BGI3,13/01/25,78,SI011785,Y,VS,3YDS06,3476-MINERAL WATER 1.5LT,3476,BEVERAGES - MINERAL WATER STILL - 1 LT,STO,EA,161,48,2.36,113.28
BGI3,13/01/25,78,SI011785,Y,VS,3YDS06,3476-MINERAL WATER 1.5LT,3476,BEVERAGES - MINERAL WATER STILL - 1 LT,STO,EA,161,48,2.36,113.28
BGI3,13/01/25,78,SI011785,Y,VS,3YDS07,33169-SPARKLING WATER 1LT,33169,BEVERAGES - MINERAL WATER SPARK - 1 LT,STO,EA,161,14,3.274,45.84
BGI3,13/01/25,78,SI011785,Y,VS,3YDS07,33169-SPARKLING WATER 1LT,33169,BEVERAGES - MINERAL WATER SPARK - 1 LT,STO,EA,161,14,3.274,45.84
BGI3,13/01/25,78,SI011785,Y,VS,3YDS11,213774-PLASTIC BAG,213774,EQUIPMENT - BAG- PLASTIC BAG,EQU,EA,161,1,0.368,0.37
BGI3,13/01/25,78,SI011785,Y,VS,3YDS11,213774-PLASTIC BAG,213774,EQUIPMENT - BAG- PLASTIC BAG,EQU,EA,161,1,0.368,0.37
BGI3,13/01/25,78,SI011785,Y,VS,3YS022,ORANGE LINEN BAG,151383,LAUNDRY - BAG LINEN ORANGE 2014,LAU,EA,161,1,1.969,1.97
BGI3,13/01/25,78,SI011785,Y,VS,3YS023,LINEN TABLECLOTH,3526,LAUNDRY - TABLE CLOTH/RUNNER 2014,LAU,EA,161,20,0.652,13.04
BGI3,13/01/25,78,SI011785,Y,VS,3YS024,LINEN NAPKINS,3527,LAUNDRY - LINEN FOLDED NAPKIN 2014,LAU,EA,161,55,0.522,28.71
BGI3,13/01/25,78,SI011785,Y,VS,3YS032,145995-EQUIP PK - STORES 300,145995,PACKING - FLIGHT PACKING - A330-300,SER,EA,161,1,167.95,167.95
BGI3,13/01/25,78,SI011785,Y,VS,3YS035,145991-TRANS.- HANDLING 33J,145991,TURNAROUND - STRIP - LOAD - A330-300 - 3 FLIGHTS,SER,EA,161,1,483.897,483.9
BGI3,13/01/25,78,SI011785,Y,VS,3YS036,145994- WASH UP A330-300,145994,WASH UP - WASH UP - A330-900,SER,EA,161,1,404.383,404.38
BGI3,13/01/25,78,SI011785,Y,VS,3YS038,17.5% VAT ON LAUNDRY CHRG 33J,51069SALE,SALES TAX - LAUNDRY,VAT,EA,161,1,10.961,10.96
BGI3,13/01/25,78,SI011785,Y,VS,3YS063,25137-CUTLERY WRAP 1ST SERV 33,25137,PACKING - CUTLERY WRAPPING FIRST SERVICE - A330-30,SER,EA,161,1,8.435,8.44
BGI3,13/01/25,78,SI011785,Y,VS,3YS064,33819-CUTLERY WRAP 2ND SERV 33,33819,PACKING - CUTLERY WRAPPING SECOND SERVICE - A330-3,SER,EA,161,1,8.435,8.44
BGI3,13/01/25,78,SI011785,Y,VS,3YS071,32673-CULT WASH-PL 1SER 300,32673,PACKING - CUTLERY WASHUP - POLISHING FIRST SERVICE,SER,EA,161,1,27.272,27.27
BGI3,13/01/25,78,SI011785,Y,VS,3YS072,33141-CULT WASH-PL 2SER 300,33141,PACKING - CUTLERY WASHUP - POLISHING SECOND SERVIC,SER,EA,161,1,18.363,18.36
BGI3,13/01/25,78,SI011785,Y,VS,FAN17,19382-MILK 100% [Y],19382,FULL FAT MILK - PINT,STO,EA,161,2,4.805,9.61
BGI3,13/01/25,78,SI011785,Y,VS,FAN18,19384- MILK 2% [Y],19384,SEMI SKIMMED MILK - PINT,STO,EA,161,4,4.805,19.22
BGI3,13/01/25,78,SI011785,Y,VS,FAN19,7042-LEMON HALVES [Y],7042,LIME WEDGES,FOO,EA,161,7,5.125,35.88
BGI3,13/01/25,78,SI011785,Y,VS,FAN20,19380- WET ICE [6LB BAG] [Y],19380,WET ICE,WET,EA,161,7,2.942,20.59
BGI3,13/01/25,78,SI011785,Y,VS,YBE11,174148-BREAKFAST BOX,174148,,,EA,161,152,8.412,1278.62
BGI3,13/01/25,78,SI011785,Y,VS,YPAX03,23240- PER PASSENGER CHARGE[Y],23240,OVERHEAD - Y PAX OVERHEAD - PER PAX,SER,EA,161,156,13.856,2161.54
BGI3,13/01/25,78,SI011785,YC,VS,2CE069, COCO CURRY,LO8708,WILD RICE COCONUT CURRY SAUCE VEG,FOO,EA,12,3,6.438,19.31
BGI3,13/01/25,78,SI011785,YC,VS,2CE070,LO8709 - GARLIC MASH CHIX THIG,LO8709,GARLIC MASH SEARED CHIX GREEN PEPPERCORN SAUCE,FOO,EA,12,3,10.838,32.51
BGI3,13/01/25,78,SI011785,YC,VS,2CE071,LO8710 - MAHI W GARL ORZO PAS,LO8710,SEARED MAHI ORZO PASTA CREOLE SAUCE VEG,FOO,EA,12,2,12.378,24.76
BGI3,13/01/25,78,SI011785,YC,VS,2CE072,LO8711 - PORKLOIN W PO GRATIN,LO8711,SEARED PORK POTATO GRATIN VEG,FOO,EA,12,2,13.84,27.68
BGI3,13/01/25,78,SI011785,YC,VS,2CE073,LO8712 - CHEESE RAVIOLI,LO8712,CHEESE RAVIOLI,FOO,EA,12,2,8.718,17.44
BGI3,13/01/25,78,SI011785,YC,VS,2CFF11,LO4110-WHOLE FRUIT 1,LO4110,SEASONAL WHOLE FRUIT OPTION 1,FOO,EA,12,6,4.622,27.73
BGI3,13/01/25,78,SI011785,YC,VS,2CFS44,LO5113- EGG SALAD SANDWICH,LO5113,EGG SALAD SANDWICH,FOO,EA,12,3,5.374,16.12
BGI3,13/01/25,78,SI011785,YC,VS,2CFS45,LO5115- TUNASALAD SANDWICH,LO5115,TUNA SALAD SANDWICH,FOO,EA,12,2,6.734,13.47
BGI3,13/01/25,78,SI011785,YC,VS,2CFS49,LO5119- BAP - STREAKY BACON,LO5119,SCOTTISH BAP WITH BACON,FOO,EA,12,4,4.866,19.46
BGI3,13/01/25,78,SI011785,YC,VS,2CFS52,LO5368- PLAIN BAGEL -PC CR CH,LO5368,PLAIN BAGEL WITH PC CREAM CHEESE,FOO,EA,12,4,4.086,16.34
BGI3,13/01/25,78,SI011785,YC,VS,2CFS77,LO8713 - HAM SANDWICH,LO8713,HAM SANDWICH,FOO,EA,12,3,7.734,23.2
BGI3,13/01/25,78,SI011785,YC,VS,2CFS78,LO8714 - CHEESE TOMATO WRAP,LO8714,CHEESE TOMATO CUCUMBER WRAP,FOO,EA,12,2,6.694,13.39
BGI3,13/01/25,78,SI011785,YC,VS,2CFS79,LO8715 - CHICKEN CHEESE BAGEL,LO8715,CHICKEN AND CHEESE BAGEL,FOO,EA,12,2,5.014,10.03
BGI3,13/01/25,78,SI011785,YC,VS,2CFS80,LO8716 - TURKEY SANDWICH,LO8716,TURKEY SANDWICH,FOO,EA,12,4,7.896,31.58
BGI3,13/01/25,78,SI011785,YC,VS,2CFS81, CHUTNE,LO8718,TILLAMOOK CHEESE CARR TROPICAL CHUTNEY,FOO,EA,12,6,6.788,40.73
BGI3,13/01/25,78,SI011785,YC,VS,2CFS82,LO8717 - PROTEIN POT W OLIVES,LO8717,PUMPKIN HUMMUS C CHEESE BLACK OLIVES PITTA BREAD T,FOO,EA,12,6,6.904,41.42
BGI3,13/01/25,78,SI011785,YC,VS,CPAX02,28728- C CREW SVC CHARGE,28728,OVERHEAD - CC OVERHEAD - PER PAX,SER,EA,12,12,25.48,305.76
BGI3,13/01/25,132,SI011786,F,VS,FAN12,19381- MILK 100%,19381,FULL FAT MILK - PINT,STO,EA,44,5,4.805,24.03
BGI3,13/01/25,132,SI011786,F,VS,FAN13,19383- MILK 2%,19383,SEMI SKIMMED MILK - PINT,STO,EA,44,2,4.805,9.61
BGI3,13/01/25,132,SI011786,F,VS,FAN14,19385-LEMON HALVES,19385,LEMON WEDGES,FOO,EA,44,3,5.125,15.38
BGI3,13/01/25,132,SI011786,F,VS,FAN21,19379-WET ICE[6LB BAG],19379,WET ICE,WET,EA,44,6,2.942,17.65
BGI3,13/01/25,132,SI011786,F,VS,FAN30,7041- LIME WEDGES,7041,LIME WEDGES,FOO,EA,44,2,4.78,9.56
BGI3,13/01/25,132,SI011786,F,VS,FCS153,LO8803 - JERK PORK SATAYS,LO8803,,,EA,44,22,6.072,133.58
BGI3,13/01/25,132,SI011786,F,VS,FCS154,LO8804 - PUMKIN HUMMUS,LO8804,,,EA,44,26,5.176,134.58
BGI3,13/01/25,132,SI011786,F,VS,FDD108,LO8805 - DOUBLE CHOC CHE CAKE,LO8805,,,EA,44,18,5.38,96.84
BGI3,13/01/25,132,SI011786,F,VS,FDD109,LO8806 - CARAMEL - PUMKIN BREA,LO8806,,,EA,44,22,4.83,106.26
BGI3,13/01/25,132,SI011786,F,VS,FPAX04,23234-PER PASSENGER CHARGE,23234,OVERHEAD - J PAX OVERHEAD - PER PAX,SER,EA,44,43,36.774,1581.28
BGI3,13/01/25,132,SI011786,J,VS,1JVL01,SP124620 - VLML [J/C],SP124620,VLML,FOO,EA,40,1,12.174,12.17
BGI3,13/01/25,132,SI011786,J,VS,JDT33,LO2622- TRAY SET MM,LO2622,TRAY SET UP,SER,EA,40,43,16.138,693.93
BGI3,13/01/25,132,SI011786,J,VS,JPAX02,23237-PER PASSENGER CHARGE,23237,OVERHEAD - W PAX OVERHEAD - PER PAX,SER,EA,40,43,16.939,728.38
BGI3,13/01/25,132,SI011786,Y,VS,1YAV01,SP124700- AVML [Y/C],SP124700,AVML,FOO,EA,227,2,15.115,30.23
BGI3,13/01/25,132,SI011786,Y,VS,1YCH04,SP124709- CHML [Y/C],SP124709,CHML,FOO,EA,227,2,14.622,29.24
BGI3,13/01/25,132,SI011786,Y,VS,1YFP01,SP124713 - FPML [Y/C],SP124713,FPML,FOO,EA,227,1,18.156,18.16
BGI3,13/01/25,132,SI011786,Y,VS,1YGF01,SP124706 - GFML [Y/C],SP124706,GFML,FOO,EA,227,2,22.504,45.01
BGI3,13/01/25,132,SI011786,Y,VS,1YHN01,SP124703 - HNML [Y/C],SP124703,HNML,FOO,EA,227,1,17.178,17.18
BGI3,13/01/25,132,SI011786,Y,VS,1YMO01,SP124702 - MOML [Y/C],SP124702,MOML,FOO,EA,227,1,12.154,12.15
BGI3,13/01/25,132,SI011786,Y,VS,1YNL01,SP124712 - NLML [Y/C],SP124712,NLML,FOO,EA,227,1,22.504,22.5
BGI3,13/01/25,132,SI011786,Y,VS,1YVG01,SP124699- VGML [Y/C],SP124699,VGML,FOO,EA,227,5,14.694,73.47
BGI3,13/01/25,132,SI011786,Y,VS,1YVL01,SP124698- VLML [Y/C],SP124698,VLML,FOO,EA,227,4,12.154,48.62
BGI3,13/01/25,132,SI011786,Y,VS,3YDS01,3354- ORANGE JUICE-1LT,3354,BEVERAGES - ORANGE JUICE - 1 LT,STO,EA,227,20,2.124,42.48
BGI3,13/01/25,132,SI011786,Y,VS,3YDS02,3335-TOMATO JUICE 1LT,3335,BEVERAGES - TOMATO JUICE - 1 LT,STO,EA,227,2,4.057,8.11
BGI3,13/01/25,132,SI011786,Y,VS,3YDS03,3376-CRANBERRY JUICE,3376,BEVERAGES - CRANBERRY JUICE - 1 LT,STO,EA,227,1,5.101,5.1
BGI3,13/01/25,132,SI011786,Y,VS,3YDS04,3353-APPLE JUICE 1LTR,3353,BEVERAGES - APPLE JUICE - 1 LT,STO,EA,227,17,2.124,36.11
BGI3,13/01/25,132,SI011786,Y,VS,3YDS06,3476-MINERAL WATER 1.5LT,3476,BEVERAGES - MINERAL WATER STILL - 1 LT,STO,EA,227,85,2.36,200.6
BGI3,13/01/25,132,SI011786,Y,VS,3YDS07,33169-SPARKLING WATER 1LT,33169,BEVERAGES - MINERAL WATER SPARK - 1 LT,STO,EA,227,10,3.274,32.74
BGI3,13/01/25,132,SI011786,Y,VS,3YDS11,213774-PLASTIC BAG,213774,EQUIPMENT - BAG- PLASTIC BAG,EQU,EA,227,2,0.368,0.74
BGI3,13/01/25,132,SI011786,Y,VS,3YS022,ORANGE LINEN BAG,151383,LAUNDRY - BAG LINEN ORANGE 2014,LAU,EA,227,2,1.969,3.94
BGI3,13/01/25,132,SI011786,Y,VS,3YS023,LINEN TABLECLOTH,3526,LAUNDRY - TABLE CLOTH/RUNNER 2014,LAU,EA,227,20,0.652,13.04
BGI3,13/01/25,132,SI011786,Y,VS,3YS024,LINEN NAPKINS,3527,LAUNDRY - LINEN FOLDED NAPKIN 2014,LAU,EA,227,128,0.522,66.82
BGI3,13/01/25,132,SI011786,Y,VS,3YS032,145995-EQUIP PK - STORES 300,145995,PACKING - FLIGHT PACKING - A330-300,SER,EA,227,1,167.95,167.95
BGI3,13/01/25,132,SI011786,Y,VS,3YS035,145991-TRANS.- HANDLING 33J,145991,TURNAROUND - STRIP - LOAD - A330-300 - 3 FLIGHTS,SER,EA,227,1,483.897,483.9
BGI3,13/01/25,132,SI011786,Y,VS,3YS036,145994- WASH UP A330-300,145994,WASH UP - WASH UP - A330-900,SER,EA,227,1,404.383,404.38
BGI3,13/01/25,132,SI011786,Y,VS,3YS038,17.5% VAT ON LAUNDRY CHRG 33J,51069SALE,SALES TAX - LAUNDRY,VAT,EA,227,1,10.961,10.96
BGI3,13/01/25,132,SI011786,Y,VS,3YS063,25137-CUTLERY WRAP 1ST SERV 33,25137,PACKING - CUTLERY WRAPPING FIRST SERVICE - A330-30,SER,EA,227,1,8.435,8.44
BGI3,13/01/25,132,SI011786,Y,VS,3YS064,33819-CUTLERY WRAP 2ND SERV 33,33819,PACKING - CUTLERY WRAPPING SECOND SERVICE - A330-3,SER,EA,227,1,8.435,8.44
BGI3,13/01/25,132,SI011786,Y,VS,3YS071,32673-CULT WASH-PL 1SER 300,32673,PACKING - CUTLERY WASHUP - POLISHING FIRST SERVICE,SER,EA,227,1,27.272,27.27
BGI3,13/01/25,132,SI011786,Y,VS,3YS072,33141-CULT WASH-PL 2SER 300,33141,PACKING - CUTLERY WASHUP - POLISHING SECOND SERVIC,SER,EA,227,1,18.363,18.36
BGI3,13/01/25,132,SI011786,Y,VS,FAN17,19382-MILK 100% [Y],19382,FULL FAT MILK - PINT,STO,EA,227,2,4.805,9.61
BGI3,13/01/25,132,SI011786,Y,VS,FAN18,19384- MILK 2% [Y],19384,SEMI SKIMMED MILK - PINT,STO,EA,227,4,4.805,19.22
BGI3,13/01/25,132,SI011786,Y,VS,FAN19,7042-LEMON HALVES [Y],7042,LIME WEDGES,FOO,EA,227,10,5.125,51.25
BGI3,13/01/25,132,SI011786,Y,VS,FAN20,19380- WET ICE [6LB BAG] [Y],19380,WET ICE,WET,EA,227,10,2.942,29.42
BGI3,13/01/25,132,SI011786,Y,VS,YBE11,174148-BREAKFAST BOX,174148,,,EA,227,208,8.412,1749.7
BGI3,13/01/25,132,SI011786,Y,VS,YPAX03,23240- PER PASSENGER CHARGE[Y],23240,OVERHEAD - Y PAX OVERHEAD - PER PAX,SER,EA,227,221,13.856,3062.18
BGI3,13/01/25,132,SI011786,YC,VS,2CE069, COCO CURRY,LO8708,WILD RICE COCONUT CURRY SAUCE VEG,FOO,EA,12,3,6.438,19.31
BGI3,13/01/25,132,SI011786,YC,VS,2CE070,LO8709 - GARLIC MASH CHIX THIG,LO8709,GARLIC MASH SEARED CHIX GREEN PEPPERCORN SAUCE,FOO,EA,12,3,10.838,32.51
BGI3,13/01/25,132,SI011786,YC,VS,2CE071,LO8710 - MAHI W GARL ORZO PAS,LO8710,SEARED MAHI ORZO PASTA CREOLE SAUCE VEG,FOO,EA,12,2,12.378,24.76
BGI3,13/01/25,132,SI011786,YC,VS,2CE072,LO8711 - PORKLOIN W PO GRATIN,LO8711,SEARED PORK POTATO GRATIN VEG,FOO,EA,12,2,13.84,27.68
BGI3,13/01/25,132,SI011786,YC,VS,2CE073,LO8712 - CHEESE RAVIOLI,LO8712,CHEESE RAVIOLI,FOO,EA,12,2,8.718,17.44
BGI3,13/01/25,132,SI011786,YC,VS,2CFF11,LO4110-WHOLE FRUIT 1,LO4110,SEASONAL WHOLE FRUIT OPTION 1,FOO,EA,12,6,4.622,27.73
BGI3,13/01/25,132,SI011786,YC,VS,2CFS44,LO5113- EGG SALAD SANDWICH,LO5113,EGG SALAD SANDWICH,FOO,EA,12,3,5.374,16.12
BGI3,13/01/25,132,SI011786,YC,VS,2CFS45,LO5115- TUNASALAD SANDWICH,LO5115,TUNA SALAD SANDWICH,FOO,EA,12,2,6.734,13.47
BGI3,13/01/25,132,SI011786,YC,VS,2CFS49,LO5119- BAP - STREAKY BACON,LO5119,SCOTTISH BAP WITH BACON,FOO,EA,12,4,4.866,19.46
BGI3,13/01/25,132,SI011786,YC,VS,2CFS52,LO5368- PLAIN BAGEL -PC CR CH,LO5368,PLAIN BAGEL WITH PC CREAM CHEESE,FOO,EA,12,4,4.086,16.34
BGI3,13/01/25,132,SI011786,YC,VS,2CFS77,LO8713 - HAM SANDWICH,LO8713,HAM SANDWICH,FOO,EA,12,3,7.734,23.2
BGI3,13/01/25,132,SI011786,YC,VS,2CFS78,LO8714 - CHEESE TOMATO WRAP,LO8714,CHEESE TOMATO CUCUMBER WRAP,FOO,EA,12,2,6.694,13.39
BGI3,13/01/25,132,SI011786,YC,VS,2CFS79,LO8715 - CHICKEN CHEESE BAGEL,LO8715,CHICKEN AND CHEESE BAGEL,FOO,EA,12,2,5.014,10.03
BGI3,13/01/25,132,SI011786,YC,VS,2CFS80,LO8716 - TURKEY SANDWICH,LO8716,TURKEY SANDWICH,FOO,EA,12,4,7.896,31.58
BGI3,13/01/25,132,SI011786,YC,VS,2CFS81, CHUTNE,LO8718,TILLAMOOK CHEESE CARR TROPICAL CHUTNEY,FOO,EA,12,6,6.788,40.73
BGI3,13/01/25,132,SI011786,YC,VS,2CFS82,LO8717 - PROTEIN POT W OLIVES,LO8717,PUMPKIN HUMMUS C CHEESE BLACK OLIVES PITTA BREAD T,FOO,EA,12,6,6.904,41.42
BGI3,13/01/25,132,SI011786,YC,VS,CPAX02,28728- C CREW SVC CHARGE,28728,OVERHEAD - CC OVERHEAD - PER PAX,SER,EA,12,12,25.48,305.76
BGI3,13/01/25,198A,SI011783,J,VS,JSN05,LO7135 - ORIGINAL SHIRLEY,LO7135,ORIGINAL SHIRLEY BISCUIT,STO,EA,22,22,1.096,24.11
BGI3,14/01/25,132,SI011790,F,VS,1FGF01,SP124540- GFML [F/C],SP124540,GFML,FOO,EA,44,1,31.461,31.46
BGI3,14/01/25,132,SI011790,F,VS,FAN12,19381- MILK 100%,19381,FULL FAT MILK - PINT,STO,EA,44,4,4.805,19.22
BGI3,14/01/25,132,SI011790,F,VS,FAN13,19383- MILK 2%,19383,SEMI SKIMMED MILK - PINT,STO,EA,44,2,4.805,9.61
BGI3,14/01/25,132,SI011790,F,VS,FAN14,19385-LEMON HALVES,19385,LEMON WEDGES,FOO,EA,44,2,5.125,10.25
BGI3,14/01/25,132,SI011790,F,VS,FAN21,19379-WET ICE[6LB BAG],19379,WET ICE,WET,EA,44,4,2.942,11.77
BGI3,14/01/25,132,SI011790,F,VS,FAN30,7041- LIME WEDGES,7041,LIME WEDGES,FOO,EA,44,2,4.78,9.56
BGI3,14/01/25,132,SI011790,F,VS,FCS153,LO8803 - JERK PORK SATAYS,LO8803,,,EA,44,22,6.072,133.58
BGI3,14/01/25,132,SI011790,F,VS,FCS154,LO8804 - PUMKIN HUMMUS,LO8804,,,EA,44,25,5.176,129.4
BGI3,14/01/25,132,SI011790,F,VS,FDD108,LO8805 - DOUBLE CHOC CHE CAKE,LO8805,,,EA,44,17,5.38,91.46
BGI3,14/01/25,132,SI011790,F,VS,FDD109,LO8806 - CARAMEL - PUMKIN BREA,LO8806,,,EA,44,22,4.83,106.26
BGI3,14/01/25,132,SI011790,F,VS,FPAX04,23234-PER PASSENGER CHARGE,23234,OVERHEAD - J PAX OVERHEAD - PER PAX,SER,EA,44,41,36.774,1507.73
BGI3,14/01/25,132,SI011790,J,VS,1JCH03,SP124631 - CHILD MEAL [J/C],SP124631,CHML,FOO,EA,55,1,14.622,14.62
BGI3,14/01/25,132,SI011790,J,VS,1JVG01,SP124621 - VGML [J/C],SP124621,VGML,FOO,EA,55,1,14.694,14.69
BGI3,14/01/25,132,SI011790,J,VS,JDT33,LO2622- TRAY SET MM,LO2622,TRAY SET UP,SER,EA,55,53,16.138,855.31
BGI3,14/01/25,132,SI011790,J,VS,JPAX02,23237-PER PASSENGER CHARGE,23237,OVERHEAD - W PAX OVERHEAD - PER PAX,SER,EA,55,46,16.939,779.19
BGI3,14/01/25,132,SI011790,Y,VS,1YAV01,SP124700- AVML [Y/C],SP124700,AVML,FOO,EA,146,1,15.115,15.12
BGI3,14/01/25,132,SI011790,Y,VS,1YCH04,SP124709- CHML [Y/C],SP124709,CHML,FOO,EA,146,3,14.622,43.87
BGI3,14/01/25,132,SI011790,Y,VS,1YGF01,SP124706 - GFML [Y/C],SP124706,GFML,FOO,EA,146,2,22.504,45.01
BGI3,14/01/25,132,SI011790,Y,VS,1YKO04,SP124708 - KSML [Y/C],SP124708,KSML,FOO,EA,146,4,14.178,56.71
BGI3,14/01/25,132,SI011790,Y,VS,1YMO01,SP124702 - MOML [Y/C],SP124702,MOML,FOO,EA,146,2,12.154,24.31
BGI3,14/01/25,132,SI011790,Y,VS,1YNL01,SP124712 - NLML [Y/C],SP124712,NLML,FOO,EA,146,1,22.504,22.5
BGI3,14/01/25,132,SI011790,Y,VS,1YVL01,SP124698- VLML [Y/C],SP124698,VLML,FOO,EA,146,5,12.154,60.77
BGI3,14/01/25,132,SI011790,Y,VS,3YDS01,3354- ORANGE JUICE-1LT,3354,BEVERAGES - ORANGE JUICE - 1 LT,STO,EA,146,6,2.124,12.74
BGI3,14/01/25,132,SI011790,Y,VS,3YDS04,3353-APPLE JUICE 1LTR,3353,BEVERAGES - APPLE JUICE - 1 LT,STO,EA,146,3,2.124,6.37
BGI3,14/01/25,132,SI011790,Y,VS,3YDS06,3476-MINERAL WATER 1.5LT,3476,BEVERAGES - MINERAL WATER STILL - 1 LT,STO,EA,146,60,2.36,141.6
BGI3,14/01/25,132,SI011790,Y,VS,3YDS07,33169-SPARKLING WATER 1LT,33169,BEVERAGES - MINERAL WATER SPARK - 1 LT,STO,EA,146,9,3.274,29.47
BGI3,14/01/25,132,SI011790,Y,VS,3YDS11,213774-PLASTIC BAG,213774,EQUIPMENT - BAG- PLASTIC BAG,EQU,EA,146,2,0.368,0.74
BGI3,14/01/25,132,SI011790,Y,VS,3YS022,ORANGE LINEN BAG,151383,LAUNDRY - BAG LINEN ORANGE 2014,LAU,EA,146,2,1.969,3.94
BGI3,14/01/25,132,SI011790,Y,VS,3YS024,LINEN NAPKINS,3527,LAUNDRY - LINEN FOLDED NAPKIN 2014,LAU,EA,146,44,0.522,22.97
BGI3,14/01/25,132,SI011790,Y,VS,3YS032,145995-EQUIP PK - STORES 300,145995,PACKING - FLIGHT PACKING - A330-300,SER,EA,146,1,167.95,167.95
BGI3,14/01/25,132,SI011790,Y,VS,3YS035,145991-TRANS.- HANDLING 33J,145991,TURNAROUND - STRIP - LOAD - A330-300 - 3 FLIGHTS,SER,EA,146,1,483.897,483.9
BGI3,14/01/25,132,SI011790,Y,VS,3YS036,145994- WASH UP A330-300,145994,WASH UP - WASH UP - A330-900,SER,EA,146,1,404.383,404.38
BGI3,14/01/25,132,SI011790,Y,VS,3YS038,17.5% VAT ON LAUNDRY CHRG 33J,51069SALE,SALES TAX - LAUNDRY,VAT,EA,146,1,10.961,10.96
BGI3,14/01/25,132,SI011790,Y,VS,3YS063,25137-CUTLERY WRAP 1ST SERV 33,25137,PACKING - CUTLERY WRAPPING FIRST SERVICE - A330-30,SER,EA,146,1,8.435,8.44
BGI3,14/01/25,132,SI011790,Y,VS,3YS064,33819-CUTLERY WRAP 2ND SERV 33,33819,PACKING - CUTLERY WRAPPING SECOND SERVICE - A330-3,SER,EA,146,1,8.435,8.44
BGI3,14/01/25,132,SI011790,Y,VS,3YS071,32673-CULT WASH-PL 1SER 300,32673,PACKING - CUTLERY WASHUP - POLISHING FIRST SERVICE,SER,EA,146,1,27.272,27.27
BGI3,14/01/25,132,SI011790,Y,VS,3YS072,33141-CULT WASH-PL 2SER 300,33141,PACKING - CUTLERY WASHUP - POLISHING SECOND SERVIC,SER,EA,146,1,18.363,18.36
BGI3,14/01/25,132,SI011790,Y,VS,FAN17,19382-MILK 100% [Y],19382,FULL FAT MILK - PINT,STO,EA,146,2,4.805,9.61
BGI3,14/01/25,132,SI011790,Y,VS,FAN18,19384- MILK 2% [Y],19384,SEMI SKIMMED MILK - PINT,STO,EA,146,4,4.805,19.22
BGI3,14/01/25,132,SI011790,Y,VS,FAN19,7042-LEMON HALVES [Y],7042,LIME WEDGES,FOO,EA,146,6,5.125,30.75
BGI3,14/01/25,132,SI011790,Y,VS,FAN20,19380- WET ICE [6LB BAG] [Y],19380,WET ICE,WET,EA,146,6,2.942,17.65
BGI3,14/01/25,132,SI011790,Y,VS,YBE11,174148-BREAKFAST BOX,174148,,,EA,146,128,8.412,1076.74
BGI3,14/01/25,132,SI011790,Y,VS,YPAX03,23240- PER PASSENGER CHARGE[Y],23240,OVERHEAD - Y PAX OVERHEAD - PER PAX,SER,EA,146,134,13.856,1856.7
BGI3,14/01/25,132,SI011790,YC,VS,2CE069, COCO CURRY,LO8708,WILD RICE COCONUT CURRY SAUCE VEG,FOO,EA,12,3,6.438,19.31
BGI3,14/01/25,132,SI011790,YC,VS,2CE070,LO8709 - GARLIC MASH CHIX THIG,LO8709,GARLIC MASH SEARED CHIX GREEN PEPPERCORN SAUCE,FOO,EA,12,3,10.838,32.51
BGI3,14/01/25,132,SI011790,YC,VS,2CE071,LO8710 - MAHI W GARL ORZO PAS,LO8710,SEARED MAHI ORZO PASTA CREOLE SAUCE VEG,FOO,EA,12,2,12.378,24.76
BGI3,14/01/25,132,SI011790,YC,VS,2CE072,LO8711 - PORKLOIN W PO GRATIN,LO8711,SEARED PORK POTATO GRATIN VEG,FOO,EA,12,2,13.84,27.68
BGI3,14/01/25,132,SI011790,YC,VS,2CE073,LO8712 - CHEESE RAVIOLI,LO8712,CHEESE RAVIOLI,FOO,EA,12,2,8.718,17.44
BGI3,14/01/25,132,SI011790,YC,VS,2CFF11,LO4110-WHOLE FRUIT 1,LO4110,SEASONAL WHOLE FRUIT OPTION 1,FOO,EA,12,6,4.622,27.73
BGI3,14/01/25,132,SI011790,YC,VS,2CFS44,LO5113- EGG SALAD SANDWICH,LO5113,EGG SALAD SANDWICH,FOO,EA,12,3,5.374,16.12
BGI3,14/01/25,132,SI011790,YC,VS,2CFS45,LO5115- TUNASALAD SANDWICH,LO5115,TUNA SALAD SANDWICH,FOO,EA,12,2,6.734,13.47
BGI3,14/01/25,132,SI011790,YC,VS,2CFS49,LO5119- BAP - STREAKY BACON,LO5119,SCOTTISH BAP WITH BACON,FOO,EA,12,4,4.866,19.46
BGI3,14/01/25,132,SI011790,YC,VS,2CFS52,LO5368- PLAIN BAGEL -PC CR CH,LO5368,PLAIN BAGEL WITH PC CREAM CHEESE,FOO,EA,12,4,4.086,16.34
BGI3,14/01/25,132,SI011790,YC,VS,2CFS77,LO8713 - HAM SANDWICH,LO8713,HAM SANDWICH,FOO,EA,12,3,7.734,23.2
BGI3,14/01/25,132,SI011790,YC,VS,2CFS78,LO8714 - CHEESE TOMATO WRAP,LO8714,CHEESE TOMATO CUCUMBER WRAP,FOO,EA,12,2,6.694,13.39
BGI3,14/01/25,132,SI011790,YC,VS,2CFS79,LO8715 - CHICKEN CHEESE BAGEL,LO8715,CHICKEN AND CHEESE BAGEL,FOO,EA,12,2,5.014,10.03
BGI3,14/01/25,132,SI011790,YC,VS,2CFS80,LO8716 - TURKEY SANDWICH,LO8716,TURKEY SANDWICH,FOO,EA,12,4,7.896,31.58
BGI3,14/01/25,132,SI011790,YC,VS,2CFS81, CHUTNE,LO8718,TILLAMOOK CHEESE CARR TROPICAL CHUTNEY,FOO,EA,12,6,6.788,40.73
BGI3,14/01/25,132,SI011790,YC,VS,2CFS82,LO8717 - PROTEIN POT W OLIVES,LO8717,PUMPKIN HUMMUS C CHEESE BLACK OLIVES PITTA BREAD T,FOO,EA,12,6,6.904,41.42
BGI3,14/01/25,132,SI011790,YC,VS,CPAX02,28728- C CREW SVC CHARGE,28728,OVERHEAD - CC OVERHEAD - PER PAX,SER,EA,12,12,25.48,305.76
BGI3,14/01/25,187A,SI011787,J,VS,JSN05,LO7135 - ORIGINAL SHIRLEY,LO7135,ORIGINAL SHIRLEY BISCUIT,STO,EA,34,34,1.096,37.26
BGI3,14/01/25,187A,SI011787,Y,VS,3YS035,145991-TRANS.- HANDLING 33J,145991,TURNAROUND - STRIP - LOAD - A330-300 - 3 FLIGHTS,SER,EA,147,1,483.897,483.9
BGI3,14/01/25,188,SI011789,F,VS,1FCH02,SP124543 - CHILD MEAL [F/C],SP124543,CHML,FOO,EA,31,1,29.908,29.91
BGI3,14/01/25,188,SI011789,F,VS,FAN12,19381- MILK 100%,19381,FULL FAT MILK - PINT,STO,EA,31,4,4.805,19.22
BGI3,14/01/25,188,SI011789,F,VS,FAN13,19383- MILK 2%,19383,SEMI SKIMMED MILK - PINT,STO,EA,31,2,4.805,9.61
BGI3,14/01/25,188,SI011789,F,VS,FAN14,19385-LEMON HALVES,19385,LEMON WEDGES,FOO,EA,31,2,5.125,10.25
BGI3,14/01/25,188,SI011789,F,VS,FAN21,19379-WET ICE[6LB BAG],19379,WET ICE,WET,EA,31,4,2.942,11.77
BGI3,14/01/25,188,SI011789,F,VS,FAN30,7041- LIME WEDGES,7041,LIME WEDGES,FOO,EA,31,2,4.78,9.56
BGI3,14/01/25,188,SI011789,F,VS,FCS153,LO8803 - JERK PORK SATAYS,LO8803,,,EA,31,15,6.072,91.08
BGI3,14/01/25,188,SI011789,F,VS,FCS154,LO8804 - PUMKIN HUMMUS,LO8804,,,EA,31,18,5.176,93.17
BGI3,14/01/25,188,SI011789,F,VS,FDD108,LO8805 - DOUBLE CHOC CHE CAKE,LO8805,,,EA,31,12,5.38,64.56
BGI3,14/01/25,188,SI011789,F,VS,FDD109,LO8806 - CARAMEL - PUMKIN BREA,LO8806,,,EA,31,15,4.83,72.45
BGI3,14/01/25,188,SI011789,F,VS,FPAX04,23234-PER PASSENGER CHARGE,23234,OVERHEAD - J PAX OVERHEAD - PER PAX,SER,EA,31,25,36.774,919.35
BGI3,14/01/25,188,SI011789,J,VS,JDT33,LO2622- TRAY SET MM,LO2622,TRAY SET UP,SER,EA,40,40,16.138,645.52
BGI3,14/01/25,188,SI011789,J,VS,JPAX02,23237-PER PASSENGER CHARGE,23237,OVERHEAD - W PAX OVERHEAD - PER PAX,SER,EA,40,32,16.939,542.05
BGI3,14/01/25,188,SI011789,Y,VS,1YAV01,SP124700- AVML [Y/C],SP124700,AVML,FOO,EA,148,5,15.115,75.58
BGI3,14/01/25,188,SI011789,Y,VS,1YCH04,SP124709- CHML [Y/C],SP124709,CHML,FOO,EA,148,2,14.622,29.24
BGI3,14/01/25,188,SI011789,Y,VS,1YFP01,SP124713 - FPML [Y/C],SP124713,FPML,FOO,EA,148,3,18.156,54.47
BGI3,14/01/25,188,SI011789,Y,VS,1YGF01,SP124706 - GFML [Y/C],SP124706,GFML,FOO,EA,148,2,22.504,45.01
BGI3,14/01/25,188,SI011789,Y,VS,1YMO01,SP124702 - MOML [Y/C],SP124702,MOML,FOO,EA,148,6,12.154,72.92
BGI3,14/01/25,188,SI011789,Y,VS,1YVG01,SP124699- VGML [Y/C],SP124699,VGML,FOO,EA,148,1,14.694,14.69
BGI3,14/01/25,188,SI011789,Y,VS,3YDS01,3354- ORANGE JUICE-1LT,3354,BEVERAGES - ORANGE JUICE - 1 LT,STO,EA,148,29,2.124,61.6
BGI3,14/01/25,188,SI011789,Y,VS,3YDS02,3335-TOMATO JUICE 1LT,3335,BEVERAGES - TOMATO JUICE - 1 LT,STO,EA,148,1,4.057,4.06
BGI3,14/01/25,188,SI011789,Y,VS,3YDS03,3376-CRANBERRY JUICE,3376,BEVERAGES - CRANBERRY JUICE - 1 LT,STO,EA,148,2,5.101,10.2
BGI3,14/01/25,188,SI011789,Y,VS,3YDS04,3353-APPLE JUICE 1LTR,3353,BEVERAGES - APPLE JUICE - 1 LT,STO,EA,148,17,2.124,36.11
BGI3,14/01/25,188,SI011789,Y,VS,3YDS06,3476-MINERAL WATER 1.5LT,3476,BEVERAGES - MINERAL WATER STILL - 1 LT,STO,EA,148,48,2.36,113.28
BGI3,14/01/25,188,SI011789,Y,VS,3YDS07,33169-SPARKLING WATER 1LT,33169,BEVERAGES - MINERAL WATER SPARK - 1 LT,STO,EA,148,14,3.274,45.84
BGI3,14/01/25,188,SI011789,Y,VS,3YDS11,213774-PLASTIC BAG,213774,EQUIPMENT - BAG- PLASTIC BAG,EQU,EA,148,1,0.368,0.37
BGI3,14/01/25,188,SI011789,Y,VS,3YS022,ORANGE LINEN BAG,151383,LAUNDRY - BAG LINEN ORANGE 2014,LAU,EA,148,1,1.969,1.97
BGI3,14/01/25,188,SI011789,Y,VS,3YS023,LINEN TABLECLOTH,3526,LAUNDRY - TABLE CLOTH/RUNNER 2014,LAU,EA,148,33,0.652,21.52
BGI3,14/01/25,188,SI011789,Y,VS,3YS024,LINEN NAPKINS,3527,LAUNDRY - LINEN FOLDED NAPKIN 2014,LAU,EA,148,75,0.522,39.15
BGI3,14/01/25,188,SI011789,Y,VS,3YS032,145995-EQUIP PK - STORES 300,145995,PACKING - FLIGHT PACKING - A330-300,SER,EA,148,1,167.95,167.95
BGI3,14/01/25,188,SI011789,Y,VS,3YS035,145991-TRANS.- HANDLING 33J,145991,TURNAROUND - STRIP - LOAD - A330-300 - 3 FLIGHTS,SER,EA,148,1,483.897,483.9
BGI3,14/01/25,188,SI011789,Y,VS,3YS036,145994- WASH UP A330-300,145994,WASH UP - WASH UP - A330-900,SER,EA,148,1,404.383,404.38
BGI3,14/01/25,188,SI011789,Y,VS,3YS038,17.5% VAT ON LAUNDRY CHRG 33J,51069SALE,SALES TAX - LAUNDRY,VAT,EA,148,1,10.961,10.96
BGI3,14/01/25,188,SI011789,Y,VS,3YS063,25137-CUTLERY WRAP 1ST SERV 33,25137,PACKING - CUTLERY WRAPPING FIRST SERVICE - A330-30,SER,EA,148,1,8.435,8.44
BGI3,14/01/25,188,SI011789,Y,VS,3YS064,33819-CUTLERY WRAP 2ND SERV 33,33819,PACKING - CUTLERY WRAPPING SECOND SERVICE - A330-3,SER,EA,148,1,8.435,8.44
BGI3,14/01/25,188,SI011789,Y,VS,3YS071,32673-CULT WASH-PL 1SER 300,32673,PACKING - CUTLERY WASHUP - POLISHING FIRST SERVICE,SER,EA,148,1,27.272,27.27
BGI3,14/01/25,188,SI011789,Y,VS,3YS072,33141-CULT WASH-PL 2SER 300,33141,PACKING - CUTLERY WASHUP - POLISHING SECOND SERVIC,SER,EA,148,1,18.363,18.36
BGI3,14/01/25,188,SI011789,Y,VS,FAN17,19382-MILK 100% [Y],19382,FULL FAT MILK - PINT,STO,EA,148,2,4.805,9.61
BGI3,14/01/25,188,SI011789,Y,VS,FAN18,19384- MILK 2% [Y],19384,SEMI SKIMMED MILK - PINT,STO,EA,148,4,4.805,19.22
BGI3,14/01/25,188,SI011789,Y,VS,FAN19,7042-LEMON HALVES [Y],7042,LIME WEDGES,FOO,EA,148,6,5.125,30.75
BGI3,14/01/25,188,SI011789,Y,VS,FAN20,19380- WET ICE [6LB BAG] [Y],19380,WET ICE,WET,EA,148,6,2.942,17.65
BGI3,14/01/25,188,SI011789,Y,VS,YBE11,174148-BREAKFAST BOX,174148,,,EA,148,129,8.412,1085.15
BGI3,14/01/25,188,SI011789,Y,VS,YPAX03,23240- PER PASSENGER CHARGE[Y],23240,OVERHEAD - Y PAX OVERHEAD - PER PAX,SER,EA,148,140,13.856,1939.84
BGI3,14/01/25,188,SI011789,YC,VS,2CE067,LO8753 - ROASTED RAVOLI CHR,LO8753,,,EA,12,3,12.016,36.05
BGI3,14/01/25,188,SI011789,YC,VS,2CE068,LO8754 - ROAST TURK ENTREE CHR,LO8754,,,EA,12,3,19.434,58.3
BGI3,14/01/25,188,SI011789,YC,VS,2CFF11,LO4110-WHOLE FRUIT 1,LO4110,SEASONAL WHOLE FRUIT OPTION 1,FOO,EA,12,6,4.622,27.73
BGI3,14/01/25,188,SI011789,YC,VS,CPAX02,28728- C CREW SVC CHARGE,28728,OVERHEAD - CC OVERHEAD - PER PAX,SER,EA,12,12,25.48,305.76
BGI3,14/01/25,188A,SI011788,J,VS,JSN05,LO7135 - ORIGINAL SHIRLEY,LO7135,ORIGINAL SHIRLEY BISCUIT,STO,EA,25,25,1.096,27.4
BGI3,15/01/25,197,SI011877,J,VS,JPAX03,J PAX CHG SHUTTLE,23237ISLAND,OVERHEAD - W INTERISLAND OVERHEAD - PER PAX,SER,EA,26,26,0.831,21.61
BGI3,15/01/25,197,SI011877,J,VS,JSN05,LO7135 - ORIGINAL SHIRLEY,LO7135,ORIGINAL SHIRLEY BISCUIT,STO,EA,26,26,1.096,28.5
BGI3,15/01/25,197,SI011877,Y,VS,3YS035,145991-TRANS.- HANDLING 33J,145991,TURNAROUND - STRIP - LOAD - A330-300 - 3 FLIGHTS,SER,EA,149,1,483.897,483.9
BGI3,15/01/25,197,SI011877,Y,VS,FAN35,WATER 1.5LT,LO2664,INTERISLAND 1.5 LTR WATER,STO,EA,149,18,2.36,42.48
BGI3,15/01/25,197,SI011877,Y,VS,FAN36,ORANGE JUICE 1LT,3354,ORANGE JUICE LT,STO,EA,149,5,2.555,12.78
BGI3,15/01/25,197,SI011877,Y,VS,JSN06,LO7138 - ORIGINAL SHIRLEY,LO7138,ORIGINAL SHIRLEY BISCUIT,STO,EA,149,149,1.096,163.3
BGI3,15/01/25,197,SI011877,Y,VS,YPAX04,Y PAX CHG SHUTTLE,23240ISLAND,OVERHEAD - Y INTERISLAND OVERHEAD - PER PAX,SER,EA,149,149,0.831,123.82
BGI3,15/01/25,197,SI011877,YC,VS,2CFF12,LO4111-WHOLE FRUIT 2,LO4111,SEASONAL WHOLE FRUIT OPTION 2,FOO,EA,25,6,4.62,27.72
BGI3,15/01/25,197,SI011877,YC,VS,2CFF13,LO4268 - WHOLE FRUIT 1,LO4268,SEASONAL WHOTE FRUIT OPTION 1,FOO,EA,25,6,4.608,27.65
BGI3,15/01/25,197,SI011877,YC,VS,CPAX04,C PAX CHG SHUTTLE,28728,OVERHEAD - CC OVERHEAD - PER PAX,SER,EA,25,12,22.261,267.13
BGI3,15/01/25,197,SI011877,YC,VS,FAN35,WATER 1.5LT,LO2664,INTERISLAND 1.5 LTR WATER,STO,EA,25,12,2.36,28.32
BGI3,15/01/25,198,SI011874,F,VS,1FAV01,SP124534- AVML [F/C],SP124534,AVML,FOO,EA,27,2,32.885,65.77
BGI3,15/01/25,198,SI011874,F,VS,1FHN01,SP124537- HNML [F/C],SP124537,HNML,FOO,EA,27,1,32.885,32.89
BGI3,15/01/25,198,SI011874,F,VS,1POAM2,SP170097 - OAML,SP170097,OAML,FOO,EA,27,1,12.582,12.58
BGI3,15/01/25,198,SI011874,F,VS,1POBM2,SP170098 - OBML,SP170098,OBML,FOO,EA,27,6,14.292,85.75
BGI3,15/01/25,198,SI011874,F,VS,1POTML,SP170102 - OTML,SP170102,OTML,FOO,EA,27,3,9.48,28.44
BGI3,15/01/25,198,SI011874,F,VS,1POUML,SP173624 - OUML,SP173624,OUML,FOO,EA,27,1,12.36,12.36
BGI3,15/01/25,198,SI011874,F,VS,FAN12,19381- MILK 100%,19381,FULL FAT MILK - PINT,STO,EA,27,3,4.805,14.42
BGI3,15/01/25,198,SI011874,F,VS,FAN13,19383- MILK 2%,19383,SEMI SKIMMED MILK - PINT,STO,EA,27,2,4.805,9.61
BGI3,15/01/25,198,SI011874,F,VS,FAN14,19385-LEMON HALVES,19385,LEMON WEDGES,FOO,EA,27,2,5.125,10.25
BGI3,15/01/25,198,SI011874,F,VS,FAN21,19379-WET ICE[6LB BAG],19379,WET ICE,WET,EA,27,4,2.942,11.77
BGI3,15/01/25,198,SI011874,F,VS,FAN23,LO7607-CUCUMBER SLICES,LO7607,CUCUMBER SLICES,FOO,EA,27,1,7.686,7.69
BGI3,15/01/25,198,SI011874,F,VS,FAN30,7041- LIME WEDGES,7041,LIME WEDGES,FOO,EA,27,2,4.78,9.56
BGI3,15/01/25,198,SI011874,F,VS,FAN33,23212 - BULK EQUIPMENT,23212,BULK EQUIPMENT,EQU,EA,27,27,1.779,48.03
BGI3,15/01/25,198,SI011874,F,VS,FBD91,LO7757 -WHOLE WHEAT - FLAXSEED,LO7757,WHOLE WHEAT - FLAXSEED KNOT ROLL,FOO,EA,27,12,2.446,29.35
BGI3,15/01/25,198,SI011874,F,VS,FBD92,LO7758 -BLACK OLIVE - GAR ROLL,LO7758,BLACK OLIVE AND GARLIC ROLL,FOO,EA,27,12,2.516,30.19
BGI3,15/01/25,198,SI011874,F,VS,FBD93,LO7759 -CHEDDAR - ONION ROLL,LO7759,CHEDDAR CHEESE AND ONION ROLL,FOO,EA,27,12,2.446,29.35
BGI3,15/01/25,198,SI011874,F,VS,FBT14,LO7770- FRUIT PLATE,LO7770,FRUIT PLATE,FOO,EA,27,12,6.598,79.18
BGI3,15/01/25,198,SI011874,F,VS,FBT16,LO7126 - PLAIN GREEK YOGH FULL,LO7126,PLAIN GREEK YOGHURT - 907 GRAMS,STO,EA,27,1,13.612,13.61
BGI3,15/01/25,198,SI011874,F,VS,FBT17,LO7127- GRANOLA FULL,LO7127,GRANOLA WHOLE GRAIN - 360 GRAMS,STO,EA,27,1,16.562,16.56
BGI3,15/01/25,198,SI011874,F,VS,FBT18,LO7771 - BANANA MUFFIN,LO7771,BANANA MUFFIN,FOO,EA,27,12,3.272,39.26
BGI3,15/01/25,198,SI011874,F,VS,FCE155,LO7764 -HERB CHIX W POT GRATIN,LO7764,HERBED CHIX POTATO GRATIN CORN AND PEPPER,FOO,EA,27,5,12.582,62.91
BGI3,15/01/25,198,SI011874,F,VS,FCE156,LO7765 - MAHI MAHI W WILD RICE,LO7765,SPICED MAHI TURMERIC WILD RICE COCONUT CURRY,FOO,EA,27,4,14.292,57.17
BGI3,15/01/25,198,SI011874,F,VS,FCE157,LO7766 - VEG LASAGNA,LO7766,VEGETABLE LASGNA DUO SCALES,FOO,EA,27,2,12.42,24.84
BGI3,15/01/25,198,SI011874,F,VS,FCF16,LO5500- PICK YOUR OWN,LO5500,CARIBBEAN FRUIT WHOLE [ASSORTED],FOO,EA,27,1,26.288,26.29
BGI3,15/01/25,198,SI011874,F,VS,FCS153,LO8803 - JERK PORK SATAYS,LO8803,,,EA,27,12,6.072,72.86
BGI3,15/01/25,198,SI011874,F,VS,FCS154,LO8804 - PUMKIN HUMMUS,LO8804,,,EA,27,14,5.176,72.46
BGI3,15/01/25,198,SI011874,F,VS,FDD106,LO7762 -SAVOURY CHEESE PLATE,LO7762,STILTON CHEEDAR GOAT GRAPE CHUTNEY,FOO,EA,27,14,7.53,105.42
BGI3,15/01/25,198,SI011874,F,VS,FDD108,LO8805 - DOUBLE CHOC CHE CAKE,LO8805,,,EA,27,10,5.38,53.8
BGI3,15/01/25,198,SI011874,F,VS,FDD109,LO8806 - CARAMEL - PUMKIN BREA,LO8806,,,EA,27,12,4.83,57.96
BGI3,15/01/25,198,SI011874,F,VS,FDT007,LO4801- BUTTER,LO4801,BUTTER [PIPED] BULK LOAED,FOO,EA,27,24,1.042,25.01
BGI3,15/01/25,198,SI011874,F,VS,FHB69,LO4240-BACON BAP,LO4240,BACON BAP,FOO,EA,27,8,5.18,41.44
BGI3,15/01/25,198,SI011874,F,VS,FHB83,LO7767 -SCRAM EGG BB SAUS,LO7767,SCRAMBLE EGGS BACK BACON SAUSAGE BAKED BEANS,FOO,EA,27,12,9.72,116.64
BGI3,15/01/25,198,SI011874,F,VS,FHB84,LO7768 - PEPP - CHEE OMELETTE,LO7768,PEPPER AND CHEESE OMELETTE SPINACH SWEET POTATO,FOO,EA,27,4,7.85,31.4
BGI3,15/01/25,198,SI011874,F,VS,FHB85,LO7769 - CHOCO CHIP PANCAKE,LO7769,CHOCOLATE CHIP PANCAKESPICED PINEAPPLE AND BERRY C,FOO,EA,27,5,6.31,31.55
BGI3,15/01/25,198,SI011874,F,VS,FPAX04,23234-PER PASSENGER CHARGE,23234,OVERHEAD - J PAX OVERHEAD - PER PAX,SER,EA,27,27,36.774,992.9
BGI3,15/01/25,198,SI011874,J,VS,1JNL01,SP124634 - NLML [J/C],SP124634,NLML,FOO,EA,36,1,22.504,22.5
BGI3,15/01/25,198,SI011874,J,VS,1PWAM2,SP170105 - WAM2,SP170105,WAML,FOO,EA,36,10,8.69,86.9
BGI3,15/01/25,198,SI011874,J,VS,1PWBM2,SP170106 - WBM2,SP170106,WBML,FOO,EA,36,2,11.298,22.6
BGI3,15/01/25,198,SI011874,J,VS,1PWCM2,SP170107 - WCM2,SP170107,WCML,FOO,EA,36,3,7.248,21.74
BGI3,15/01/25,198,SI011874,J,VS,1YBA02,BABY MEAL - CATERER OWNED,SP124710,BBML,STO,EA,36,1,15.93,15.93
BGI3,15/01/25,198,SI011874,J,VS,JBE41, PORK SAUG,LO7775,SCRAMBLE EGG PORK SAUSAGE BACK BACON BAKED BEANS,FOO,EA,36,18,6.378,114.8
BGI3,15/01/25,198,SI011874,J,VS,JBE42,LO7776 -EGG - VEG FRITATTA,LO7776,EGG - VEGETABLE FRITATTA SWEET POTATO BLISTERED CH,FOO,EA,36,6,7.518,45.11
BGI3,15/01/25,198,SI011874,J,VS,JBE43,LO7777 -CHOC CHIP PANCAKES,LO7777,CHOCOLATE CHIP PANCAKE CARMALIZED PINEAPPLE AND BE,FOO,EA,36,11,5.378,59.16
BGI3,15/01/25,198,SI011874,J,VS,JCE119,LO7772 -CREOLE CHIX W GAR ORZO,LO7772,SEARED CHIX CREOLE SAUCE GARLIZ ORZO,FOO,EA,36,13,8.69,112.97
BGI3,15/01/25,198,SI011874,J,VS,JCE121,LO7773 -MAHI MAHI W MAS POT,LO7773,SEARED MAHI GARLIC MASH BLISTETED TOMATO,FOO,EA,36,6,11.298,67.79
BGI3,15/01/25,198,SI011874,J,VS,JCE122,LO7774-WILD RICE COCO CURRY,LO7774,WILD RICE COCONUT CURRY SAUCE FRIED PLANTAIN,FOO,EA,36,4,7.248,28.99
BGI3,15/01/25,198,SI011874,J,VS,JDT33,LO2622- TRAY SET MM,LO2622,TRAY SET UP,SER,EA,36,35,16.138,564.83
BGI3,15/01/25,198,SI011874,J,VS,JPAX02,23237-PER PASSENGER CHARGE,23237,OVERHEAD - W PAX OVERHEAD - PER PAX,SER,EA,36,32,16.939,542.05
BGI3,15/01/25,198,SI011874,Y,VS,1YAV01,SP124700- AVML [Y/C],SP124700,AVML,FOO,EA,170,2,15.115,30.23
BGI3,15/01/25,198,SI011874,Y,VS,1YBA02,BABY MEAL - CATERER OWNED,SP124710,BBML,STO,EA,170,2,15.93,31.86
BGI3,15/01/25,198,SI011874,Y,VS,1YCH04,SP124709- CHML [Y/C],SP124709,CHML,FOO,EA,170,2,14.622,29.24
BGI3,15/01/25,198,SI011874,Y,VS,1YDB01,SP124707 - DBML [Y/C],SP124707,DBML,FOO,EA,170,2,22.504,45.01
BGI3,15/01/25,198,SI011874,Y,VS,1YGF01,SP124706 - GFML [Y/C],SP124706,GFML,FOO,EA,170,1,22.504,22.5
BGI3,15/01/25,198,SI011874,Y,VS,1YVG01,SP124699- VGML [Y/C],SP124699,VGML,FOO,EA,170,2,14.694,29.39
BGI3,15/01/25,198,SI011874,Y,VS,1YVL01,SP124698- VLML [Y/C],SP124698,VLML,FOO,EA,170,5,12.154,60.77
BGI3,15/01/25,198,SI011874,Y,VS,3YDS01,3354- ORANGE JUICE-1LT,3354,BEVERAGES - ORANGE JUICE - 1 LT,STO,EA,170,28,2.124,59.47
BGI3,15/01/25,198,SI011874,Y,VS,3YDS02,3335-TOMATO JUICE 1LT,3335,BEVERAGES - TOMATO JUICE - 1 LT,STO,EA,170,3,4.057,12.17
BGI3,15/01/25,198,SI011874,Y,VS,3YDS03,3376-CRANBERRY JUICE,3376,BEVERAGES - CRANBERRY JUICE - 1 LT,STO,EA,170,3,5.101,15.3
BGI3,15/01/25,198,SI011874,Y,VS,3YDS04,3353-APPLE JUICE 1LTR,3353,BEVERAGES - APPLE JUICE - 1 LT,STO,EA,170,17,2.124,36.11
BGI3,15/01/25,198,SI011874,Y,VS,3YDS06,3476-MINERAL WATER 1.5LT,3476,BEVERAGES - MINERAL WATER STILL - 1 LT,STO,EA,170,54,2.36,127.44
BGI3,15/01/25,198,SI011874,Y,VS,3YDS07,33169-SPARKLING WATER 1LT,33169,BEVERAGES - MINERAL WATER SPARK - 1 LT,STO,EA,170,13,3.274,42.56
BGI3,15/01/25,198,SI011874,Y,VS,3YDS11,213774-PLASTIC BAG,213774,EQUIPMENT - BAG- PLASTIC BAG,EQU,EA,170,1,0.368,0.37
BGI3,15/01/25,198,SI011874,Y,VS,3YS022,ORANGE LINEN BAG,151383,LAUNDRY - BAG LINEN ORANGE 2014,LAU,EA,170,1,1.969,1.97
BGI3,15/01/25,198,SI011874,Y,VS,3YS023,LINEN TABLECLOTH,3526,LAUNDRY - TABLE CLOTH/RUNNER 2014,LAU,EA,170,32,0.652,20.86
BGI3,15/01/25,198,SI011874,Y,VS,3YS032,145995-EQUIP PK - STORES 300,145995,PACKING - FLIGHT PACKING - A330-300,SER,EA,170,1,167.95,167.95
BGI3,15/01/25,198,SI011874,Y,VS,3YS035,145991-TRANS.- HANDLING 33J,145991,TURNAROUND - STRIP - LOAD - A330-300 - 3 FLIGHTS,SER,EA,170,1,483.897,483.9
BGI3,15/01/25,198,SI011874,Y,VS,3YS036,145994- WASH UP A330-300,145994,WASH UP - WASH UP - A330-900,SER,EA,170,1,404.383,404.38
BGI3,15/01/25,198,SI011874,Y,VS,3YS038,17.5% VAT ON LAUNDRY CHRG 33J,51069SALE,SALES TAX - LAUNDRY,VAT,EA,170,1,10.961,10.96
BGI3,15/01/25,198,SI011874,Y,VS,3YS063,25137-CUTLERY WRAP 1ST SERV 33,25137,PACKING - CUTLERY WRAPPING FIRST SERVICE - A330-30,SER,EA,170,1,8.435,8.44
BGI3,15/01/25,198,SI011874,Y,VS,3YS064,33819-CUTLERY WRAP 2ND SERV 33,33819,PACKING - CUTLERY WRAPPING SECOND SERVICE - A330-3,SER,EA,170,1,8.435,8.44
BGI3,15/01/25,198,SI011874,Y,VS,3YS071,32673-CULT WASH-PL 1SER 300,32673,PACKING - CUTLERY WASHUP - POLISHING FIRST SERVICE,SER,EA,170,1,27.272,27.27
BGI3,15/01/25,198,SI011874,Y,VS,3YS072,33141-CULT WASH-PL 2SER 300,33141,PACKING - CUTLERY WASHUP - POLISHING SECOND SERVIC,SER,EA,170,1,18.363,18.36
BGI3,15/01/25,198,SI011874,Y,VS,3YS095,25127- CUTL WSH-POL A330,25127,PACKING - CUTLERY WASHUP - POLISHING - A330-300,SER,EA,170,1,54.402,54.4
BGI3,15/01/25,198,SI011874,Y,VS,FAN17,19382-MILK 100% [Y],19382,FULL FAT MILK - PINT,STO,EA,170,2,4.805,9.61
BGI3,15/01/25,198,SI011874,Y,VS,FAN18,19384- MILK 2% [Y],19384,SEMI SKIMMED MILK - PINT,STO,EA,170,4,4.805,19.22
BGI3,15/01/25,198,SI011874,Y,VS,FAN19,7042-LEMON HALVES [Y],7042,LIME WEDGES,FOO,EA,170,7,5.125,35.88
BGI3,15/01/25,198,SI011874,Y,VS,FAN20,19380- WET ICE [6LB BAG] [Y],19380,WET ICE,WET,EA,170,7,2.942,20.59
BGI3,15/01/25,198,SI011874,Y,VS,YBE11,174148-BREAKFAST BOX,174148,,,EA,170,156,8.412,1312.27
BGI3,15/01/25,198,SI011874,Y,VS,YBE24,LO6953-OTIS SPUNKMEYER MUFFIN,LO6953,OTIS SPUNKMEYER MUFFIN,FOO,EA,170,156,1.872,292.03
BGI3,15/01/25,198,SI011874,Y,VS,YDE116,LO7778 - RO CHIX W PEPPERCORN,LO7778,ROASTED CHIX PEPPER SAU MASHED POTATO VEG,FOO,EA,170,109,8.748,953.53
BGI3,15/01/25,198,SI011874,Y,VS,YDE117,LO7779 - MAC PIE W TOM SAUCE,LO7779,MACARONI PIE TOMATO ROSE CREAMY SAUCE,FOO,EA,170,47,5.378,252.77
BGI3,15/01/25,198,SI011874,Y,VS,YDT30,LO2623 - MAIN MEAL TRAY SET UP,LO2623,TRAY SET UP,SER,EA,170,156,8.72,1360.32
BGI3,15/01/25,198,SI011874,Y,VS,YPAX03,23240- PER PASSENGER CHARGE[Y],23240,OVERHEAD - Y PAX OVERHEAD - PER PAX,SER,EA,170,164,13.856,2272.38
BGI3,15/01/25,198,SI011874,YC,VS,2CE069, COCO CURRY,LO8708,WILD RICE COCONUT CURRY SAUCE VEG,FOO,EA,12,3,6.438,19.31
BGI3,15/01/25,198,SI011874,YC,VS,2CE070,LO8709 - GARLIC MASH CHIX THIG,LO8709,GARLIC MASH SEARED CHIX GREEN PEPPERCORN SAUCE,FOO,EA,12,3,10.838,32.51
BGI3,15/01/25,198,SI011874,YC,VS,2CE071,LO8710 - MAHI W GARL ORZO PAS,LO8710,SEARED MAHI ORZO PASTA CREOLE SAUCE VEG,FOO,EA,12,2,12.378,24.76
BGI3,15/01/25,198,SI011874,YC,VS,2CE072,LO8711 - PORKLOIN W PO GRATIN,LO8711,SEARED PORK POTATO GRATIN VEG,FOO,EA,12,2,13.84,27.68
BGI3,15/01/25,198,SI011874,YC,VS,2CE073,LO8712 - CHEESE RAVIOLI,LO8712,CHEESE RAVIOLI,FOO,EA,12,2,8.718,17.44
BGI3,15/01/25,198,SI011874,YC,VS,2CFF11,LO4110-WHOLE FRUIT 1,LO4110,SEASONAL WHOLE FRUIT OPTION 1,FOO,EA,12,6,4.622,27.73
BGI3,15/01/25,198,SI011874,YC,VS,2CFF12,LO4111-WHOLE FRUIT 2,LO4111,SEASONAL WHOLE FRUIT OPTION 2,FOO,EA,12,6,4.62,27.72
BGI3,15/01/25,198,SI011874,YC,VS,2CFS44,LO5113- EGG SALAD SANDWICH,LO5113,EGG SALAD SANDWICH,FOO,EA,12,3,5.374,16.12
BGI3,15/01/25,198,SI011874,YC,VS,2CFS45,LO5115- TUNASALAD SANDWICH,LO5115,TUNA SALAD SANDWICH,FOO,EA,12,2,6.734,13.47
BGI3,15/01/25,198,SI011874,YC,VS,2CFS49,LO5119- BAP - STREAKY BACON,LO5119,SCOTTISH BAP WITH BACON,FOO,EA,12,4,4.866,19.46
BGI3,15/01/25,198,SI011874,YC,VS,2CFS52,LO5368- PLAIN BAGEL -PC CR CH,LO5368,PLAIN BAGEL WITH PC CREAM CHEESE,FOO,EA,12,4,4.086,16.34
BGI3,15/01/25,198,SI011874,YC,VS,2CFS77,LO8713 - HAM SANDWICH,LO8713,HAM SANDWICH,FOO,EA,12,3,7.734,23.2
BGI3,15/01/25,198,SI011874,YC,VS,2CFS78,LO8714 - CHEESE TOMATO WRAP,LO8714,CHEESE TOMATO CUCUMBER WRAP,FOO,EA,12,2,6.694,13.39
BGI3,15/01/25,198,SI011874,YC,VS,2CFS79,LO8715 - CHICKEN CHEESE BAGEL,LO8715,CHICKEN AND CHEESE BAGEL,FOO,EA,12,2,5.014,10.03
BGI3,15/01/25,198,SI011874,YC,VS,2CFS80,LO8716 - TURKEY SANDWICH,LO8716,TURKEY SANDWICH,FOO,EA,12,4,7.896,31.58
BGI3,15/01/25,198,SI011874,YC,VS,2CFS81, CHUTNE,LO8718,TILLAMOOK CHEESE CARR TROPICAL CHUTNEY,FOO,EA,12,6,6.788,40.73
BGI3,15/01/25,198,SI011874,YC,VS,2CFS82,LO8717 - PROTEIN POT W OLIVES,LO8717,PUMPKIN HUMMUS C CHEESE BLACK OLIVES PITTA BREAD T,FOO,EA,12,6,6.904,41.42
BGI3,15/01/25,198,SI011874,YC,VS,CPAX02,28728- C CREW SVC CHARGE,28728,OVERHEAD - CC OVERHEAD - PER PAX,SER,EA,12,12,25.48,305.76
BGI3,15/01/25,78,SI011876,F,VS,1FVG01,SP124533- VGML [F/C],SP124533,VGML,FOO,EA,31,2,32.179,64.36
BGI3,15/01/25,78,SI011876,F,VS,1OCM2,SP170099 - OCML,SP170099,OCML,FOO,EA,31,1,12.42,12.42
BGI3,15/01/25,78,SI011876,F,VS,1POBM2,SP170098 - OBML,SP170098,OBML,FOO,EA,31,1,14.292,14.29
BGI3,15/01/25,78,SI011876,F,VS,1POSML,SP170101 - OSML,SP170101,OSML,FOO,EA,31,1,10.91,10.91
BGI3,15/01/25,78,SI011876,F,VS,1POTML,SP170102 - OTML,SP170102,OTML,FOO,EA,31,2,9.48,18.96
BGI3,15/01/25,78,SI011876,F,VS,FAN12,19381- MILK 100%,19381,FULL FAT MILK - PINT,STO,EA,31,4,4.805,19.22
BGI3,15/01/25,78,SI011876,F,VS,FAN13,19383- MILK 2%,19383,SEMI SKIMMED MILK - PINT,STO,EA,31,2,4.805,9.61
BGI3,15/01/25,78,SI011876,F,VS,FAN14,19385-LEMON HALVES,19385,LEMON WEDGES,FOO,EA,31,2,5.125,10.25
BGI3,15/01/25,78,SI011876,F,VS,FAN21,19379-WET ICE[6LB BAG],19379,WET ICE,WET,EA,31,4,2.942,11.77
BGI3,15/01/25,78,SI011876,F,VS,FAN23,LO7607-CUCUMBER SLICES,LO7607,CUCUMBER SLICES,FOO,EA,31,1,7.686,7.69
BGI3,15/01/25,78,SI011876,F,VS,FAN30,7041- LIME WEDGES,7041,LIME WEDGES,FOO,EA,31,2,4.78,9.56
BGI3,15/01/25,78,SI011876,F,VS,FAN33,23212 - BULK EQUIPMENT,23212,BULK EQUIPMENT,EQU,EA,31,31,1.779,55.15
BGI3,15/01/25,78,SI011876,F,VS,FBD91,LO7757 -WHOLE WHEAT - FLAXSEED,LO7757,WHOLE WHEAT - FLAXSEED KNOT ROLL,FOO,EA,31,15,2.446,36.69
BGI3,15/01/25,78,SI011876,F,VS,FBD92,LO7758 -BLACK OLIVE - GAR ROLL,LO7758,BLACK OLIVE AND GARLIC ROLL,FOO,EA,31,15,2.516,37.74
BGI3,15/01/25,78,SI011876,F,VS,FBD93,LO7759 -CHEDDAR - ONION ROLL,LO7759,CHEDDAR CHEESE AND ONION ROLL,FOO,EA,31,14,2.446,34.24
BGI3,15/01/25,78,SI011876,F,VS,FBT14,LO7770- FRUIT PLATE,LO7770,FRUIT PLATE,FOO,EA,31,15,6.598,98.97
BGI3,15/01/25,78,SI011876,F,VS,FBT16,LO7126 - PLAIN GREEK YOGH FULL,LO7126,PLAIN GREEK YOGHURT - 907 GRAMS,STO,EA,31,1,13.612,13.61
BGI3,15/01/25,78,SI011876,F,VS,FBT17,LO7127- GRANOLA FULL,LO7127,GRANOLA WHOLE GRAIN - 360 GRAMS,STO,EA,31,1,16.562,16.56
BGI3,15/01/25,78,SI011876,F,VS,FBT18,LO7771 - BANANA MUFFIN,LO7771,BANANA MUFFIN,FOO,EA,31,15,3.272,49.08
BGI3,15/01/25,78,SI011876,F,VS,FCE155,LO7764 -HERB CHIX W POT GRATIN,LO7764,HERBED CHIX POTATO GRATIN CORN AND PEPPER,FOO,EA,31,12,12.582,150.98
BGI3,15/01/25,78,SI011876,F,VS,FCE156,LO7765 - MAHI MAHI W WILD RICE,LO7765,SPICED MAHI TURMERIC WILD RICE COCONUT CURRY,FOO,EA,31,7,14.292,100.04
BGI3,15/01/25,78,SI011876,F,VS,FCE157,LO7766 - VEG LASAGNA,LO7766,VEGETABLE LASGNA DUO SCALES,FOO,EA,31,5,12.42,62.1
BGI3,15/01/25,78,SI011876,F,VS,FCF16,LO5500- PICK YOUR OWN,LO5500,CARIBBEAN FRUIT WHOLE [ASSORTED],FOO,EA,31,1,26.288,26.29
BGI3,15/01/25,78,SI011876,F,VS,FCS153,LO8803 - JERK PORK SATAYS,LO8803,,,EA,31,15,6.072,91.08
BGI3,15/01/25,78,SI011876,F,VS,FCS154,LO8804 - PUMKIN HUMMUS,LO8804,,,EA,31,17,5.176,87.99
BGI3,15/01/25,78,SI011876,F,VS,FDD106,LO7762 -SAVOURY CHEESE PLATE,LO7762,STILTON CHEEDAR GOAT GRAPE CHUTNEY,FOO,EA,31,17,7.53,128.01
BGI3,15/01/25,78,SI011876,F,VS,FDD108,LO8805 - DOUBLE CHOC CHE CAKE,LO8805,,,EA,31,12,5.38,64.56
BGI3,15/01/25,78,SI011876,F,VS,FDD109,LO8806 - CARAMEL - PUMKIN BREA,LO8806,,,EA,31,15,4.83,72.45
BGI3,15/01/25,78,SI011876,F,VS,FDT007,LO4801- BUTTER,LO4801,BUTTER [PIPED] BULK LOAED,FOO,EA,31,29,1.042,30.22
BGI3,15/01/25,78,SI011876,F,VS,FHB69,LO4240-BACON BAP,LO4240,BACON BAP,FOO,EA,31,5,5.18,25.9
BGI3,15/01/25,78,SI011876,F,VS,FHB83,LO7767 -SCRAM EGG BB SAUS,LO7767,SCRAMBLE EGGS BACK BACON SAUSAGE BAKED BEANS,FOO,EA,31,15,9.72,145.8
BGI3,15/01/25,78,SI011876,F,VS,FHB84,LO7768 - PEPP - CHEE OMELETTE,LO7768,PEPPER AND CHEESE OMELETTE SPINACH SWEET POTATO,FOO,EA,31,6,7.85,47.1
BGI3,15/01/25,78,SI011876,F,VS,FHB85,LO7769 - CHOCO CHIP PANCAKE,LO7769,CHOCOLATE CHIP PANCAKESPICED PINEAPPLE AND BERRY C,FOO,EA,31,9,6.31,56.79
BGI3,15/01/25,78,SI011876,F,VS,FPAX04,23234-PER PASSENGER CHARGE,23234,OVERHEAD - J PAX OVERHEAD - PER PAX,SER,EA,31,31,36.774,1139.99
BGI3,15/01/25,78,SI011876,J,VS,1JAV01,SP124622 - AVML [J/C],SP124622,AVML,FOO,EA,44,1,15.115,15.12
BGI3,15/01/25,78,SI011876,J,VS,1PWAM2,SP170105 - WAM2,SP170105,WAML,FOO,EA,44,4,8.69,34.76
BGI3,15/01/25,78,SI011876,J,VS,1PWCM2,SP170107 - WCM2,SP170107,WCML,FOO,EA,44,1,7.248,7.25
BGI3,15/01/25,78,SI011876,J,VS,JBE41, PORK SAUG,LO7775,SCRAMBLE EGG PORK SAUSAGE BACK BACON BAKED BEANS,FOO,EA,44,22,6.378,140.32
BGI3,15/01/25,78,SI011876,J,VS,JBE42,LO7776 -EGG - VEG FRITATTA,LO7776,EGG - VEGETABLE FRITATTA SWEET POTATO BLISTERED CH,FOO,EA,44,8,7.518,60.14
BGI3,15/01/25,78,SI011876,J,VS,JBE43,LO7777 -CHOC CHIP PANCAKES,LO7777,CHOCOLATE CHIP PANCAKE CARMALIZED PINEAPPLE AND BE,FOO,EA,44,13,5.378,69.91
BGI3,15/01/25,78,SI011876,J,VS,JCE119,LO7772 -CREOLE CHIX W GAR ORZO,LO7772,SEARED CHIX CREOLE SAUCE GARLIZ ORZO,FOO,EA,44,25,8.69,217.25
BGI3,15/01/25,78,SI011876,J,VS,JCE121,LO7773 -MAHI MAHI W MAS POT,LO7773,SEARED MAHI GARLIC MASH BLISTETED TOMATO,FOO,EA,44,11,11.298,124.28
BGI3,15/01/25,78,SI011876,J,VS,JCE122,LO7774-WILD RICE COCO CURRY,LO7774,WILD RICE COCONUT CURRY SAUCE FRIED PLANTAIN,FOO,EA,44,8,7.248,57.98
BGI3,15/01/25,78,SI011876,J,VS,JDT33,LO2622- TRAY SET MM,LO2622,TRAY SET UP,SER,EA,44,43,16.138,693.93
BGI3,15/01/25,78,SI011876,J,VS,JPAX02,23237-PER PASSENGER CHARGE,23237,OVERHEAD - W PAX OVERHEAD - PER PAX,SER,EA,44,39,16.939,660.62
BGI3,15/01/25,78,SI011876,Y,VS,1YAV01,SP124700- AVML [Y/C],SP124700,AVML,FOO,EA,96,1,15.115,15.12
BGI3,15/01/25,78,SI011876,Y,VS,1YCH04,SP124709- CHML [Y/C],SP124709,CHML,FOO,EA,96,2,14.622,29.24
BGI3,15/01/25,78,SI011876,Y,VS,1YDB01,SP124707 - DBML [Y/C],SP124707,DBML,FOO,EA,96,1,22.504,22.5
BGI3,15/01/25,78,SI011876,Y,VS,1YGF01,SP124706 - GFML [Y/C],SP124706,GFML,FOO,EA,96,2,22.504,45.01
BGI3,15/01/25,78,SI011876,Y,VS,1YVG01,SP124699- VGML [Y/C],SP124699,VGML,FOO,EA,96,1,14.694,14.69
BGI3,15/01/25,78,SI011876,Y,VS,3YDS01,3354- ORANGE JUICE-1LT,3354,BEVERAGES - ORANGE JUICE - 1 LT,STO,EA,96,29,2.124,61.6
BGI3,15/01/25,78,SI011876,Y,VS,3YDS02,3335-TOMATO JUICE 1LT,3335,BEVERAGES - TOMATO JUICE - 1 LT,STO,EA,96,1,4.057,4.06
BGI3,15/01/25,78,SI011876,Y,VS,3YDS03,3376-CRANBERRY JUICE,3376,BEVERAGES - CRANBERRY JUICE - 1 LT,STO,EA,96,2,5.101,10.2
BGI3,15/01/25,78,SI011876,Y,VS,3YDS04,3353-APPLE JUICE 1LTR,3353,BEVERAGES - APPLE JUICE - 1 LT,STO,EA,96,17,2.124,36.11
BGI3,15/01/25,78,SI011876,Y,VS,3YDS06,3476-MINERAL WATER 1.5LT,3476,BEVERAGES - MINERAL WATER STILL - 1 LT,STO,EA,96,48,2.36,113.28
BGI3,15/01/25,78,SI011876,Y,VS,3YDS07,33169-SPARKLING WATER 1LT,33169,BEVERAGES - MINERAL WATER SPARK - 1 LT,STO,EA,96,14,3.274,45.84
BGI3,15/01/25,78,SI011876,Y,VS,3YDS11,213774-PLASTIC BAG,213774,EQUIPMENT - BAG- PLASTIC BAG,EQU,EA,96,1,0.368,0.37
BGI3,15/01/25,78,SI011876,Y,VS,3YS022,ORANGE LINEN BAG,151383,LAUNDRY - BAG LINEN ORANGE 2014,LAU,EA,96,1,1.969,1.97
BGI3,15/01/25,78,SI011876,Y,VS,3YS023,LINEN TABLECLOTH,3526,LAUNDRY - TABLE CLOTH/RUNNER 2014,LAU,EA,96,31,0.652,20.21
BGI3,15/01/25,78,SI011876,Y,VS,3YS024,LINEN NAPKINS,3527,LAUNDRY - LINEN FOLDED NAPKIN 2014,LAU,EA,96,33,0.522,17.23
BGI3,15/01/25,78,SI011876,Y,VS,3YS032,145995-EQUIP PK - STORES 300,145995,PACKING - FLIGHT PACKING - A330-300,SER,EA,96,1,167.95,167.95
BGI3,15/01/25,78,SI011876,Y,VS,3YS035,145991-TRANS.- HANDLING 33J,145991,TURNAROUND - STRIP - LOAD - A330-300 - 3 FLIGHTS,SER,EA,96,1,483.897,483.9
BGI3,15/01/25,78,SI011876,Y,VS,3YS036,145994- WASH UP A330-300,145994,WASH UP - WASH UP - A330-900,SER,EA,96,1,404.383,404.38
BGI3,15/01/25,78,SI011876,Y,VS,3YS038,17.5% VAT ON LAUNDRY CHRG 33J,51069SALE,SALES TAX - LAUNDRY,VAT,EA,96,1,10.961,10.96
BGI3,15/01/25,78,SI011876,Y,VS,3YS063,25137-CUTLERY WRAP 1ST SERV 33,25137,PACKING - CUTLERY WRAPPING FIRST SERVICE - A330-30,SER,EA,96,1,8.435,8.44
BGI3,15/01/25,78,SI011876,Y,VS,3YS064,33819-CUTLERY WRAP 2ND SERV 33,33819,PACKING - CUTLERY WRAPPING SECOND SERVICE - A330-3,SER,EA,96,1,8.435,8.44
BGI3,15/01/25,78,SI011876,Y,VS,3YS071,32673-CULT WASH-PL 1SER 300,32673,PACKING - CUTLERY WASHUP - POLISHING FIRST SERVICE,SER,EA,96,1,27.272,27.27
BGI3,15/01/25,78,SI011876,Y,VS,3YS072,33141-CULT WASH-PL 2SER 300,33141,PACKING - CUTLERY WASHUP - POLISHING SECOND SERVIC,SER,EA,96,1,18.363,18.36
BGI3,15/01/25,78,SI011876,Y,VS,3YS095,25127- CUTL WSH-POL A330,25127,PACKING - CUTLERY WASHUP - POLISHING - A330-300,SER,EA,96,1,54.402,54.4
BGI3,15/01/25,78,SI011876,Y,VS,FAN17,19382-MILK 100% [Y],19382,FULL FAT MILK - PINT,STO,EA,96,2,4.805,9.61
BGI3,15/01/25,78,SI011876,Y,VS,FAN18,19384- MILK 2% [Y],19384,SEMI SKIMMED MILK - PINT,STO,EA,96,4,4.805,19.22
BGI3,15/01/25,78,SI011876,Y,VS,FAN19,7042-LEMON HALVES [Y],7042,LIME WEDGES,FOO,EA,96,4,5.125,20.5
BGI3,15/01/25,78,SI011876,Y,VS,FAN20,19380- WET ICE [6LB BAG] [Y],19380,WET ICE,WET,EA,96,4,2.942,11.77
BGI3,15/01/25,78,SI011876,Y,VS,YBE11,174148-BREAKFAST BOX,174148,,,EA,96,89,8.412,748.67
BGI3,15/01/25,78,SI011876,Y,VS,YBE24,LO6953-OTIS SPUNKMEYER MUFFIN,LO6953,OTIS SPUNKMEYER MUFFIN,FOO,EA,96,89,1.872,166.61
BGI3,15/01/25,78,SI011876,Y,VS,YDE116,LO7778 - RO CHIX W PEPPERCORN,LO7778,ROASTED CHIX PEPPER SAU MASHED POTATO VEG,FOO,EA,96,62,8.748,542.38
BGI3,15/01/25,78,SI011876,Y,VS,YDE117,LO7779 - MAC PIE W TOM SAUCE,LO7779,MACARONI PIE TOMATO ROSE CREAMY SAUCE,FOO,EA,96,27,5.378,145.21
BGI3,15/01/25,78,SI011876,Y,VS,YDT30,LO2623 - MAIN MEAL TRAY SET UP,LO2623,TRAY SET UP,SER,EA,96,89,8.72,776.08
BGI3,15/01/25,78,SI011876,Y,VS,YPAX03,23240- PER PASSENGER CHARGE[Y],23240,OVERHEAD - Y PAX OVERHEAD - PER PAX,SER,EA,96,90,13.856,1247.04
BGI3,15/01/25,78,SI011876,YC,VS,2CE069, COCO CURRY,LO8708,WILD RICE COCONUT CURRY SAUCE VEG,FOO,EA,12,3,6.438,19.31
BGI3,15/01/25,78,SI011876,YC,VS,2CE070,LO8709 - GARLIC MASH CHIX THIG,LO8709,GARLIC MASH SEARED CHIX GREEN PEPPERCORN SAUCE,FOO,EA,12,3,10.838,32.51
BGI3,15/01/25,78,SI011876,YC,VS,2CE071,LO8710 - MAHI W GARL ORZO PAS,LO8710,SEARED MAHI ORZO PASTA CREOLE SAUCE VEG,FOO,EA,12,2,12.378,24.76
BGI3,15/01/25,78,SI011876,YC,VS,2CE072,LO8711 - PORKLOIN W PO GRATIN,LO8711,SEARED PORK POTATO GRATIN VEG,FOO,EA,12,2,13.84,27.68
BGI3,15/01/25,78,SI011876,YC,VS,2CE073,LO8712 - CHEESE RAVIOLI,LO8712,CHEESE RAVIOLI,FOO,EA,12,2,8.718,17.44
BGI3,15/01/25,78,SI011876,YC,VS,2CFF11,LO4110-WHOLE FRUIT 1,LO4110,SEASONAL WHOLE FRUIT OPTION 1,FOO,EA,12,6,4.622,27.73
BGI3,15/01/25,78,SI011876,YC,VS,2CFF12,LO4111-WHOLE FRUIT 2,LO4111,SEASONAL WHOLE FRUIT OPTION 2,FOO,EA,12,6,4.62,27.72
BGI3,15/01/25,78,SI011876,YC,VS,2CFS44,LO5113- EGG SALAD SANDWICH,LO5113,EGG SALAD SANDWICH,FOO,EA,12,3,5.374,16.12
BGI3,15/01/25,78,SI011876,YC,VS,2CFS45,LO5115- TUNASALAD SANDWICH,LO5115,TUNA SALAD SANDWICH,FOO,EA,12,2,6.734,13.47
BGI3,15/01/25,78,SI011876,YC,VS,2CFS49,LO5119- BAP - STREAKY BACON,LO5119,SCOTTISH BAP WITH BACON,FOO,EA,12,4,4.866,19.46
BGI3,15/01/25,78,SI011876,YC,VS,2CFS52,LO5368- PLAIN BAGEL -PC CR CH,LO5368,PLAIN BAGEL WITH PC CREAM CHEESE,FOO,EA,12,4,4.086,16.34
BGI3,15/01/25,78,SI011876,YC,VS,2CFS77,LO8713 - HAM SANDWICH,LO8713,HAM SANDWICH,FOO,EA,12,3,7.734,23.2
BGI3,15/01/25,78,SI011876,YC,VS,2CFS78,LO8714 - CHEESE TOMATO WRAP,LO8714,CHEESE TOMATO CUCUMBER WRAP,FOO,EA,12,2,6.694,13.39
BGI3,15/01/25,78,SI011876,YC,VS,2CFS79,LO8715 - CHICKEN CHEESE BAGEL,LO8715,CHICKEN AND CHEESE BAGEL,FOO,EA,12,2,5.014,10.03
BGI3,15/01/25,78,SI011876,YC,VS,2CFS80,LO8716 - TURKEY SANDWICH,LO8716,TURKEY SANDWICH,FOO,EA,12,4,7.896,31.58
BGI3,15/01/25,78,SI011876,YC,VS,2CFS81, CHUTNE,LO8718,TILLAMOOK CHEESE CARR TROPICAL CHUTNEY,FOO,EA,12,6,6.788,40.73
BGI3,15/01/25,78,SI011876,YC,VS,2CFS82,LO8717 - PROTEIN POT W OLIVES,LO8717,PUMPKIN HUMMUS C CHEESE BLACK OLIVES PITTA BREAD T,FOO,EA,12,6,6.904,41.42
BGI3,15/01/25,78,SI011876,YC,VS,CPAX02,28728- C CREW SVC CHARGE,28728,OVERHEAD - CC OVERHEAD - PER PAX,SER,EA,12,12,25.48,305.76
BGI3,15/01/25,132,SI011875,F,VS,1OCM2,SP170099 - OCML,SP170099,OCML,FOO,EA,44,1,12.42,12.42
BGI3,15/01/25,132,SI011875,F,VS,1POAM2,SP170097 - OAML,SP170097,OAML,FOO,EA,44,2,12.582,25.16
BGI3,15/01/25,132,SI011875,F,VS,1POBM2,SP170098 - OBML,SP170098,OBML,FOO,EA,44,2,14.292,28.58
BGI3,15/01/25,132,SI011875,F,VS,1POSML,SP170101 - OSML,SP170101,OSML,FOO,EA,44,2,10.91,21.82
BGI3,15/01/25,132,SI011875,F,VS,1POTML,SP170102 - OTML,SP170102,OTML,FOO,EA,44,1,9.48,9.48
BGI3,15/01/25,132,SI011875,F,VS,1POUML,SP173624 - OUML,SP173624,OUML,FOO,EA,44,6,12.36,74.16
BGI3,15/01/25,132,SI011875,F,VS,FAN12,19381- MILK 100%,19381,FULL FAT MILK - PINT,STO,EA,44,5,4.805,24.03
BGI3,15/01/25,132,SI011875,F,VS,FAN13,19383- MILK 2%,19383,SEMI SKIMMED MILK - PINT,STO,EA,44,2,4.805,9.61
BGI3,15/01/25,132,SI011875,F,VS,FAN14,19385-LEMON HALVES,19385,LEMON WEDGES,FOO,EA,44,3,5.125,15.38
BGI3,15/01/25,132,SI011875,F,VS,FAN21,19379-WET ICE[6LB BAG],19379,WET ICE,WET,EA,44,6,2.942,17.65
BGI3,15/01/25,132,SI011875,F,VS,FAN23,LO7607-CUCUMBER SLICES,LO7607,CUCUMBER SLICES,FOO,EA,44,1,7.686,7.69
BGI3,15/01/25,132,SI011875,F,VS,FAN30,7041- LIME WEDGES,7041,LIME WEDGES,FOO,EA,44,2,4.78,9.56
BGI3,15/01/25,132,SI011875,F,VS,FAN33,23212 - BULK EQUIPMENT,23212,BULK EQUIPMENT,EQU,EA,44,40,1.779,71.16
BGI3,15/01/25,132,SI011875,F,VS,FBD91,LO7757 -WHOLE WHEAT - FLAXSEED,LO7757,WHOLE WHEAT - FLAXSEED KNOT ROLL,FOO,EA,44,22,2.446,53.81
BGI3,15/01/25,132,SI011875,F,VS,FBD92,LO7758 -BLACK OLIVE - GAR ROLL,LO7758,BLACK OLIVE AND GARLIC ROLL,FOO,EA,44,22,2.516,55.35
BGI3,15/01/25,132,SI011875,F,VS,FBD93,LO7759 -CHEDDAR - ONION ROLL,LO7759,CHEDDAR CHEESE AND ONION ROLL,FOO,EA,44,22,2.446,53.81
BGI3,15/01/25,132,SI011875,F,VS,FBT14,LO7770- FRUIT PLATE,LO7770,FRUIT PLATE,FOO,EA,44,22,6.598,145.16
BGI3,15/01/25,132,SI011875,F,VS,FBT16,LO7126 - PLAIN GREEK YOGH FULL,LO7126,PLAIN GREEK YOGHURT - 907 GRAMS,STO,EA,44,1,13.612,13.61
BGI3,15/01/25,132,SI011875,F,VS,FBT17,LO7127- GRANOLA FULL,LO7127,GRANOLA WHOLE GRAIN - 360 GRAMS,STO,EA,44,1,16.562,16.56
BGI3,15/01/25,132,SI011875,F,VS,FBT18,LO7771 - BANANA MUFFIN,LO7771,BANANA MUFFIN,FOO,EA,44,22,3.272,71.98
BGI3,15/01/25,132,SI011875,F,VS,FCE155,LO7764 -HERB CHIX W POT GRATIN,LO7764,HERBED CHIX POTATO GRATIN CORN AND PEPPER,FOO,EA,44,15,12.582,188.73
BGI3,15/01/25,132,SI011875,F,VS,FCE156,LO7765 - MAHI MAHI W WILD RICE,LO7765,SPICED MAHI TURMERIC WILD RICE COCONUT CURRY,FOO,EA,44,9,14.292,128.63
BGI3,15/01/25,132,SI011875,F,VS,FCE157,LO7766 - VEG LASAGNA,LO7766,VEGETABLE LASGNA DUO SCALES,FOO,EA,44,6,12.42,74.52
BGI3,15/01/25,132,SI011875,F,VS,FCF16,LO5500- PICK YOUR OWN,LO5500,CARIBBEAN FRUIT WHOLE [ASSORTED],FOO,EA,44,1,26.288,26.29
BGI3,15/01/25,132,SI011875,F,VS,FCS153,LO8803 - JERK PORK SATAYS,LO8803,,,EA,44,22,6.072,133.58
BGI3,15/01/25,132,SI011875,F,VS,FCS154,LO8804 - PUMKIN HUMMUS,LO8804,,,EA,44,26,5.176,134.58
BGI3,15/01/25,132,SI011875,F,VS,FDD106,LO7762 -SAVOURY CHEESE PLATE,LO7762,STILTON CHEEDAR GOAT GRAPE CHUTNEY,FOO,EA,44,26,7.53,195.78
BGI3,15/01/25,132,SI011875,F,VS,FDD108,LO8805 - DOUBLE CHOC CHE CAKE,LO8805,,,EA,44,18,5.38,96.84
BGI3,15/01/25,132,SI011875,F,VS,FDD109,LO8806 - CARAMEL - PUMKIN BREA,LO8806,,,EA,44,22,4.83,106.26
BGI3,15/01/25,132,SI011875,F,VS,FDT007,LO4801- BUTTER,LO4801,BUTTER [PIPED] BULK LOAED,FOO,EA,44,44,1.042,45.85
BGI3,15/01/25,132,SI011875,F,VS,FHB69,LO4240-BACON BAP,LO4240,BACON BAP,FOO,EA,44,15,5.18,77.7
BGI3,15/01/25,132,SI011875,F,VS,FHB83,LO7767 -SCRAM EGG BB SAUS,LO7767,SCRAMBLE EGGS BACK BACON SAUSAGE BAKED BEANS,FOO,EA,44,22,9.72,213.84
BGI3,15/01/25,132,SI011875,F,VS,FHB84,LO7768 - PEPP - CHEE OMELETTE,LO7768,PEPPER AND CHEESE OMELETTE SPINACH SWEET POTATO,FOO,EA,44,7,7.85,54.95
BGI3,15/01/25,132,SI011875,F,VS,FHB85,LO7769 - CHOCO CHIP PANCAKE,LO7769,CHOCOLATE CHIP PANCAKESPICED PINEAPPLE AND BERRY C,FOO,EA,44,9,6.31,56.79
BGI3,15/01/25,132,SI011875,F,VS,FPAX04,23234-PER PASSENGER CHARGE,23234,OVERHEAD - J PAX OVERHEAD - PER PAX,SER,EA,44,40,36.774,1470.96
BGI3,15/01/25,132,SI011875,J,VS,1JFP01,SP124635 - FPML [J/C],SP124635,FPML,FOO,EA,38,2,18.156,36.31
BGI3,15/01/25,132,SI011875,J,VS,1PWAM2,SP170105 - WAM2,SP170105,WAML,FOO,EA,38,13,8.69,112.97
BGI3,15/01/25,132,SI011875,J,VS,1PWBM2,SP170106 - WBM2,SP170106,WBML,FOO,EA,38,4,11.298,45.19
BGI3,15/01/25,132,SI011875,J,VS,1PWCM2,SP170107 - WCM2,SP170107,WCML,FOO,EA,38,1,7.248,7.25
BGI3,15/01/25,132,SI011875,J,VS,JBE41, PORK SAUG,LO7775,SCRAMBLE EGG PORK SAUSAGE BACK BACON BAKED BEANS,FOO,EA,38,18,6.378,114.8
BGI3,15/01/25,132,SI011875,J,VS,JBE42,LO7776 -EGG - VEG FRITATTA,LO7776,EGG - VEGETABLE FRITATTA SWEET POTATO BLISTERED CH,FOO,EA,38,7,7.518,52.63
BGI3,15/01/25,132,SI011875,J,VS,JBE43,LO7777 -CHOC CHIP PANCAKES,LO7777,CHOCOLATE CHIP PANCAKE CARMALIZED PINEAPPLE AND BE,FOO,EA,38,11,5.378,59.16
BGI3,15/01/25,132,SI011875,J,VS,JCE119,LO7772 -CREOLE CHIX W GAR ORZO,LO7772,SEARED CHIX CREOLE SAUCE GARLIZ ORZO,FOO,EA,38,12,8.69,104.28
BGI3,15/01/25,132,SI011875,J,VS,JCE121,LO7773 -MAHI MAHI W MAS POT,LO7773,SEARED MAHI GARLIC MASH BLISTETED TOMATO,FOO,EA,38,5,11.298,56.49
BGI3,15/01/25,132,SI011875,J,VS,JCE122,LO7774-WILD RICE COCO CURRY,LO7774,WILD RICE COCONUT CURRY SAUCE FRIED PLANTAIN,FOO,EA,38,4,7.248,28.99
BGI3,15/01/25,132,SI011875,J,VS,JDT33,LO2622- TRAY SET MM,LO2622,TRAY SET UP,SER,EA,38,36,16.138,580.97
BGI3,15/01/25,132,SI011875,J,VS,JPAX02,23237-PER PASSENGER CHARGE,23237,OVERHEAD - W PAX OVERHEAD - PER PAX,SER,EA,38,34,16.939,575.93
BGI3,15/01/25,132,SI011875,Y,VS,1YCH04,SP124709- CHML [Y/C],SP124709,CHML,FOO,EA,118,3,14.622,43.87
BGI3,15/01/25,132,SI011875,Y,VS,1YGF01,SP124706 - GFML [Y/C],SP124706,GFML,FOO,EA,118,1,22.504,22.5
BGI3,15/01/25,132,SI011875,Y,VS,1YHN01,SP124703 - HNML [Y/C],SP124703,HNML,FOO,EA,118,4,17.178,68.71
BGI3,15/01/25,132,SI011875,Y,VS,1YLF01,SP124704 - LFML [Y/C],SP124704,LFML,FOO,EA,118,1,22.504,22.5
BGI3,15/01/25,132,SI011875,Y,VS,1YVG01,SP124699- VGML [Y/C],SP124699,VGML,FOO,EA,118,3,14.694,44.08
BGI3,15/01/25,132,SI011875,Y,VS,1YVL01,SP124698- VLML [Y/C],SP124698,VLML,FOO,EA,118,1,12.154,12.15
BGI3,15/01/25,132,SI011875,Y,VS,3YDS01,3354- ORANGE JUICE-1LT,3354,BEVERAGES - ORANGE JUICE - 1 LT,STO,EA,118,20,2.124,42.48
BGI3,15/01/25,132,SI011875,Y,VS,3YDS02,3335-TOMATO JUICE 1LT,3335,BEVERAGES - TOMATO JUICE - 1 LT,STO,EA,118,2,4.057,8.11
BGI3,15/01/25,132,SI011875,Y,VS,3YDS03,3376-CRANBERRY JUICE,3376,BEVERAGES - CRANBERRY JUICE - 1 LT,STO,EA,118,1,5.101,5.1
BGI3,15/01/25,132,SI011875,Y,VS,3YDS04,3353-APPLE JUICE 1LTR,3353,BEVERAGES - APPLE JUICE - 1 LT,STO,EA,118,15,2.124,31.86
BGI3,15/01/25,132,SI011875,Y,VS,3YDS06,3476-MINERAL WATER 1.5LT,3476,BEVERAGES - MINERAL WATER STILL - 1 LT,STO,EA,118,80,2.36,188.8
BGI3,15/01/25,132,SI011875,Y,VS,3YDS07,33169-SPARKLING WATER 1LT,33169,BEVERAGES - MINERAL WATER SPARK - 1 LT,STO,EA,118,8,3.274,26.19
BGI3,15/01/25,132,SI011875,Y,VS,3YDS11,213774-PLASTIC BAG,213774,EQUIPMENT - BAG- PLASTIC BAG,EQU,EA,118,1,0.368,0.37
BGI3,15/01/25,132,SI011875,Y,VS,3YS022,ORANGE LINEN BAG,151383,LAUNDRY - BAG LINEN ORANGE 2014,LAU,EA,118,1,1.969,1.97
BGI3,15/01/25,132,SI011875,Y,VS,3YS023,LINEN TABLECLOTH,3526,LAUNDRY - TABLE CLOTH/RUNNER 2014,LAU,EA,118,44,0.652,28.69
BGI3,15/01/25,132,SI011875,Y,VS,3YS032,145995-EQUIP PK - STORES 300,145995,PACKING - FLIGHT PACKING - A330-300,SER,EA,118,1,167.95,167.95
BGI3,15/01/25,132,SI011875,Y,VS,3YS035,145991-TRANS.- HANDLING 33J,145991,TURNAROUND - STRIP - LOAD - A330-300 - 3 FLIGHTS,SER,EA,118,1,483.897,483.9
BGI3,15/01/25,132,SI011875,Y,VS,3YS036,145994- WASH UP A330-300,145994,WASH UP - WASH UP - A330-900,SER,EA,118,1,404.383,404.38
BGI3,15/01/25,132,SI011875,Y,VS,3YS038,17.5% VAT ON LAUNDRY CHRG 33J,51069SALE,SALES TAX - LAUNDRY,VAT,EA,118,1,10.961,10.96
BGI3,15/01/25,132,SI011875,Y,VS,3YS063,25137-CUTLERY WRAP 1ST SERV 33,25137,PACKING - CUTLERY WRAPPING FIRST SERVICE - A330-30,SER,EA,118,1,8.435,8.44
BGI3,15/01/25,132,SI011875,Y,VS,3YS064,33819-CUTLERY WRAP 2ND SERV 33,33819,PACKING - CUTLERY WRAPPING SECOND SERVICE - A330-3,SER,EA,118,1,8.435,8.44
BGI3,15/01/25,132,SI011875,Y,VS,3YS071,32673-CULT WASH-PL 1SER 300,32673,PACKING - CUTLERY WASHUP - POLISHING FIRST SERVICE,SER,EA,118,1,27.272,27.27
BGI3,15/01/25,132,SI011875,Y,VS,3YS072,33141-CULT WASH-PL 2SER 300,33141,PACKING - CUTLERY WASHUP - POLISHING SECOND SERVIC,SER,EA,118,1,18.363,18.36
BGI3,15/01/25,132,SI011875,Y,VS,3YS095,25127- CUTL WSH-POL A330,25127,PACKING - CUTLERY WASHUP - POLISHING - A330-300,SER,EA,118,1,54.402,54.4
BGI3,15/01/25,132,SI011875,Y,VS,FAN17,19382-MILK 100% [Y],19382,FULL FAT MILK - PINT,STO,EA,118,2,4.805,9.61
BGI3,15/01/25,132,SI011875,Y,VS,FAN18,19384- MILK 2% [Y],19384,SEMI SKIMMED MILK - PINT,STO,EA,118,4,4.805,19.22
BGI3,15/01/25,132,SI011875,Y,VS,FAN19,7042-LEMON HALVES [Y],7042,LIME WEDGES,FOO,EA,118,5,5.125,25.63
BGI3,15/01/25,132,SI011875,Y,VS,FAN20,19380- WET ICE [6LB BAG] [Y],19380,WET ICE,WET,EA,118,5,2.942,14.71
BGI3,15/01/25,132,SI011875,Y,VS,YBE11,174148-BREAKFAST BOX,174148,,,EA,118,105,8.412,883.26
BGI3,15/01/25,132,SI011875,Y,VS,YBE24,LO6953-OTIS SPUNKMEYER MUFFIN,LO6953,OTIS SPUNKMEYER MUFFIN,FOO,EA,118,105,1.872,196.56
BGI3,15/01/25,132,SI011875,Y,VS,YDE116,LO7778 - RO CHIX W PEPPERCORN,LO7778,ROASTED CHIX PEPPER SAU MASHED POTATO VEG,FOO,EA,118,74,8.748,647.35
BGI3,15/01/25,132,SI011875,Y,VS,YDE117,LO7779 - MAC PIE W TOM SAUCE,LO7779,MACARONI PIE TOMATO ROSE CREAMY SAUCE,FOO,EA,118,31,5.378,166.72
BGI3,15/01/25,132,SI011875,Y,VS,YDT30,LO2623 - MAIN MEAL TRAY SET UP,LO2623,TRAY SET UP,SER,EA,118,105,8.72,915.6
BGI3,15/01/25,132,SI011875,Y,VS,YPAX03,23240- PER PASSENGER CHARGE[Y],23240,OVERHEAD - Y PAX OVERHEAD - PER PAX,SER,EA,118,113,13.856,1565.73
BGI3,15/01/25,132,SI011875,YC,VS,2CE069, COCO CURRY,LO8708,WILD RICE COCONUT CURRY SAUCE VEG,FOO,EA,12,3,6.438,19.31
BGI3,15/01/25,132,SI011875,YC,VS,2CE070,LO8709 - GARLIC MASH CHIX THIG,LO8709,GARLIC MASH SEARED CHIX GREEN PEPPERCORN SAUCE,FOO,EA,12,3,10.838,32.51
BGI3,15/01/25,132,SI011875,YC,VS,2CE071,LO8710 - MAHI W GARL ORZO PAS,LO8710,SEARED MAHI ORZO PASTA CREOLE SAUCE VEG,FOO,EA,12,2,12.378,24.76
BGI3,15/01/25,132,SI011875,YC,VS,2CE072,LO8711 - PORKLOIN W PO GRATIN,LO8711,SEARED PORK POTATO GRATIN VEG,FOO,EA,12,2,13.84,27.68
BGI3,15/01/25,132,SI011875,YC,VS,2CE073,LO8712 - CHEESE RAVIOLI,LO8712,CHEESE RAVIOLI,FOO,EA,12,2,8.718,17.44
BGI3,15/01/25,132,SI011875,YC,VS,2CFF11,LO4110-WHOLE FRUIT 1,LO4110,SEASONAL WHOLE FRUIT OPTION 1,FOO,EA,12,6,4.622,27.73
BGI3,15/01/25,132,SI011875,YC,VS,2CFF12,LO4111-WHOLE FRUIT 2,LO4111,SEASONAL WHOLE FRUIT OPTION 2,FOO,EA,12,6,4.62,27.72
BGI3,15/01/25,132,SI011875,YC,VS,2CFS44,LO5113- EGG SALAD SANDWICH,LO5113,EGG SALAD SANDWICH,FOO,EA,12,3,5.374,16.12
BGI3,15/01/25,132,SI011875,YC,VS,2CFS45,LO5115- TUNASALAD SANDWICH,LO5115,TUNA SALAD SANDWICH,FOO,EA,12,2,6.734,13.47
BGI3,15/01/25,132,SI011875,YC,VS,2CFS49,LO5119- BAP - STREAKY BACON,LO5119,SCOTTISH BAP WITH BACON,FOO,EA,12,4,4.866,19.46
BGI3,15/01/25,132,SI011875,YC,VS,2CFS52,LO5368- PLAIN BAGEL -PC CR CH,LO5368,PLAIN BAGEL WITH PC CREAM CHEESE,FOO,EA,12,4,4.086,16.34
BGI3,15/01/25,132,SI011875,YC,VS,2CFS77,LO8713 - HAM SANDWICH,LO8713,HAM SANDWICH,FOO,EA,12,3,7.734,23.2
BGI3,15/01/25,132,SI011875,YC,VS,2CFS78,LO8714 - CHEESE TOMATO WRAP,LO8714,CHEESE TOMATO CUCUMBER WRAP,FOO,EA,12,2,6.694,13.39
BGI3,15/01/25,132,SI011875,YC,VS,2CFS79,LO8715 - CHICKEN CHEESE BAGEL,LO8715,CHICKEN AND CHEESE BAGEL,FOO,EA,12,2,5.014,10.03
BGI3,15/01/25,132,SI011875,YC,VS,2CFS80,LO8716 - TURKEY SANDWICH,LO8716,TURKEY SANDWICH,FOO,EA,12,4,7.896,31.58
BGI3,15/01/25,132,SI011875,YC,VS,2CFS81, CHUTNE,LO8718,TILLAMOOK CHEESE CARR TROPICAL CHUTNEY,FOO,EA,12,6,6.788,40.73
BGI3,15/01/25,132,SI011875,YC,VS,2CFS82,LO8717 - PROTEIN POT W OLIVES,LO8717,PUMPKIN HUMMUS C CHEESE BLACK OLIVES PITTA BREAD T,FOO,EA,12,6,6.904,41.42
BGI3,15/01/25,132,SI011875,YC,VS,CPAX02,28728- C CREW SVC CHARGE,28728,OVERHEAD - CC OVERHEAD - PER PAX,SER,EA,12,12,25.48,305.76
BGI3,15/01/25,198A,SI011878,F,VS,FPAX06,F PAX CHG SHUTTLE,23234ISLAND,OVERHEAD - J INTERISLAND OVERHEAD - PER PAX,SER,EA,8,8,0.831,6.65
BGI3,15/01/25,198A,SI011878,F,VS,JSN04,LO7128 - ORIGINAL SHIRLEY,LO7128,ORIGINAL SHIRLEY BISCUIT,STO,EA,8,8,1.096,8.77
BGI3,15/01/25,198A,SI011878,J,VS,JPAX03,J PAX CHG SHUTTLE,23237ISLAND,OVERHEAD - W INTERISLAND OVERHEAD - PER PAX,SER,EA,18,18,0.831,14.96
BGI3,15/01/25,198A,SI011878,J,VS,JSN05,LO7135 - ORIGINAL SHIRLEY,LO7135,ORIGINAL SHIRLEY BISCUIT,STO,EA,18,18,1.096,19.73
BGI3,15/01/25,198A,SI011878,Y,VS,JSN06,LO7138 - ORIGINAL SHIRLEY,LO7138,ORIGINAL SHIRLEY BISCUIT,STO,EA,182,182,1.096,199.47
BGI3,15/01/25,198A,SI011878,Y,VS,YPAX04,Y PAX CHG SHUTTLE,23240ISLAND,OVERHEAD - Y INTERISLAND OVERHEAD - PER PAX,SER,EA,182,182,0.831,151.24
BGI3,15/01/25,198A,SI011878,YC,VS,FAN35,WATER 1.5LT,LO2664,INTERISLAND 1.5 LTR WATER,STO,EA,12,12,2.36,28.32
BGI3,16/01/25,78,SI011879,F,VS,1POAM2,SP170097 - OAML,SP170097,OAML,FOO,EA,31,1,12.582,12.58
BGI3,16/01/25,78,SI011879,F,VS,1POBM2,SP170098 - OBML,SP170098,OBML,FOO,EA,31,1,14.292,14.29
BGI3,16/01/25,78,SI011879,F,VS,1POUML,SP173624 - OUML,SP173624,OUML,FOO,EA,31,4,12.36,49.44
BGI3,16/01/25,78,SI011879,F,VS,FAN12,19381- MILK 100%,19381,FULL FAT MILK - PINT,STO,EA,31,4,4.805,19.22
BGI3,16/01/25,78,SI011879,F,VS,FAN13,19383- MILK 2%,19383,SEMI SKIMMED MILK - PINT,STO,EA,31,2,4.805,9.61
BGI3,16/01/25,78,SI011879,F,VS,FAN14,19385-LEMON HALVES,19385,LEMON WEDGES,FOO,EA,31,2,5.125,10.25
BGI3,16/01/25,78,SI011879,F,VS,FAN21,19379-WET ICE[6LB BAG],19379,WET ICE,WET,EA,31,4,2.942,11.77
BGI3,16/01/25,78,SI011879,F,VS,FAN23,LO7607-CUCUMBER SLICES,LO7607,CUCUMBER SLICES,FOO,EA,31,1,7.686,7.69
BGI3,16/01/25,78,SI011879,F,VS,FAN30,7041- LIME WEDGES,7041,LIME WEDGES,FOO,EA,31,2,4.78,9.56
BGI3,16/01/25,78,SI011879,F,VS,FAN33,23212 - BULK EQUIPMENT,23212,BULK EQUIPMENT,EQU,EA,31,30,1.779,53.37
BGI3,16/01/25,78,SI011879,F,VS,FBD91,LO7757 -WHOLE WHEAT - FLAXSEED,LO7757,WHOLE WHEAT - FLAXSEED KNOT ROLL,FOO,EA,31,16,2.446,39.14
BGI3,16/01/25,78,SI011879,F,VS,FBD92,LO7758 -BLACK OLIVE - GAR ROLL,LO7758,BLACK OLIVE AND GARLIC ROLL,FOO,EA,31,16,2.516,40.26
BGI3,16/01/25,78,SI011879,F,VS,FBD93,LO7759 -CHEDDAR - ONION ROLL,LO7759,CHEDDAR CHEESE AND ONION ROLL,FOO,EA,31,15,2.446,36.69
BGI3,16/01/25,78,SI011879,F,VS,FBT14,LO7770- FRUIT PLATE,LO7770,FRUIT PLATE,FOO,EA,31,16,6.598,105.57
BGI3,16/01/25,78,SI011879,F,VS,FBT16,LO7126 - PLAIN GREEK YOGH FULL,LO7126,PLAIN GREEK YOGHURT - 907 GRAMS,STO,EA,31,1,13.612,13.61
BGI3,16/01/25,78,SI011879,F,VS,FBT17,LO7127- GRANOLA FULL,LO7127,GRANOLA WHOLE GRAIN - 360 GRAMS,STO,EA,31,1,16.562,16.56
BGI3,16/01/25,78,SI011879,F,VS,FBT18,LO7771 - BANANA MUFFIN,LO7771,BANANA MUFFIN,FOO,EA,31,16,3.272,52.35
BGI3,16/01/25,78,SI011879,F,VS,FCE155,LO7764 -HERB CHIX W POT GRATIN,LO7764,HERBED CHIX POTATO GRATIN CORN AND PEPPER,FOO,EA,31,13,12.582,163.57
BGI3,16/01/25,78,SI011879,F,VS,FCE156,LO7765 - MAHI MAHI W WILD RICE,LO7765,SPICED MAHI TURMERIC WILD RICE COCONUT CURRY,FOO,EA,31,8,14.292,114.34
BGI3,16/01/25,78,SI011879,F,VS,FCE157,LO7766 - VEG LASAGNA,LO7766,VEGETABLE LASGNA DUO SCALES,FOO,EA,31,5,12.42,62.1
BGI3,16/01/25,78,SI011879,F,VS,FCF16,LO5500- PICK YOUR OWN,LO5500,CARIBBEAN FRUIT WHOLE [ASSORTED],FOO,EA,31,1,26.288,26.29
BGI3,16/01/25,78,SI011879,F,VS,FCS153,LO8803 - JERK PORK SATAYS,LO8803,,,EA,31,16,6.072,97.15
BGI3,16/01/25,78,SI011879,F,VS,FCS154,LO8804 - PUMKIN HUMMUS,LO8804,,,EA,31,18,5.176,93.17
BGI3,16/01/25,78,SI011879,F,VS,FDD106,LO7762 -SAVOURY CHEESE PLATE,LO7762,STILTON CHEEDAR GOAT GRAPE CHUTNEY,FOO,EA,31,19,7.53,143.07
BGI3,16/01/25,78,SI011879,F,VS,FDD108,LO8805 - DOUBLE CHOC CHE CAKE,LO8805,,,EA,31,12,5.38,64.56
BGI3,16/01/25,78,SI011879,F,VS,FDD109,LO8806 - CARAMEL - PUMKIN BREA,LO8806,,,EA,31,16,4.83,77.28
BGI3,16/01/25,78,SI011879,F,VS,FDT007,LO4801- BUTTER,LO4801,BUTTER [PIPED] BULK LOAED,FOO,EA,31,31,1.042,32.3
BGI3,16/01/25,78,SI011879,F,VS,FHB69,LO4240-BACON BAP,LO4240,BACON BAP,FOO,EA,31,6,5.18,31.08
BGI3,16/01/25,78,SI011879,F,VS,FHB83,LO7767 -SCRAM EGG BB SAUS,LO7767,SCRAMBLE EGGS BACK BACON SAUSAGE BAKED BEANS,FOO,EA,31,16,9.72,155.52
BGI3,16/01/25,78,SI011879,F,VS,FHB84,LO7768 - PEPP - CHEE OMELETTE,LO7768,PEPPER AND CHEESE OMELETTE SPINACH SWEET POTATO,FOO,EA,31,6,7.85,47.1
BGI3,16/01/25,78,SI011879,F,VS,FHB85,LO7769 - CHOCO CHIP PANCAKE,LO7769,CHOCOLATE CHIP PANCAKESPICED PINEAPPLE AND BERRY C,FOO,EA,31,9,6.31,56.79
BGI3,16/01/25,78,SI011879,F,VS,FPAX04,23234-PER PASSENGER CHARGE,23234,OVERHEAD - J PAX OVERHEAD - PER PAX,SER,EA,31,30,36.774,1103.22
BGI3,16/01/25,78,SI011879,J,VS,1JAV01,SP124622 - AVML [J/C],SP124622,AVML,FOO,EA,35,1,15.115,15.12
BGI3,16/01/25,78,SI011879,J,VS,1JGF01,SP124628 - GFML [J/C],SP124628,GFML,FOO,EA,35,1,22.504,22.5
BGI3,16/01/25,78,SI011879,J,VS,1JHN01,SP124625 - HNML [J/C],SP124625,HNML,FOO,EA,35,1,17.188,17.19
BGI3,16/01/25,78,SI011879,J,VS,1JVL01,SP124620 - VLML [J/C],SP124620,VLML,FOO,EA,35,2,12.174,24.35
BGI3,16/01/25,78,SI011879,J,VS,1PWAM2,SP170105 - WAM2,SP170105,WAML,FOO,EA,35,10,8.69,86.9
BGI3,16/01/25,78,SI011879,J,VS,1PWBM2,SP170106 - WBM2,SP170106,WBML,FOO,EA,35,1,11.298,11.3
BGI3,16/01/25,78,SI011879,J,VS,1PWCM2,SP170107 - WCM2,SP170107,WCML,FOO,EA,35,1,7.248,7.25
BGI3,16/01/25,78,SI011879,J,VS,JBE41, PORK SAUG,LO7775,SCRAMBLE EGG PORK SAUSAGE BACK BACON BAKED BEANS,FOO,EA,35,15,6.378,95.67
BGI3,16/01/25,78,SI011879,J,VS,JBE42,LO7776 -EGG - VEG FRITATTA,LO7776,EGG - VEGETABLE FRITATTA SWEET POTATO BLISTERED CH,FOO,EA,35,6,7.518,45.11
BGI3,16/01/25,78,SI011879,J,VS,JBE43,LO7777 -CHOC CHIP PANCAKES,LO7777,CHOCOLATE CHIP PANCAKE CARMALIZED PINEAPPLE AND BE,FOO,EA,35,9,5.378,48.4
BGI3,16/01/25,78,SI011879,J,VS,JCE119,LO7772 -CREOLE CHIX W GAR ORZO,LO7772,SEARED CHIX CREOLE SAUCE GARLIZ ORZO,FOO,EA,35,12,8.69,104.28
BGI3,16/01/25,78,SI011879,J,VS,JCE121,LO7773 -MAHI MAHI W MAS POT,LO7773,SEARED MAHI GARLIC MASH BLISTETED TOMATO,FOO,EA,35,5,11.298,56.49
BGI3,16/01/25,78,SI011879,J,VS,JCE122,LO7774-WILD RICE COCO CURRY,LO7774,WILD RICE COCONUT CURRY SAUCE FRIED PLANTAIN,FOO,EA,35,4,7.248,28.99
BGI3,16/01/25,78,SI011879,J,VS,JDT33,LO2622- TRAY SET MM,LO2622,TRAY SET UP,SER,EA,35,30,16.138,484.14
BGI3,16/01/25,78,SI011879,J,VS,JPAX02,23237-PER PASSENGER CHARGE,23237,OVERHEAD - W PAX OVERHEAD - PER PAX,SER,EA,35,34,16.939,575.93
BGI3,16/01/25,78,SI011879,Y,VS,1YGF01,SP124706 - GFML [Y/C],SP124706,GFML,FOO,EA,141,2,22.504,45.01
BGI3,16/01/25,78,SI011879,Y,VS,1YVG01,SP124699- VGML [Y/C],SP124699,VGML,FOO,EA,141,2,14.694,29.39
BGI3,16/01/25,78,SI011879,Y,VS,3YDS01,3354- ORANGE JUICE-1LT,3354,BEVERAGES - ORANGE JUICE - 1 LT,STO,EA,141,26,2.124,55.22
BGI3,16/01/25,78,SI011879,Y,VS,3YDS02,3335-TOMATO JUICE 1LT,3335,BEVERAGES - TOMATO JUICE - 1 LT,STO,EA,141,1,4.057,4.06
BGI3,16/01/25,78,SI011879,Y,VS,3YDS03,3376-CRANBERRY JUICE,3376,BEVERAGES - CRANBERRY JUICE - 1 LT,STO,EA,141,2,5.101,10.2
BGI3,16/01/25,78,SI011879,Y,VS,3YDS04,3353-APPLE JUICE 1LTR,3353,BEVERAGES - APPLE JUICE - 1 LT,STO,EA,141,14,2.124,29.74
BGI3,16/01/25,78,SI011879,Y,VS,3YDS06,3476-MINERAL WATER 1.5LT,3476,BEVERAGES - MINERAL WATER STILL - 1 LT,STO,EA,141,43,2.36,101.48
BGI3,16/01/25,78,SI011879,Y,VS,3YDS07,33169-SPARKLING WATER 1LT,33169,BEVERAGES - MINERAL WATER SPARK - 1 LT,STO,EA,141,12,3.274,39.29
BGI3,16/01/25,78,SI011879,Y,VS,3YDS11,213774-PLASTIC BAG,213774,EQUIPMENT - BAG- PLASTIC BAG,EQU,EA,141,1,0.368,0.37
BGI3,16/01/25,78,SI011879,Y,VS,3YS022,ORANGE LINEN BAG,151383,LAUNDRY - BAG LINEN ORANGE 2014,LAU,EA,141,1,1.969,1.97
BGI3,16/01/25,78,SI011879,Y,VS,3YS023,LINEN TABLECLOTH,3526,LAUNDRY - TABLE CLOTH/RUNNER 2014,LAU,EA,141,33,0.652,21.52
BGI3,16/01/25,78,SI011879,Y,VS,3YS024,LINEN NAPKINS,3527,LAUNDRY - LINEN FOLDED NAPKIN 2014,LAU,EA,141,31,0.522,16.18
BGI3,16/01/25,78,SI011879,Y,VS,3YS032,145995-EQUIP PK - STORES 300,145995,PACKING - FLIGHT PACKING - A330-300,SER,EA,141,1,167.95,167.95
BGI3,16/01/25,78,SI011879,Y,VS,3YS035,145991-TRANS.- HANDLING 33J,145991,TURNAROUND - STRIP - LOAD - A330-300 - 3 FLIGHTS,SER,EA,141,1,483.897,483.9
BGI3,16/01/25,78,SI011879,Y,VS,3YS036,145994- WASH UP A330-300,145994,WASH UP - WASH UP - A330-900,SER,EA,141,1,404.383,404.38
BGI3,16/01/25,78,SI011879,Y,VS,3YS038,17.5% VAT ON LAUNDRY CHRG 33J,51069SALE,SALES TAX - LAUNDRY,VAT,EA,141,1,10.961,10.96
BGI3,16/01/25,78,SI011879,Y,VS,3YS063,25137-CUTLERY WRAP 1ST SERV 33,25137,PACKING - CUTLERY WRAPPING FIRST SERVICE - A330-30,SER,EA,141,1,8.435,8.44
BGI3,16/01/25,78,SI011879,Y,VS,3YS064,33819-CUTLERY WRAP 2ND SERV 33,33819,PACKING - CUTLERY WRAPPING SECOND SERVICE - A330-3,SER,EA,141,1,8.435,8.44
BGI3,16/01/25,78,SI011879,Y,VS,3YS071,32673-CULT WASH-PL 1SER 300,32673,PACKING - CUTLERY WASHUP - POLISHING FIRST SERVICE,SER,EA,141,1,27.272,27.27
BGI3,16/01/25,78,SI011879,Y,VS,3YS072,33141-CULT WASH-PL 2SER 300,33141,PACKING - CUTLERY WASHUP - POLISHING SECOND SERVIC,SER,EA,141,1,18.363,18.36
BGI3,16/01/25,78,SI011879,Y,VS,3YS095,25127- CUTL WSH-POL A330,25127,PACKING - CUTLERY WASHUP - POLISHING - A330-300,SER,EA,141,1,54.402,54.4
BGI3,16/01/25,78,SI011879,Y,VS,FAN17,19382-MILK 100% [Y],19382,FULL FAT MILK - PINT,STO,EA,141,2,4.805,9.61
BGI3,16/01/25,78,SI011879,Y,VS,FAN18,19384- MILK 2% [Y],19384,SEMI SKIMMED MILK - PINT,STO,EA,141,4,4.805,19.22
BGI3,16/01/25,78,SI011879,Y,VS,FAN19,7042-LEMON HALVES [Y],7042,LIME WEDGES,FOO,EA,141,6,5.125,30.75
BGI3,16/01/25,78,SI011879,Y,VS,FAN20,19380- WET ICE [6LB BAG] [Y],19380,WET ICE,WET,EA,141,6,2.942,17.65
BGI3,16/01/25,78,SI011879,Y,VS,YBE11,174148-BREAKFAST BOX,174148,,,EA,141,137,8.412,1152.44
BGI3,16/01/25,78,SI011879,Y,VS,YBE24,LO6953-OTIS SPUNKMEYER MUFFIN,LO6953,OTIS SPUNKMEYER MUFFIN,FOO,EA,141,137,1.872,256.46
BGI3,16/01/25,78,SI011879,Y,VS,YDE116,LO7778 - RO CHIX W PEPPERCORN,LO7778,ROASTED CHIX PEPPER SAU MASHED POTATO VEG,FOO,EA,141,96,8.748,839.81
BGI3,16/01/25,78,SI011879,Y,VS,YDE117,LO7779 - MAC PIE W TOM SAUCE,LO7779,MACARONI PIE TOMATO ROSE CREAMY SAUCE,FOO,EA,141,41,5.378,220.5
BGI3,16/01/25,78,SI011879,Y,VS,YDT30,LO2623 - MAIN MEAL TRAY SET UP,LO2623,TRAY SET UP,SER,EA,141,137,8.72,1194.64
BGI3,16/01/25,78,SI011879,Y,VS,YPAX03,23240- PER PASSENGER CHARGE[Y],23240,OVERHEAD - Y PAX OVERHEAD - PER PAX,SER,EA,141,135,13.856,1870.56
BGI3,16/01/25,78,SI011879,YC,VS,2CE069, COCO CURRY,LO8708,WILD RICE COCONUT CURRY SAUCE VEG,FOO,EA,12,3,6.438,19.31
BGI3,16/01/25,78,SI011879,YC,VS,2CE070,LO8709 - GARLIC MASH CHIX THIG,LO8709,GARLIC MASH SEARED CHIX GREEN PEPPERCORN SAUCE,FOO,EA,12,3,10.838,32.51
BGI3,16/01/25,78,SI011879,YC,VS,2CE071,LO8710 - MAHI W GARL ORZO PAS,LO8710,SEARED MAHI ORZO PASTA CREOLE SAUCE VEG,FOO,EA,12,2,12.378,24.76
BGI3,16/01/25,78,SI011879,YC,VS,2CE072,LO8711 - PORKLOIN W PO GRATIN,LO8711,SEARED PORK POTATO GRATIN VEG,FOO,EA,12,2,13.84,27.68
BGI3,16/01/25,78,SI011879,YC,VS,2CE073,LO8712 - CHEESE RAVIOLI,LO8712,CHEESE RAVIOLI,FOO,EA,12,2,8.718,17.44
BGI3,16/01/25,78,SI011879,YC,VS,2CFF11,LO4110-WHOLE FRUIT 1,LO4110,SEASONAL WHOLE FRUIT OPTION 1,FOO,EA,12,6,4.622,27.73
BGI3,16/01/25,78,SI011879,YC,VS,2CFF12,LO4111-WHOLE FRUIT 2,LO4111,SEASONAL WHOLE FRUIT OPTION 2,FOO,EA,12,6,4.62,27.72
BGI3,16/01/25,78,SI011879,YC,VS,2CFS44,LO5113- EGG SALAD SANDWICH,LO5113,EGG SALAD SANDWICH,FOO,EA,12,3,5.374,16.12
BGI3,16/01/25,78,SI011879,YC,VS,2CFS45,LO5115- TUNASALAD SANDWICH,LO5115,TUNA SALAD SANDWICH,FOO,EA,12,2,6.734,13.47
BGI3,16/01/25,78,SI011879,YC,VS,2CFS49,LO5119- BAP - STREAKY BACON,LO5119,SCOTTISH BAP WITH BACON,FOO,EA,12,4,4.866,19.46
BGI3,16/01/25,78,SI011879,YC,VS,2CFS52,LO5368- PLAIN BAGEL -PC CR CH,LO5368,PLAIN BAGEL WITH PC CREAM CHEESE,FOO,EA,12,4,4.086,16.34
BGI3,16/01/25,78,SI011879,YC,VS,2CFS77,LO8713 - HAM SANDWICH,LO8713,HAM SANDWICH,FOO,EA,12,3,7.734,23.2
BGI3,16/01/25,78,SI011879,YC,VS,2CFS78,LO8714 - CHEESE TOMATO WRAP,LO8714,CHEESE TOMATO CUCUMBER WRAP,FOO,EA,12,2,6.694,13.39
BGI3,16/01/25,78,SI011879,YC,VS,2CFS79,LO8715 - CHICKEN CHEESE BAGEL,LO8715,CHICKEN AND CHEESE BAGEL,FOO,EA,12,2,5.014,10.03
BGI3,16/01/25,78,SI011879,YC,VS,2CFS80,LO8716 - TURKEY SANDWICH,LO8716,TURKEY SANDWICH,FOO,EA,12,4,7.896,31.58
BGI3,16/01/25,78,SI011879,YC,VS,2CFS81, CHUTNE,LO8718,TILLAMOOK CHEESE CARR TROPICAL CHUTNEY,FOO,EA,12,6,6.788,40.73
BGI3,16/01/25,78,SI011879,YC,VS,2CFS82,LO8717 - PROTEIN POT W OLIVES,LO8717,PUMPKIN HUMMUS C CHEESE BLACK OLIVES PITTA BREAD T,FOO,EA,12,6,6.904,41.42
BGI3,16/01/25,78,SI011879,YC,VS,CPAX02,28728- C CREW SVC CHARGE,28728,OVERHEAD - CC OVERHEAD - PER PAX,SER,EA,12,12,25.48,305.76
BGI3,16/01/25,132,SI011880,F,VS,1POAM2,SP170097 - OAML,SP170097,OAML,FOO,EA,44,1,12.582,12.58
BGI3,16/01/25,132,SI011880,F,VS,1POBM2,SP170098 - OBML,SP170098,OBML,FOO,EA,44,1,14.292,14.29
BGI3,16/01/25,132,SI011880,F,VS,1POTML,SP170102 - OTML,SP170102,OTML,FOO,EA,44,7,9.48,66.36
BGI3,16/01/25,132,SI011880,F,VS,1POUML,SP173624 - OUML,SP173624,OUML,FOO,EA,44,4,12.36,49.44
BGI3,16/01/25,132,SI011880,F,VS,FAN12,19381- MILK 100%,19381,FULL FAT MILK - PINT,STO,EA,44,5,4.805,24.03
BGI3,16/01/25,132,SI011880,F,VS,FAN13,19383- MILK 2%,19383,SEMI SKIMMED MILK - PINT,STO,EA,44,2,4.805,9.61
BGI3,16/01/25,132,SI011880,F,VS,FAN14,19385-LEMON HALVES,19385,LEMON WEDGES,FOO,EA,44,3,5.125,15.38
BGI3,16/01/25,132,SI011880,F,VS,FAN21,19379-WET ICE[6LB BAG],19379,WET ICE,WET,EA,44,6,2.942,17.65
BGI3,16/01/25,132,SI011880,F,VS,FAN23,LO7607-CUCUMBER SLICES,LO7607,CUCUMBER SLICES,FOO,EA,44,1,7.686,7.69
BGI3,16/01/25,132,SI011880,F,VS,FAN30,7041- LIME WEDGES,7041,LIME WEDGES,FOO,EA,44,2,4.78,9.56
BGI3,16/01/25,132,SI011880,F,VS,FAN33,23212 - BULK EQUIPMENT,23212,BULK EQUIPMENT,EQU,EA,44,41,1.779,72.94
BGI3,16/01/25,132,SI011880,F,VS,FBD91,LO7757 -WHOLE WHEAT - FLAXSEED,LO7757,WHOLE WHEAT - FLAXSEED KNOT ROLL,FOO,EA,44,22,2.446,53.81
BGI3,16/01/25,132,SI011880,F,VS,FBD92,LO7758 -BLACK OLIVE - GAR ROLL,LO7758,BLACK OLIVE AND GARLIC ROLL,FOO,EA,44,22,2.516,55.35
BGI3,16/01/25,132,SI011880,F,VS,FBD93,LO7759 -CHEDDAR - ONION ROLL,LO7759,CHEDDAR CHEESE AND ONION ROLL,FOO,EA,44,22,2.446,53.81
BGI3,16/01/25,132,SI011880,F,VS,FBT14,LO7770- FRUIT PLATE,LO7770,FRUIT PLATE,FOO,EA,44,22,6.598,145.16
BGI3,16/01/25,132,SI011880,F,VS,FBT16,LO7126 - PLAIN GREEK YOGH FULL,LO7126,PLAIN GREEK YOGHURT - 907 GRAMS,STO,EA,44,1,13.612,13.61
BGI3,16/01/25,132,SI011880,F,VS,FBT17,LO7127- GRANOLA FULL,LO7127,GRANOLA WHOLE GRAIN - 360 GRAMS,STO,EA,44,1,16.562,16.56
BGI3,16/01/25,132,SI011880,F,VS,FBT18,LO7771 - BANANA MUFFIN,LO7771,BANANA MUFFIN,FOO,EA,44,22,3.272,71.98
BGI3,16/01/25,132,SI011880,F,VS,FCE155,LO7764 -HERB CHIX W POT GRATIN,LO7764,HERBED CHIX POTATO GRATIN CORN AND PEPPER,FOO,EA,44,16,12.582,201.31
BGI3,16/01/25,132,SI011880,F,VS,FCE156,LO7765 - MAHI MAHI W WILD RICE,LO7765,SPICED MAHI TURMERIC WILD RICE COCONUT CURRY,FOO,EA,44,9,14.292,128.63
BGI3,16/01/25,132,SI011880,F,VS,FCE157,LO7766 - VEG LASAGNA,LO7766,VEGETABLE LASGNA DUO SCALES,FOO,EA,44,6,12.42,74.52
BGI3,16/01/25,132,SI011880,F,VS,FCF16,LO5500- PICK YOUR OWN,LO5500,CARIBBEAN FRUIT WHOLE [ASSORTED],FOO,EA,44,1,26.288,26.29
BGI3,16/01/25,132,SI011880,F,VS,FCS153,LO8803 - JERK PORK SATAYS,LO8803,,,EA,44,22,6.072,133.58
BGI3,16/01/25,132,SI011880,F,VS,FCS154,LO8804 - PUMKIN HUMMUS,LO8804,,,EA,44,26,5.176,134.58
BGI3,16/01/25,132,SI011880,F,VS,FDD106,LO7762 -SAVOURY CHEESE PLATE,LO7762,STILTON CHEEDAR GOAT GRAPE CHUTNEY,FOO,EA,44,26,7.53,195.78
BGI3,16/01/25,132,SI011880,F,VS,FDD108,LO8805 - DOUBLE CHOC CHE CAKE,LO8805,,,EA,44,18,5.38,96.84
BGI3,16/01/25,132,SI011880,F,VS,FDD109,LO8806 - CARAMEL - PUMKIN BREA,LO8806,,,EA,44,22,4.83,106.26
BGI3,16/01/25,132,SI011880,F,VS,FDT007,LO4801- BUTTER,LO4801,BUTTER [PIPED] BULK LOAED,FOO,EA,44,44,1.042,45.85
BGI3,16/01/25,132,SI011880,F,VS,FHB69,LO4240-BACON BAP,LO4240,BACON BAP,FOO,EA,44,15,5.18,77.7
BGI3,16/01/25,132,SI011880,F,VS,FHB83,LO7767 -SCRAM EGG BB SAUS,LO7767,SCRAMBLE EGGS BACK BACON SAUSAGE BAKED BEANS,FOO,EA,44,22,9.72,213.84
BGI3,16/01/25,132,SI011880,F,VS,FHB84,LO7768 - PEPP - CHEE OMELETTE,LO7768,PEPPER AND CHEESE OMELETTE SPINACH SWEET POTATO,FOO,EA,44,7,7.85,54.95
BGI3,16/01/25,132,SI011880,F,VS,FHB85,LO7769 - CHOCO CHIP PANCAKE,LO7769,CHOCOLATE CHIP PANCAKESPICED PINEAPPLE AND BERRY C,FOO,EA,44,9,6.31,56.79
BGI3,16/01/25,132,SI011880,F,VS,FPAX04,23234-PER PASSENGER CHARGE,23234,OVERHEAD - J PAX OVERHEAD - PER PAX,SER,EA,44,41,36.774,1507.73
BGI3,16/01/25,132,SI011880,J,VS,1JCH03,SP124631 - CHILD MEAL [J/C],SP124631,CHML,FOO,EA,48,4,14.622,58.49
BGI3,16/01/25,132,SI011880,J,VS,1PWAM2,SP170105 - WAM2,SP170105,WAML,FOO,EA,48,10,8.69,86.9
BGI3,16/01/25,132,SI011880,J,VS,1PWBM2,SP170106 - WBM2,SP170106,WBML,FOO,EA,48,5,11.298,56.49
BGI3,16/01/25,132,SI011880,J,VS,1PWCM2,SP170107 - WCM2,SP170107,WCML,FOO,EA,48,3,7.248,21.74
BGI3,16/01/25,132,SI011880,J,VS,JBE41, PORK SAUG,LO7775,SCRAMBLE EGG PORK SAUSAGE BACK BACON BAKED BEANS,FOO,EA,48,22,6.378,140.32
BGI3,16/01/25,132,SI011880,J,VS,JBE42,LO7776 -EGG - VEG FRITATTA,LO7776,EGG - VEGETABLE FRITATTA SWEET POTATO BLISTERED CH,FOO,EA,48,9,7.518,67.66
BGI3,16/01/25,132,SI011880,J,VS,JBE43,LO7777 -CHOC CHIP PANCAKES,LO7777,CHOCOLATE CHIP PANCAKE CARMALIZED PINEAPPLE AND BE,FOO,EA,48,13,5.378,69.91
BGI3,16/01/25,132,SI011880,J,VS,JCE119,LO7772 -CREOLE CHIX W GAR ORZO,LO7772,SEARED CHIX CREOLE SAUCE GARLIZ ORZO,FOO,EA,48,17,8.69,147.73
BGI3,16/01/25,132,SI011880,J,VS,JCE121,LO7773 -MAHI MAHI W MAS POT,LO7773,SEARED MAHI GARLIC MASH BLISTETED TOMATO,FOO,EA,48,8,11.298,90.38
BGI3,16/01/25,132,SI011880,J,VS,JCE122,LO7774-WILD RICE COCO CURRY,LO7774,WILD RICE COCONUT CURRY SAUCE FRIED PLANTAIN,FOO,EA,48,5,7.248,36.24
BGI3,16/01/25,132,SI011880,J,VS,JDT33,LO2622- TRAY SET MM,LO2622,TRAY SET UP,SER,EA,48,44,16.138,710.07
BGI3,16/01/25,132,SI011880,J,VS,JPAX02,23237-PER PASSENGER CHARGE,23237,OVERHEAD - W PAX OVERHEAD - PER PAX,SER,EA,48,46,16.939,779.19
BGI3,16/01/25,132,SI011880,Y,VS,1YAV01,SP124700- AVML [Y/C],SP124700,AVML,FOO,EA,151,3,15.115,45.35
BGI3,16/01/25,132,SI011880,Y,VS,1YGF01,SP124706 - GFML [Y/C],SP124706,GFML,FOO,EA,151,4,22.504,90.02
BGI3,16/01/25,132,SI011880,Y,VS,1YNL01,SP124712 - NLML [Y/C],SP124712,NLML,FOO,EA,151,1,22.504,22.5
BGI3,16/01/25,132,SI011880,Y,VS,3YDS01,3354- ORANGE JUICE-1LT,3354,BEVERAGES - ORANGE JUICE - 1 LT,STO,EA,151,27,2.124,57.35
BGI3,16/01/25,132,SI011880,Y,VS,3YDS02,3335-TOMATO JUICE 1LT,3335,BEVERAGES - TOMATO JUICE - 1 LT,STO,EA,151,5,4.057,20.29
BGI3,16/01/25,132,SI011880,Y,VS,3YDS03,3376-CRANBERRY JUICE,3376,BEVERAGES - CRANBERRY JUICE - 1 LT,STO,EA,151,1,5.101,5.1
BGI3,16/01/25,132,SI011880,Y,VS,3YDS04,3353-APPLE JUICE 1LTR,3353,BEVERAGES - APPLE JUICE - 1 LT,STO,EA,151,18,2.124,38.23
BGI3,16/01/25,132,SI011880,Y,VS,3YDS06,3476-MINERAL WATER 1.5LT,3476,BEVERAGES - MINERAL WATER STILL - 1 LT,STO,EA,151,95,2.36,224.2
BGI3,16/01/25,132,SI011880,Y,VS,3YDS07,33169-SPARKLING WATER 1LT,33169,BEVERAGES - MINERAL WATER SPARK - 1 LT,STO,EA,151,10,3.274,32.74
BGI3,16/01/25,132,SI011880,Y,VS,3YDS11,213774-PLASTIC BAG,213774,EQUIPMENT - BAG- PLASTIC BAG,EQU,EA,151,1,0.368,0.37
BGI3,16/01/25,132,SI011880,Y,VS,3YS022,ORANGE LINEN BAG,151383,LAUNDRY - BAG LINEN ORANGE 2014,LAU,EA,151,1,1.969,1.97
BGI3,16/01/25,132,SI011880,Y,VS,3YS024,LINEN NAPKINS,3527,LAUNDRY - LINEN FOLDED NAPKIN 2014,LAU,EA,151,44,0.522,22.97
BGI3,16/01/25,132,SI011880,Y,VS,3YS032,145995-EQUIP PK - STORES 300,145995,PACKING - FLIGHT PACKING - A330-300,SER,EA,151,1,167.95,167.95
BGI3,16/01/25,132,SI011880,Y,VS,3YS035,145991-TRANS.- HANDLING 33J,145991,TURNAROUND - STRIP - LOAD - A330-300 - 3 FLIGHTS,SER,EA,151,1,483.897,483.9
BGI3,16/01/25,132,SI011880,Y,VS,3YS036,145994- WASH UP A330-300,145994,WASH UP - WASH UP - A330-900,SER,EA,151,1,404.383,404.38
BGI3,16/01/25,132,SI011880,Y,VS,3YS038,17.5% VAT ON LAUNDRY CHRG 33J,51069SALE,SALES TAX - LAUNDRY,VAT,EA,151,1,10.961,10.96
BGI3,16/01/25,132,SI011880,Y,VS,3YS063,25137-CUTLERY WRAP 1ST SERV 33,25137,PACKING - CUTLERY WRAPPING FIRST SERVICE - A330-30,SER,EA,151,1,8.435,8.44
BGI3,16/01/25,132,SI011880,Y,VS,3YS064,33819-CUTLERY WRAP 2ND SERV 33,33819,PACKING - CUTLERY WRAPPING SECOND SERVICE - A330-3,SER,EA,151,1,8.435,8.44
BGI3,16/01/25,132,SI011880,Y,VS,3YS071,32673-CULT WASH-PL 1SER 300,32673,PACKING - CUTLERY WASHUP - POLISHING FIRST SERVICE,SER,EA,151,1,27.272,27.27
BGI3,16/01/25,132,SI011880,Y,VS,3YS072,33141-CULT WASH-PL 2SER 300,33141,PACKING - CUTLERY WASHUP - POLISHING SECOND SERVIC,SER,EA,151,1,18.363,18.36
BGI3,16/01/25,132,SI011880,Y,VS,3YS095,25127- CUTL WSH-POL A330,25127,PACKING - CUTLERY WASHUP - POLISHING - A330-300,SER,EA,151,1,54.402,54.4
BGI3,16/01/25,132,SI011880,Y,VS,FAN17,19382-MILK 100% [Y],19382,FULL FAT MILK - PINT,STO,EA,151,2,4.805,9.61
BGI3,16/01/25,132,SI011880,Y,VS,FAN18,19384- MILK 2% [Y],19384,SEMI SKIMMED MILK - PINT,STO,EA,151,4,4.805,19.22
BGI3,16/01/25,132,SI011880,Y,VS,FAN19,7042-LEMON HALVES [Y],7042,LIME WEDGES,FOO,EA,151,7,5.125,35.88
BGI3,16/01/25,132,SI011880,Y,VS,FAN20,19380- WET ICE [6LB BAG] [Y],19380,WET ICE,WET,EA,151,7,2.942,20.59
BGI3,16/01/25,132,SI011880,Y,VS,YBE11,174148-BREAKFAST BOX,174148,,,EA,151,143,8.412,1202.92
BGI3,16/01/25,132,SI011880,Y,VS,YBE24,LO6953-OTIS SPUNKMEYER MUFFIN,LO6953,OTIS SPUNKMEYER MUFFIN,FOO,EA,151,143,1.872,267.7
BGI3,16/01/25,132,SI011880,Y,VS,YDE116,LO7778 - RO CHIX W PEPPERCORN,LO7778,ROASTED CHIX PEPPER SAU MASHED POTATO VEG,FOO,EA,151,100,8.748,874.8
BGI3,16/01/25,132,SI011880,Y,VS,YDE117,LO7779 - MAC PIE W TOM SAUCE,LO7779,MACARONI PIE TOMATO ROSE CREAMY SAUCE,FOO,EA,151,43,5.378,231.25
BGI3,16/01/25,132,SI011880,Y,VS,YDT30,LO2623 - MAIN MEAL TRAY SET UP,LO2623,TRAY SET UP,SER,EA,151,143,8.72,1246.96
BGI3,16/01/25,132,SI011880,Y,VS,YPAX03,23240- PER PASSENGER CHARGE[Y],23240,OVERHEAD - Y PAX OVERHEAD - PER PAX,SER,EA,151,146,13.856,2022.98
BGI3,16/01/25,132,SI011880,YC,VS,2CE069, COCO CURRY,LO8708,WILD RICE COCONUT CURRY SAUCE VEG,FOO,EA,12,3,6.438,19.31
BGI3,16/01/25,132,SI011880,YC,VS,2CE070,LO8709 - GARLIC MASH CHIX THIG,LO8709,GARLIC MASH SEARED CHIX GREEN PEPPERCORN SAUCE,FOO,EA,12,3,10.838,32.51
BGI3,16/01/25,132,SI011880,YC,VS,2CE071,LO8710 - MAHI W GARL ORZO PAS,LO8710,SEARED MAHI ORZO PASTA CREOLE SAUCE VEG,FOO,EA,12,2,12.378,24.76
BGI3,16/01/25,132,SI011880,YC,VS,2CE072,LO8711 - PORKLOIN W PO GRATIN,LO8711,SEARED PORK POTATO GRATIN VEG,FOO,EA,12,2,13.84,27.68
BGI3,16/01/25,132,SI011880,YC,VS,2CE073,LO8712 - CHEESE RAVIOLI,LO8712,CHEESE RAVIOLI,FOO,EA,12,2,8.718,17.44
BGI3,16/01/25,132,SI011880,YC,VS,2CFF11,LO4110-WHOLE FRUIT 1,LO4110,SEASONAL WHOLE FRUIT OPTION 1,FOO,EA,12,6,4.622,27.73
BGI3,16/01/25,132,SI011880,YC,VS,2CFF12,LO4111-WHOLE FRUIT 2,LO4111,SEASONAL WHOLE FRUIT OPTION 2,FOO,EA,12,6,4.62,27.72
BGI3,16/01/25,132,SI011880,YC,VS,2CFS44,LO5113- EGG SALAD SANDWICH,LO5113,EGG SALAD SANDWICH,FOO,EA,12,3,5.374,16.12
BGI3,16/01/25,132,SI011880,YC,VS,2CFS45,LO5115- TUNASALAD SANDWICH,LO5115,TUNA SALAD SANDWICH,FOO,EA,12,2,6.734,13.47
BGI3,16/01/25,132,SI011880,YC,VS,2CFS49,LO5119- BAP - STREAKY BACON,LO5119,SCOTTISH BAP WITH BACON,FOO,EA,12,4,4.866,19.46
BGI3,16/01/25,132,SI011880,YC,VS,2CFS52,LO5368- PLAIN BAGEL -PC CR CH,LO5368,PLAIN BAGEL WITH PC CREAM CHEESE,FOO,EA,12,4,4.086,16.34
BGI3,16/01/25,132,SI011880,YC,VS,2CFS77,LO8713 - HAM SANDWICH,LO8713,HAM SANDWICH,FOO,EA,12,3,7.734,23.2
BGI3,16/01/25,132,SI011880,YC,VS,2CFS78,LO8714 - CHEESE TOMATO WRAP,LO8714,CHEESE TOMATO CUCUMBER WRAP,FOO,EA,12,2,6.694,13.39
BGI3,16/01/25,132,SI011880,YC,VS,2CFS79,LO8715 - CHICKEN CHEESE BAGEL,LO8715,CHICKEN AND CHEESE BAGEL,FOO,EA,12,2,5.014,10.03
BGI3,16/01/25,132,SI011880,YC,VS,2CFS80,LO8716 - TURKEY SANDWICH,LO8716,TURKEY SANDWICH,FOO,EA,12,4,7.896,31.58
BGI3,16/01/25,132,SI011880,YC,VS,2CFS81, CHUTNE,LO8718,TILLAMOOK CHEESE CARR TROPICAL CHUTNEY,FOO,EA,12,6,6.788,40.73
BGI3,16/01/25,132,SI011880,YC,VS,2CFS82,LO8717 - PROTEIN POT W OLIVES,LO8717,PUMPKIN HUMMUS C CHEESE BLACK OLIVES PITTA BREAD T,FOO,EA,12,6,6.904,41.42
BGI3,16/01/25,132,SI011880,YC,VS,CPAX02,28728- C CREW SVC CHARGE,28728,OVERHEAD - CC OVERHEAD - PER PAX,SER,EA,12,12,25.48,305.76
BGI3,16/01/25,230,SI011881,F,VS,1POAM2,SP170097 - OAML,SP170097,OAML,FOO,EA,30,4,12.582,50.33
BGI3,16/01/25,230,SI011881,F,VS,1POSML,SP170101 - OSML,SP170101,OSML,FOO,EA,30,1,10.91,10.91
BGI3,16/01/25,230,SI011881,F,VS,1POTML,SP170102 - OTML,SP170102,OTML,FOO,EA,30,4,9.48,37.92
BGI3,16/01/25,230,SI011881,F,VS,1POUML,SP173624 - OUML,SP173624,OUML,FOO,EA,30,2,12.36,24.72
BGI3,16/01/25,230,SI011881,F,VS,FAN12,19381- MILK 100%,19381,FULL FAT MILK - PINT,STO,EA,30,3,4.805,14.42
BGI3,16/01/25,230,SI011881,F,VS,FAN13,19383- MILK 2%,19383,SEMI SKIMMED MILK - PINT,STO,EA,30,2,4.805,9.61
BGI3,16/01/25,230,SI011881,F,VS,FAN14,19385-LEMON HALVES,19385,LEMON WEDGES,FOO,EA,30,2,5.125,10.25
BGI3,16/01/25,230,SI011881,F,VS,FAN21,19379-WET ICE[6LB BAG],19379,WET ICE,WET,EA,30,4,2.942,11.77
BGI3,16/01/25,230,SI011881,F,VS,FAN23,LO7607-CUCUMBER SLICES,LO7607,CUCUMBER SLICES,FOO,EA,30,1,7.686,7.69
BGI3,16/01/25,230,SI011881,F,VS,FAN30,7041- LIME WEDGES,7041,LIME WEDGES,FOO,EA,30,2,4.78,9.56
BGI3,16/01/25,230,SI011881,F,VS,FAN33,23212 - BULK EQUIPMENT,23212,BULK EQUIPMENT,EQU,EA,30,26,1.779,46.25
BGI3,16/01/25,230,SI011881,F,VS,FBD91,LO7757 -WHOLE WHEAT - FLAXSEED,LO7757,WHOLE WHEAT - FLAXSEED KNOT ROLL,FOO,EA,30,15,2.446,36.69
BGI3,16/01/25,230,SI011881,F,VS,FBD92,LO7758 -BLACK OLIVE - GAR ROLL,LO7758,BLACK OLIVE AND GARLIC ROLL,FOO,EA,30,15,2.516,37.74
BGI3,16/01/25,230,SI011881,F,VS,FBD93,LO7759 -CHEDDAR - ONION ROLL,LO7759,CHEDDAR CHEESE AND ONION ROLL,FOO,EA,30,15,2.446,36.69
BGI3,16/01/25,230,SI011881,F,VS,FBT14,LO7770- FRUIT PLATE,LO7770,FRUIT PLATE,FOO,EA,30,15,6.598,98.97
BGI3,16/01/25,230,SI011881,F,VS,FBT16,LO7126 - PLAIN GREEK YOGH FULL,LO7126,PLAIN GREEK YOGHURT - 907 GRAMS,STO,EA,30,1,13.612,13.61
BGI3,16/01/25,230,SI011881,F,VS,FBT17,LO7127- GRANOLA FULL,LO7127,GRANOLA WHOLE GRAIN - 360 GRAMS,STO,EA,30,1,16.562,16.56
BGI3,16/01/25,230,SI011881,F,VS,FBT18,LO7771 - BANANA MUFFIN,LO7771,BANANA MUFFIN,FOO,EA,30,15,3.272,49.08
BGI3,16/01/25,230,SI011881,F,VS,FCE155,LO7764 -HERB CHIX W POT GRATIN,LO7764,HERBED CHIX POTATO GRATIN CORN AND PEPPER,FOO,EA,30,8,12.582,100.66
BGI3,16/01/25,230,SI011881,F,VS,FCE156,LO7765 - MAHI MAHI W WILD RICE,LO7765,SPICED MAHI TURMERIC WILD RICE COCONUT CURRY,FOO,EA,30,6,14.292,85.75
BGI3,16/01/25,230,SI011881,F,VS,FCE157,LO7766 - VEG LASAGNA,LO7766,VEGETABLE LASGNA DUO SCALES,FOO,EA,30,3,12.42,37.26
BGI3,16/01/25,230,SI011881,F,VS,FCF16,LO5500- PICK YOUR OWN,LO5500,CARIBBEAN FRUIT WHOLE [ASSORTED],FOO,EA,30,1,26.288,26.29
BGI3,16/01/25,230,SI011881,F,VS,FCS153,LO8803 - JERK PORK SATAYS,LO8803,,,EA,30,15,6.072,91.08
BGI3,16/01/25,230,SI011881,F,VS,FCS154,LO8804 - PUMKIN HUMMUS,LO8804,,,EA,30,18,5.176,93.17
BGI3,16/01/25,230,SI011881,F,VS,FDD106,LO7762 -SAVOURY CHEESE PLATE,LO7762,STILTON CHEEDAR GOAT GRAPE CHUTNEY,FOO,EA,30,18,7.53,135.54
BGI3,16/01/25,230,SI011881,F,VS,FDD108,LO8805 - DOUBLE CHOC CHE CAKE,LO8805,,,EA,30,12,5.38,64.56
BGI3,16/01/25,230,SI011881,F,VS,FDD109,LO8806 - CARAMEL - PUMKIN BREA,LO8806,,,EA,30,15,4.83,72.45
BGI3,16/01/25,230,SI011881,F,VS,FDT007,LO4801- BUTTER,LO4801,BUTTER [PIPED] BULK LOAED,FOO,EA,30,36,1.042,37.51
BGI3,16/01/25,230,SI011881,F,VS,FHB69,LO4240-BACON BAP,LO4240,BACON BAP,FOO,EA,30,1,5.18,5.18
BGI3,16/01/25,230,SI011881,F,VS,FHB83,LO7767 -SCRAM EGG BB SAUS,LO7767,SCRAMBLE EGGS BACK BACON SAUSAGE BAKED BEANS,FOO,EA,30,15,9.72,145.8
BGI3,16/01/25,230,SI011881,F,VS,FHB84,LO7768 - PEPP - CHEE OMELETTE,LO7768,PEPPER AND CHEESE OMELETTE SPINACH SWEET POTATO,FOO,EA,30,4,7.85,31.4
BGI3,16/01/25,230,SI011881,F,VS,FHB85,LO7769 - CHOCO CHIP PANCAKE,LO7769,CHOCOLATE CHIP PANCAKESPICED PINEAPPLE AND BERRY C,FOO,EA,30,6,6.31,37.86
BGI3,16/01/25,230,SI011881,F,VS,FPAX04,23234-PER PASSENGER CHARGE,23234,OVERHEAD - J PAX OVERHEAD - PER PAX,SER,EA,30,26,36.774,956.12
BGI3,16/01/25,230,SI011881,J,VS,1JVG01,SP124621 - VGML [J/C],SP124621,VGML,FOO,EA,34,1,14.694,14.69
BGI3,16/01/25,230,SI011881,J,VS,1PWAM2,SP170105 - WAM2,SP170105,WAML,FOO,EA,34,3,8.69,26.07
BGI3,16/01/25,230,SI011881,J,VS,JBE41, PORK SAUG,LO7775,SCRAMBLE EGG PORK SAUSAGE BACK BACON BAKED BEANS,FOO,EA,34,17,6.378,108.43
BGI3,16/01/25,230,SI011881,J,VS,JBE42,LO7776 -EGG - VEG FRITATTA,LO7776,EGG - VEGETABLE FRITATTA SWEET POTATO BLISTERED CH,FOO,EA,34,6,7.518,45.11
BGI3,16/01/25,230,SI011881,J,VS,JBE43,LO7777 -CHOC CHIP PANCAKES,LO7777,CHOCOLATE CHIP PANCAKE CARMALIZED PINEAPPLE AND BE,FOO,EA,34,10,5.378,53.78
BGI3,16/01/25,230,SI011881,J,VS,JCE119,LO7772 -CREOLE CHIX W GAR ORZO,LO7772,SEARED CHIX CREOLE SAUCE GARLIZ ORZO,FOO,EA,34,20,8.69,173.8
BGI3,16/01/25,230,SI011881,J,VS,JCE121,LO7773 -MAHI MAHI W MAS POT,LO7773,SEARED MAHI GARLIC MASH BLISTETED TOMATO,FOO,EA,34,9,11.298,101.68
BGI3,16/01/25,230,SI011881,J,VS,JCE122,LO7774-WILD RICE COCO CURRY,LO7774,WILD RICE COCONUT CURRY SAUCE FRIED PLANTAIN,FOO,EA,34,6,7.248,43.49
BGI3,16/01/25,230,SI011881,J,VS,JDT33,LO2622- TRAY SET MM,LO2622,TRAY SET UP,SER,EA,34,33,16.138,532.55
BGI3,16/01/25,230,SI011881,J,VS,JPAX02,23237-PER PASSENGER CHARGE,23237,OVERHEAD - W PAX OVERHEAD - PER PAX,SER,EA,34,29,16.939,491.23
BGI3,16/01/25,230,SI011881,Y,VS,1YAV01,SP124700- AVML [Y/C],SP124700,AVML,FOO,EA,88,2,15.115,30.23
BGI3,16/01/25,230,SI011881,Y,VS,1YGF01,SP124706 - GFML [Y/C],SP124706,GFML,FOO,EA,88,3,22.504,67.51
BGI3,16/01/25,230,SI011881,Y,VS,1YNL01,SP124712 - NLML [Y/C],SP124712,NLML,FOO,EA,88,1,22.504,22.5
BGI3,16/01/25,230,SI011881,Y,VS,1YVG01,SP124699- VGML [Y/C],SP124699,VGML,FOO,EA,88,2,14.694,29.39
BGI3,16/01/25,230,SI011881,Y,VS,1YVL01,SP124698- VLML [Y/C],SP124698,VLML,FOO,EA,88,1,12.154,12.15
BGI3,16/01/25,230,SI011881,Y,VS,3YDS01,3354- ORANGE JUICE-1LT,3354,BEVERAGES - ORANGE JUICE - 1 LT,STO,EA,88,28,2.124,59.47
BGI3,16/01/25,230,SI011881,Y,VS,3YDS02,3335-TOMATO JUICE 1LT,3335,BEVERAGES - TOMATO JUICE - 1 LT,STO,EA,88,1,4.057,4.06
BGI3,16/01/25,230,SI011881,Y,VS,3YDS03,3376-CRANBERRY JUICE,3376,BEVERAGES - CRANBERRY JUICE - 1 LT,STO,EA,88,2,5.101,10.2
BGI3,16/01/25,230,SI011881,Y,VS,3YDS04,3353-APPLE JUICE 1LTR,3353,BEVERAGES - APPLE JUICE - 1 LT,STO,EA,88,13,2.124,27.61
BGI3,16/01/25,230,SI011881,Y,VS,3YDS06,3476-MINERAL WATER 1.5LT,3476,BEVERAGES - MINERAL WATER STILL - 1 LT,STO,EA,88,44,2.36,103.84
BGI3,16/01/25,230,SI011881,Y,VS,3YDS07,33169-SPARKLING WATER 1LT,33169,BEVERAGES - MINERAL WATER SPARK - 1 LT,STO,EA,88,10,3.274,32.74
BGI3,16/01/25,230,SI011881,Y,VS,3YDS11,213774-PLASTIC BAG,213774,EQUIPMENT - BAG- PLASTIC BAG,EQU,EA,88,1,0.368,0.37
BGI3,16/01/25,230,SI011881,Y,VS,3YS022,ORANGE LINEN BAG,151383,LAUNDRY - BAG LINEN ORANGE 2014,LAU,EA,88,1,1.969,1.97
BGI3,16/01/25,230,SI011881,Y,VS,3YS023,LINEN TABLECLOTH,3526,LAUNDRY - TABLE CLOTH/RUNNER 2014,LAU,EA,88,33,0.652,21.52
BGI3,16/01/25,230,SI011881,Y,VS,3YS024,LINEN NAPKINS,3527,LAUNDRY - LINEN FOLDED NAPKIN 2014,LAU,EA,88,31,0.522,16.18
BGI3,16/01/25,230,SI011881,Y,VS,3YS032,145995-EQUIP PK - STORES 300,145995,PACKING - FLIGHT PACKING - A330-300,SER,EA,88,1,167.95,167.95
BGI3,16/01/25,230,SI011881,Y,VS,3YS035,145991-TRANS.- HANDLING 33J,145991,TURNAROUND - STRIP - LOAD - A330-300 - 3 FLIGHTS,SER,EA,88,1,483.897,483.9
BGI3,16/01/25,230,SI011881,Y,VS,3YS036,145994- WASH UP A330-300,145994,WASH UP - WASH UP - A330-900,SER,EA,88,1,404.383,404.38
BGI3,16/01/25,230,SI011881,Y,VS,3YS038,17.5% VAT ON LAUNDRY CHRG 33J,51069SALE,SALES TAX - LAUNDRY,VAT,EA,88,1,10.961,10.96
BGI3,16/01/25,230,SI011881,Y,VS,3YS063,25137-CUTLERY WRAP 1ST SERV 33,25137,PACKING - CUTLERY WRAPPING FIRST SERVICE - A330-30,SER,EA,88,1,8.435,8.44
BGI3,16/01/25,230,SI011881,Y,VS,3YS064,33819-CUTLERY WRAP 2ND SERV 33,33819,PACKING - CUTLERY WRAPPING SECOND SERVICE - A330-3,SER,EA,88,1,8.435,8.44
BGI3,16/01/25,230,SI011881,Y,VS,3YS071,32673-CULT WASH-PL 1SER 300,32673,PACKING - CUTLERY WASHUP - POLISHING FIRST SERVICE,SER,EA,88,1,27.272,27.27
BGI3,16/01/25,230,SI011881,Y,VS,3YS072,33141-CULT WASH-PL 2SER 300,33141,PACKING - CUTLERY WASHUP - POLISHING SECOND SERVIC,SER,EA,88,1,18.363,18.36
BGI3,16/01/25,230,SI011881,Y,VS,3YS095,25127- CUTL WSH-POL A330,25127,PACKING - CUTLERY WASHUP - POLISHING - A330-300,SER,EA,88,1,54.402,54.4
BGI3,16/01/25,230,SI011881,Y,VS,FAN17,19382-MILK 100% [Y],19382,FULL FAT MILK - PINT,STO,EA,88,2,4.805,9.61
BGI3,16/01/25,230,SI011881,Y,VS,FAN18,19384- MILK 2% [Y],19384,SEMI SKIMMED MILK - PINT,STO,EA,88,4,4.805,19.22
BGI3,16/01/25,230,SI011881,Y,VS,FAN19,7042-LEMON HALVES [Y],7042,LIME WEDGES,FOO,EA,88,4,5.125,20.5
BGI3,16/01/25,230,SI011881,Y,VS,FAN20,19380- WET ICE [6LB BAG] [Y],19380,WET ICE,WET,EA,88,4,2.942,11.77
BGI3,16/01/25,230,SI011881,Y,VS,YBE11,174148-BREAKFAST BOX,174148,,,EA,88,79,8.412,664.55
BGI3,16/01/25,230,SI011881,Y,VS,YBE24,LO6953-OTIS SPUNKMEYER MUFFIN,LO6953,OTIS SPUNKMEYER MUFFIN,FOO,EA,88,79,1.872,147.89
BGI3,16/01/25,230,SI011881,Y,VS,YDE116,LO7778 - RO CHIX W PEPPERCORN,LO7778,ROASTED CHIX PEPPER SAU MASHED POTATO VEG,FOO,EA,88,55,8.748,481.14
BGI3,16/01/25,230,SI011881,Y,VS,YDE117,LO7779 - MAC PIE W TOM SAUCE,LO7779,MACARONI PIE TOMATO ROSE CREAMY SAUCE,FOO,EA,88,24,5.378,129.07
BGI3,16/01/25,230,SI011881,Y,VS,YDT30,LO2623 - MAIN MEAL TRAY SET UP,LO2623,TRAY SET UP,SER,EA,88,79,8.72,688.88
BGI3,16/01/25,230,SI011881,Y,VS,YPAX03,23240- PER PASSENGER CHARGE[Y],23240,OVERHEAD - Y PAX OVERHEAD - PER PAX,SER,EA,88,86,13.856,1191.62
BGI3,16/01/25,230,SI011881,YC,VS,2CE069, COCO CURRY,LO8708,WILD RICE COCONUT CURRY SAUCE VEG,FOO,EA,12,3,6.438,19.31
BGI3,16/01/25,230,SI011881,YC,VS,2CE070,LO8709 - GARLIC MASH CHIX THIG,LO8709,GARLIC MASH SEARED CHIX GREEN PEPPERCORN SAUCE,FOO,EA,12,3,10.838,32.51
BGI3,16/01/25,230,SI011881,YC,VS,2CE071,LO8710 - MAHI W GARL ORZO PAS,LO8710,SEARED MAHI ORZO PASTA CREOLE SAUCE VEG,FOO,EA,12,2,12.378,24.76
BGI3,16/01/25,230,SI011881,YC,VS,2CE072,LO8711 - PORKLOIN W PO GRATIN,LO8711,SEARED PORK POTATO GRATIN VEG,FOO,EA,12,2,13.84,27.68
BGI3,16/01/25,230,SI011881,YC,VS,2CE073,LO8712 - CHEESE RAVIOLI,LO8712,CHEESE RAVIOLI,FOO,EA,12,2,8.718,17.44
BGI3,16/01/25,230,SI011881,YC,VS,2CFF11,LO4110-WHOLE FRUIT 1,LO4110,SEASONAL WHOLE FRUIT OPTION 1,FOO,EA,12,6,4.622,27.73
BGI3,16/01/25,230,SI011881,YC,VS,2CFF12,LO4111-WHOLE FRUIT 2,LO4111,SEASONAL WHOLE FRUIT OPTION 2,FOO,EA,12,6,4.62,27.72
BGI3,16/01/25,230,SI011881,YC,VS,2CFS44,LO5113- EGG SALAD SANDWICH,LO5113,EGG SALAD SANDWICH,FOO,EA,12,3,5.374,16.12
BGI3,16/01/25,230,SI011881,YC,VS,2CFS45,LO5115- TUNASALAD SANDWICH,LO5115,TUNA SALAD SANDWICH,FOO,EA,12,2,6.734,13.47
BGI3,16/01/25,230,SI011881,YC,VS,2CFS49,LO5119- BAP - STREAKY BACON,LO5119,SCOTTISH BAP WITH BACON,FOO,EA,12,4,4.866,19.46
BGI3,16/01/25,230,SI011881,YC,VS,2CFS52,LO5368- PLAIN BAGEL -PC CR CH,LO5368,PLAIN BAGEL WITH PC CREAM CHEESE,FOO,EA,12,4,4.086,16.34
BGI3,16/01/25,230,SI011881,YC,VS,2CFS77,LO8713 - HAM SANDWICH,LO8713,HAM SANDWICH,FOO,EA,12,3,7.734,23.2
BGI3,16/01/25,230,SI011881,YC,VS,2CFS78,LO8714 - CHEESE TOMATO WRAP,LO8714,CHEESE TOMATO CUCUMBER WRAP,FOO,EA,12,2,6.694,13.39
BGI3,16/01/25,230,SI011881,YC,VS,2CFS79,LO8715 - CHICKEN CHEESE BAGEL,LO8715,CHICKEN AND CHEESE BAGEL,FOO,EA,12,2,5.014,10.03
BGI3,16/01/25,230,SI011881,YC,VS,2CFS80,LO8716 - TURKEY SANDWICH,LO8716,TURKEY SANDWICH,FOO,EA,12,4,7.896,31.58
BGI3,16/01/25,230,SI011881,YC,VS,2CFS81, CHUTNE,LO8718,TILLAMOOK CHEESE CARR TROPICAL CHUTNEY,FOO,EA,12,6,6.788,40.73
BGI3,16/01/25,230,SI011881,YC,VS,2CFS82,LO8717 - PROTEIN POT W OLIVES,LO8717,PUMPKIN HUMMUS C CHEESE BLACK OLIVES PITTA BREAD T,FOO,EA,12,6,6.904,41.42
BGI3,16/01/25,230,SI011881,YC,VS,CPAX02,28728- C CREW SVC CHARGE,28728,OVERHEAD - CC OVERHEAD - PER PAX,SER,EA,12,12,25.48,305.76
BGI3,17/01/25,664,SI011884,F,VS,FAN12,19381- MILK 100%,19381,FULL FAT MILK - PINT,STO,EA,16,4,4.805,19.22
BGI3,17/01/25,664,SI011884,F,VS,FAN13,19383- MILK 2%,19383,SEMI SKIMMED MILK - PINT,STO,EA,16,2,4.805,9.61
BGI3,17/01/25,664,SI011884,F,VS,FAN14,19385-LEMON HALVES,19385,LEMON WEDGES,FOO,EA,16,2,5.125,10.25
BGI3,17/01/25,664,SI011884,F,VS,FAN21,19379-WET ICE[6LB BAG],19379,WET ICE,WET,EA,16,4,2.942,11.77
BGI3,17/01/25,664,SI011884,F,VS,FAN23,LO7607-CUCUMBER SLICES,LO7607,CUCUMBER SLICES,FOO,EA,16,1,7.686,7.69
BGI3,17/01/25,664,SI011884,F,VS,FAN30,7041- LIME WEDGES,7041,LIME WEDGES,FOO,EA,16,2,4.78,9.56
BGI3,17/01/25,664,SI011884,F,VS,FAN33,23212 - BULK EQUIPMENT,23212,BULK EQUIPMENT,EQU,EA,16,16,1.779,28.46
BGI3,17/01/25,664,SI011884,F,VS,FBD91,LO7757 -WHOLE WHEAT - FLAXSEED,LO7757,WHOLE WHEAT - FLAXSEED KNOT ROLL,FOO,EA,16,8,2.446,19.57
BGI3,17/01/25,664,SI011884,F,VS,FBD92,LO7758 -BLACK OLIVE - GAR ROLL,LO7758,BLACK OLIVE AND GARLIC ROLL,FOO,EA,16,8,2.516,20.13
BGI3,17/01/25,664,SI011884,F,VS,FBD93,LO7759 -CHEDDAR - ONION ROLL,LO7759,CHEDDAR CHEESE AND ONION ROLL,FOO,EA,16,8,2.446,19.57
BGI3,17/01/25,664,SI011884,F,VS,FBT14,LO7770- FRUIT PLATE,LO7770,FRUIT PLATE,FOO,EA,16,8,6.598,52.78
BGI3,17/01/25,664,SI011884,F,VS,FBT16,LO7126 - PLAIN GREEK YOGH FULL,LO7126,PLAIN GREEK YOGHURT - 907 GRAMS,STO,EA,16,1,13.612,13.61
BGI3,17/01/25,664,SI011884,F,VS,FBT17,LO7127- GRANOLA FULL,LO7127,GRANOLA WHOLE GRAIN - 360 GRAMS,STO,EA,16,1,16.562,16.56
BGI3,17/01/25,664,SI011884,F,VS,FBT18,LO7771 - BANANA MUFFIN,LO7771,BANANA MUFFIN,FOO,EA,16,8,3.272,26.18
BGI3,17/01/25,664,SI011884,F,VS,FCE155,LO7764 -HERB CHIX W POT GRATIN,LO7764,HERBED CHIX POTATO GRATIN CORN AND PEPPER,FOO,EA,16,8,12.582,100.66
BGI3,17/01/25,664,SI011884,F,VS,FCE156,LO7765 - MAHI MAHI W WILD RICE,LO7765,SPICED MAHI TURMERIC WILD RICE COCONUT CURRY,FOO,EA,16,5,14.292,71.46
BGI3,17/01/25,664,SI011884,F,VS,FCE157,LO7766 - VEG LASAGNA,LO7766,VEGETABLE LASGNA DUO SCALES,FOO,EA,16,3,12.42,37.26
BGI3,17/01/25,664,SI011884,F,VS,FCF16,LO5500- PICK YOUR OWN,LO5500,CARIBBEAN FRUIT WHOLE [ASSORTED],FOO,EA,16,1,26.288,26.29
BGI3,17/01/25,664,SI011884,F,VS,FCS153,LO8803 - JERK PORK SATAYS,LO8803,,,EA,16,8,6.072,48.58
BGI3,17/01/25,664,SI011884,F,VS,FCS154,LO8804 - PUMKIN HUMMUS,LO8804,,,EA,16,10,5.176,51.76
BGI3,17/01/25,664,SI011884,F,VS,FDD106,LO7762 -SAVOURY CHEESE PLATE,LO7762,STILTON CHEEDAR GOAT GRAPE CHUTNEY,FOO,EA,16,10,7.53,75.3
BGI3,17/01/25,664,SI011884,F,VS,FDD108,LO8805 - DOUBLE CHOC CHE CAKE,LO8805,,,EA,16,6,5.38,32.28
BGI3,17/01/25,664,SI011884,F,VS,FDD109,LO8806 - CARAMEL - PUMKIN BREA,LO8806,,,EA,16,8,4.83,38.64
BGI3,17/01/25,664,SI011884,F,VS,FDT007,LO4801- BUTTER,LO4801,BUTTER [PIPED] BULK LOAED,FOO,EA,16,16,1.042,16.67
BGI3,17/01/25,664,SI011884,F,VS,FHB69,LO4240-BACON BAP,LO4240,BACON BAP,FOO,EA,16,3,5.18,15.54
BGI3,17/01/25,664,SI011884,F,VS,FHB83,LO7767 -SCRAM EGG BB SAUS,LO7767,SCRAMBLE EGGS BACK BACON SAUSAGE BAKED BEANS,FOO,EA,16,8,9.72,77.76
BGI3,17/01/25,664,SI011884,F,VS,FHB84,LO7768 - PEPP - CHEE OMELETTE,LO7768,PEPPER AND CHEESE OMELETTE SPINACH SWEET POTATO,FOO,EA,16,3,7.85,23.55
BGI3,17/01/25,664,SI011884,F,VS,FHB85,LO7769 - CHOCO CHIP PANCAKE,LO7769,CHOCOLATE CHIP PANCAKESPICED PINEAPPLE AND BERRY C,FOO,EA,16,5,6.31,31.55
BGI3,17/01/25,664,SI011884,F,VS,FPAX04,23234-PER PASSENGER CHARGE,23234,OVERHEAD - J PAX OVERHEAD - PER PAX,SER,EA,16,16,36.774,588.38
BGI3,17/01/25,664,SI011884,J,VS,1JVL01,SP124620 - VLML [J/C],SP124620,VLML,FOO,EA,56,1,12.174,12.17
BGI3,17/01/25,664,SI011884,J,VS,JBE41, PORK SAUG,LO7775,SCRAMBLE EGG PORK SAUSAGE BACK BACON BAKED BEANS,FOO,EA,56,28,6.378,178.58
BGI3,17/01/25,664,SI011884,J,VS,JBE42,LO7776 -EGG - VEG FRITATTA,LO7776,EGG - VEGETABLE FRITATTA SWEET POTATO BLISTERED CH,FOO,EA,56,17,7.518,127.81
BGI3,17/01/25,664,SI011884,J,VS,JBE43,LO7777 -CHOC CHIP PANCAKES,LO7777,CHOCOLATE CHIP PANCAKE CARMALIZED PINEAPPLE AND BE,FOO,EA,56,11,5.378,59.16
BGI3,17/01/25,664,SI011884,J,VS,JCE119,LO7772 -CREOLE CHIX W GAR ORZO,LO7772,SEARED CHIX CREOLE SAUCE GARLIZ ORZO,FOO,EA,56,36,8.69,312.84
BGI3,17/01/25,664,SI011884,J,VS,JCE121,LO7773 -MAHI MAHI W MAS POT,LO7773,SEARED MAHI GARLIC MASH BLISTETED TOMATO,FOO,EA,56,17,11.298,192.07
BGI3,17/01/25,664,SI011884,J,VS,JCE122,LO7774-WILD RICE COCO CURRY,LO7774,WILD RICE COCONUT CURRY SAUCE FRIED PLANTAIN,FOO,EA,56,11,7.248,79.73
BGI3,17/01/25,664,SI011884,J,VS,JDT33,LO2622- TRAY SET MM,LO2622,TRAY SET UP,SER,EA,56,55,16.138,887.59
BGI3,17/01/25,664,SI011884,J,VS,JPAX02,23237-PER PASSENGER CHARGE,23237,OVERHEAD - W PAX OVERHEAD - PER PAX,SER,EA,56,55,16.939,931.65
BGI3,17/01/25,664,SI011884,Y,VS,1YCH04,SP124709- CHML [Y/C],SP124709,CHML,FOO,EA,325,3,14.622,43.87
BGI3,17/01/25,664,SI011884,Y,VS,1YDB01,SP124707 - DBML [Y/C],SP124707,DBML,FOO,EA,325,1,22.504,22.5
BGI3,17/01/25,664,SI011884,Y,VS,1YGF01,SP124706 - GFML [Y/C],SP124706,GFML,FOO,EA,325,4,22.504,90.02
BGI3,17/01/25,664,SI011884,Y,VS,1YVL01,SP124698- VLML [Y/C],SP124698,VLML,FOO,EA,325,6,12.154,72.92
BGI3,17/01/25,664,SI011884,Y,VS,3YS022,ORANGE LINEN BAG,151383,LAUNDRY - BAG LINEN ORANGE 2014,LAU,EA,325,1,1.969,1.97
BGI3,17/01/25,664,SI011884,Y,VS,3YS023,LINEN TABLECLOTH,3526,LAUNDRY - TABLE CLOTH/RUNNER 2014,LAU,EA,325,20,0.652,13.04
BGI3,17/01/25,664,SI011884,Y,VS,3YS024,LINEN NAPKINS,3527,LAUNDRY - LINEN FOLDED NAPKIN 2014,LAU,EA,325,55,0.522,28.71
BGI3,17/01/25,664,SI011884,Y,VS,3YS032,145995-EQUIP PK - STORES 300,145995,PACKING - FLIGHT PACKING - A330-300,SER,EA,325,1,167.95,167.95
BGI3,17/01/25,664,SI011884,Y,VS,3YS035,145991-TRANS.- HANDLING 33J,145991,TURNAROUND - STRIP - LOAD - A330-300 - 3 FLIGHTS,SER,EA,325,1,483.897,483.9
BGI3,17/01/25,664,SI011884,Y,VS,3YS036,145994- WASH UP A330-300,145994,WASH UP - WASH UP - A330-900,SER,EA,325,1,404.383,404.38
BGI3,17/01/25,664,SI011884,Y,VS,3YS038,17.5% VAT ON LAUNDRY CHRG 33J,51069SALE,SALES TAX - LAUNDRY,VAT,EA,325,1,10.961,10.96
BGI3,17/01/25,664,SI011884,Y,VS,3YS063,25137-CUTLERY WRAP 1ST SERV 33,25137,PACKING - CUTLERY WRAPPING FIRST SERVICE - A330-30,SER,EA,325,1,8.435,8.44
BGI3,17/01/25,664,SI011884,Y,VS,3YS064,33819-CUTLERY WRAP 2ND SERV 33,33819,PACKING - CUTLERY WRAPPING SECOND SERVICE - A330-3,SER,EA,325,1,8.435,8.44
BGI3,17/01/25,664,SI011884,Y,VS,3YS071,32673-CULT WASH-PL 1SER 300,32673,PACKING - CUTLERY WASHUP - POLISHING FIRST SERVICE,SER,EA,325,1,27.272,27.27
BGI3,17/01/25,664,SI011884,Y,VS,3YS072,33141-CULT WASH-PL 2SER 300,33141,PACKING - CUTLERY WASHUP - POLISHING SECOND SERVIC,SER,EA,325,1,18.363,18.36
BGI3,17/01/25,664,SI011884,Y,VS,3YS095,25127- CUTL WSH-POL A330,25127,PACKING - CUTLERY WASHUP - POLISHING - A330-300,SER,EA,325,1,54.402,54.4
BGI3,17/01/25,664,SI011884,Y,VS,FAN17,19382-MILK 100% [Y],19382,FULL FAT MILK - PINT,STO,EA,325,2,4.805,9.61
BGI3,17/01/25,664,SI011884,Y,VS,FAN18,19384- MILK 2% [Y],19384,SEMI SKIMMED MILK - PINT,STO,EA,325,4,4.805,19.22
BGI3,17/01/25,664,SI011884,Y,VS,FAN19,7042-LEMON HALVES [Y],7042,LIME WEDGES,FOO,EA,325,8,5.125,41
BGI3,17/01/25,664,SI011884,Y,VS,FAN20,19380- WET ICE [6LB BAG] [Y],19380,WET ICE,WET,EA,325,8,2.942,23.54
BGI3,17/01/25,664,SI011884,Y,VS,YBE11,174148-BREAKFAST BOX,174148,,,EA,325,311,8.412,2616.13
BGI3,17/01/25,664,SI011884,Y,VS,YBE24,LO6953-OTIS SPUNKMEYER MUFFIN,LO6953,OTIS SPUNKMEYER MUFFIN,FOO,EA,325,311,1.872,582.19
BGI3,17/01/25,664,SI011884,Y,VS,YDE116,LO7778 - RO CHIX W PEPPERCORN,LO7778,ROASTED CHIX PEPPER SAU MASHED POTATO VEG,FOO,EA,325,218,8.748,1907.06
BGI3,17/01/25,664,SI011884,Y,VS,YDE117,LO7779 - MAC PIE W TOM SAUCE,LO7779,MACARONI PIE TOMATO ROSE CREAMY SAUCE,FOO,EA,325,93,5.378,500.15
BGI3,17/01/25,664,SI011884,Y,VS,YDT30,LO2623 - MAIN MEAL TRAY SET UP,LO2623,TRAY SET UP,SER,EA,325,311,8.72,2711.92
BGI3,17/01/25,664,SI011884,Y,VS,YPAX03,23240- PER PASSENGER CHARGE[Y],23240,OVERHEAD - Y PAX OVERHEAD - PER PAX,SER,EA,325,311,13.856,4309.22
BGI3,17/01/25,664,SI011884,YC,VS,2CE069, COCO CURRY,LO8708,WILD RICE COCONUT CURRY SAUCE VEG,FOO,EA,12,3,6.438,19.31
BGI3,17/01/25,664,SI011884,YC,VS,2CE070,LO8709 - GARLIC MASH CHIX THIG,LO8709,GARLIC MASH SEARED CHIX GREEN PEPPERCORN SAUCE,FOO,EA,12,3,10.838,32.51
BGI3,17/01/25,664,SI011884,YC,VS,2CE071,LO8710 - MAHI W GARL ORZO PAS,LO8710,SEARED MAHI ORZO PASTA CREOLE SAUCE VEG,FOO,EA,12,2,12.378,24.76
BGI3,17/01/25,664,SI011884,YC,VS,2CE072,LO8711 - PORKLOIN W PO GRATIN,LO8711,SEARED PORK POTATO GRATIN VEG,FOO,EA,12,2,13.84,27.68
BGI3,17/01/25,664,SI011884,YC,VS,2CE073,LO8712 - CHEESE RAVIOLI,LO8712,CHEESE RAVIOLI,FOO,EA,12,2,8.718,17.44
BGI3,17/01/25,664,SI011884,YC,VS,2CFF11,LO4110-WHOLE FRUIT 1,LO4110,SEASONAL WHOLE FRUIT OPTION 1,FOO,EA,12,6,4.622,27.73
BGI3,17/01/25,664,SI011884,YC,VS,2CFF12,LO4111-WHOLE FRUIT 2,LO4111,SEASONAL WHOLE FRUIT OPT 2,FOO,EA,12,6,4.622,27.73
BGI3,17/01/25,664,SI011884,YC,VS,2CFS44,LO5113- EGG SALAD SANDWICH,LO5113,EGG SALAD SANDWICH,FOO,EA,12,3,5.374,16.12
BGI3,17/01/25,664,SI011884,YC,VS,2CFS45,LO5115- TUNASALAD SANDWICH,LO5115,TUNA SALAD SANDWICH,FOO,EA,12,2,6.734,13.47
BGI3,17/01/25,664,SI011884,YC,VS,2CFS49,LO5119- BAP - STREAKY BACON,LO5119,SCOTTISH BAP WITH BACON,FOO,EA,12,4,4.866,19.46
BGI3,17/01/25,664,SI011884,YC,VS,2CFS52,LO5368- PLAIN BAGEL -PC CR CH,LO5368,PLAIN BAGEL WITH PC CREAM CHEESE,FOO,EA,12,4,4.086,16.34
BGI3,17/01/25,664,SI011884,YC,VS,2CFS77,LO8713 - HAM SANDWICH,LO8713,HAM SANDWICH,FOO,EA,12,3,7.734,23.2
BGI3,17/01/25,664,SI011884,YC,VS,2CFS78,LO8714 - CHEESE TOMATO WRAP,LO8714,CHEESE TOMATO CUCUMBER WRAP,FOO,EA,12,2,6.694,13.39
BGI3,17/01/25,664,SI011884,YC,VS,2CFS79,LO8715 - CHICKEN CHEESE BAGEL,LO8715,CHICKEN AND CHEESE BAGEL,FOO,EA,12,2,5.014,10.03
BGI3,17/01/25,664,SI011884,YC,VS,2CFS80,LO8716 - TURKEY SANDWICH,LO8716,TURKEY SANDWICH,FOO,EA,12,4,7.896,31.58
BGI3,17/01/25,664,SI011884,YC,VS,2CFS81, CHUTNE,LO8718,TILLAMOOK CHEESE CARR TROPICAL CHUTNEY,FOO,EA,12,6,6.788,40.73
BGI3,17/01/25,664,SI011884,YC,VS,2CFS82,LO8717 - PROTEIN POT W OLIVES,LO8717,PUMPKIN HUMMUS C CHEESE BLACK OLIVES PITTA BREAD T,FOO,EA,12,6,6.904,41.42
BGI3,17/01/25,664,SI011884,YC,VS,CPAX02,28728- C CREW SVC CHARGE,28728,OVERHEAD - CC OVERHEAD - PER PAX,SER,EA,12,12,25.48,305.76
BGI3,17/01/25,132,SI011882,F,VS,1FGF01,SP124540- GFML [F/C],SP124540,GFML,FOO,EA,44,1,31.461,31.46
BGI3,17/01/25,132,SI011882,F,VS,1FMO01,SP124536 - MOML [F/C],SP124536,MOML,FOO,EA,44,1,29.446,29.45
BGI3,17/01/25,132,SI011882,F,VS,1POBM2,SP170098 - OBML,SP170098,OBML,FOO,EA,44,1,14.292,14.29
BGI3,17/01/25,132,SI011882,F,VS,1POSML,SP170101 - OSML,SP170101,OSML,FOO,EA,44,2,10.91,21.82
BGI3,17/01/25,132,SI011882,F,VS,1POTML,SP170102 - OTML,SP170102,OTML,FOO,EA,44,3,9.48,28.44
BGI3,17/01/25,132,SI011882,F,VS,1POUML,SP173624 - OUML,SP173624,OUML,FOO,EA,44,4,12.36,49.44
BGI3,17/01/25,132,SI011882,F,VS,1POVML,SP173625 - OVML,SP173625,OVML,FOO,EA,44,1,10.63,10.63
BGI3,17/01/25,132,SI011882,F,VS,FAN12,19381- MILK 100%,19381,FULL FAT MILK - PINT,STO,EA,44,5,4.805,24.03
BGI3,17/01/25,132,SI011882,F,VS,FAN13,19383- MILK 2%,19383,SEMI SKIMMED MILK - PINT,STO,EA,44,2,4.805,9.61
BGI3,17/01/25,132,SI011882,F,VS,FAN14,19385-LEMON HALVES,19385,LEMON WEDGES,FOO,EA,44,3,5.125,15.38
BGI3,17/01/25,132,SI011882,F,VS,FAN21,19379-WET ICE[6LB BAG],19379,WET ICE,WET,EA,44,6,2.942,17.65
BGI3,17/01/25,132,SI011882,F,VS,FAN23,LO7607-CUCUMBER SLICES,LO7607,CUCUMBER SLICES,FOO,EA,44,1,7.686,7.69
BGI3,17/01/25,132,SI011882,F,VS,FAN30,7041- LIME WEDGES,7041,LIME WEDGES,FOO,EA,44,2,4.78,9.56
BGI3,17/01/25,132,SI011882,F,VS,FAN33,23212 - BULK EQUIPMENT,23212,BULK EQUIPMENT,EQU,EA,44,44,1.779,78.28
BGI3,17/01/25,132,SI011882,F,VS,FBD91,LO7757 -WHOLE WHEAT - FLAXSEED,LO7757,WHOLE WHEAT - FLAXSEED KNOT ROLL,FOO,EA,44,21,2.446,51.37
BGI3,17/01/25,132,SI011882,F,VS,FBD92,LO7758 -BLACK OLIVE - GAR ROLL,LO7758,BLACK OLIVE AND GARLIC ROLL,FOO,EA,44,21,2.516,52.84
BGI3,17/01/25,132,SI011882,F,VS,FBD93,LO7759 -CHEDDAR - ONION ROLL,LO7759,CHEDDAR CHEESE AND ONION ROLL,FOO,EA,44,21,2.446,51.37
BGI3,17/01/25,132,SI011882,F,VS,FBT14,LO7770- FRUIT PLATE,LO7770,FRUIT PLATE,FOO,EA,44,21,6.598,138.56
BGI3,17/01/25,132,SI011882,F,VS,FBT16,LO7126 - PLAIN GREEK YOGH FULL,LO7126,PLAIN GREEK YOGHURT - 907 GRAMS,STO,EA,44,1,13.612,13.61
BGI3,17/01/25,132,SI011882,F,VS,FBT17,LO7127- GRANOLA FULL,LO7127,GRANOLA WHOLE GRAIN - 360 GRAMS,STO,EA,44,1,16.562,16.56
BGI3,17/01/25,132,SI011882,F,VS,FBT18,LO7771 - BANANA MUFFIN,LO7771,BANANA MUFFIN,FOO,EA,44,21,3.272,68.71
BGI3,17/01/25,132,SI011882,F,VS,FCE155,LO7764 -HERB CHIX W POT GRATIN,LO7764,HERBED CHIX POTATO GRATIN CORN AND PEPPER,FOO,EA,44,16,12.582,201.31
BGI3,17/01/25,132,SI011882,F,VS,FCE156,LO7765 - MAHI MAHI W WILD RICE,LO7765,SPICED MAHI TURMERIC WILD RICE COCONUT CURRY,FOO,EA,44,9,14.292,128.63
BGI3,17/01/25,132,SI011882,F,VS,FCE157,LO7766 - VEG LASAGNA,LO7766,VEGETABLE LASGNA DUO SCALES,FOO,EA,44,6,12.42,74.52
BGI3,17/01/25,132,SI011882,F,VS,FCF16,LO5500- PICK YOUR OWN,LO5500,CARIBBEAN FRUIT WHOLE [ASSORTED],FOO,EA,44,1,26.288,26.29
BGI3,17/01/25,132,SI011882,F,VS,FCS153,LO8803 - JERK PORK SATAYS,LO8803,,,EA,44,21,6.072,127.51
BGI3,17/01/25,132,SI011882,F,VS,FCS154,LO8804 - PUMKIN HUMMUS,LO8804,,,EA,44,25,5.176,129.4
BGI3,17/01/25,132,SI011882,F,VS,FDD106,LO7762 -SAVOURY CHEESE PLATE,LO7762,STILTON CHEEDAR GOAT GRAPE CHUTNEY,FOO,EA,44,25,7.53,188.25
BGI3,17/01/25,132,SI011882,F,VS,FDD108,LO8805 - DOUBLE CHOC CHE CAKE,LO8805,,,EA,44,17,5.38,91.46
BGI3,17/01/25,132,SI011882,F,VS,FDD109,LO8806 - CARAMEL - PUMKIN BREA,LO8806,,,EA,44,21,4.83,101.43
BGI3,17/01/25,132,SI011882,F,VS,FDT007,LO4801- BUTTER,LO4801,BUTTER [PIPED] BULK LOAED,FOO,EA,44,42,1.042,43.76
BGI3,17/01/25,132,SI011882,F,VS,FHB69,LO4240-BACON BAP,LO4240,BACON BAP,FOO,EA,44,15,5.18,77.7
BGI3,17/01/25,132,SI011882,F,VS,FHB83,LO7767 -SCRAM EGG BB SAUS,LO7767,SCRAMBLE EGGS BACK BACON SAUSAGE BAKED BEANS,FOO,EA,44,21,9.72,204.12
BGI3,17/01/25,132,SI011882,F,VS,FHB84,LO7768 - PEPP - CHEE OMELETTE,LO7768,PEPPER AND CHEESE OMELETTE SPINACH SWEET POTATO,FOO,EA,44,6,7.85,47.1
BGI3,17/01/25,132,SI011882,F,VS,FHB85,LO7769 - CHOCO CHIP PANCAKE,LO7769,CHOCOLATE CHIP PANCAKESPICED PINEAPPLE AND BERRY C,FOO,EA,44,8,6.31,50.48
BGI3,17/01/25,132,SI011882,F,VS,FPAX04,23234-PER PASSENGER CHARGE,23234,OVERHEAD - J PAX OVERHEAD - PER PAX,SER,EA,44,44,36.774,1618.06
BGI3,17/01/25,132,SI011882,J,VS,1JVG01,SP124621 - VGML [J/C],SP124621,VGML,FOO,EA,46,3,14.694,44.08
BGI3,17/01/25,132,SI011882,J,VS,1PWAM2,SP170105 - WAM2,SP170105,WAML,FOO,EA,46,14,8.69,121.66
BGI3,17/01/25,132,SI011882,J,VS,1PWBM2,SP170106 - WBM2,SP170106,WBML,FOO,EA,46,4,11.298,45.19
BGI3,17/01/25,132,SI011882,J,VS,1PWCM2,SP170107 - WCM2,SP170107,WCML,FOO,EA,46,2,7.248,14.5
BGI3,17/01/25,132,SI011882,J,VS,JBE41, PORK SAUG,LO7775,SCRAMBLE EGG PORK SAUSAGE BACK BACON BAKED BEANS,FOO,EA,46,22,6.378,140.32
BGI3,17/01/25,132,SI011882,J,VS,JBE42,LO7776 -EGG - VEG FRITATTA,LO7776,EGG - VEGETABLE FRITATTA SWEET POTATO BLISTERED CH,FOO,EA,46,8,7.518,60.14
BGI3,17/01/25,132,SI011882,J,VS,JBE43,LO7777 -CHOC CHIP PANCAKES,LO7777,CHOCOLATE CHIP PANCAKE CARMALIZED PINEAPPLE AND BE,FOO,EA,46,13,5.378,69.91
BGI3,17/01/25,132,SI011882,J,VS,JCE119,LO7772 -CREOLE CHIX W GAR ORZO,LO7772,SEARED CHIX CREOLE SAUCE GARLIZ ORZO,FOO,EA,46,15,8.69,130.35
BGI3,17/01/25,132,SI011882,J,VS,JCE121,LO7773 -MAHI MAHI W MAS POT,LO7773,SEARED MAHI GARLIC MASH BLISTETED TOMATO,FOO,EA,46,7,11.298,79.09
BGI3,17/01/25,132,SI011882,J,VS,JCE122,LO7774-WILD RICE COCO CURRY,LO7774,WILD RICE COCONUT CURRY SAUCE FRIED PLANTAIN,FOO,EA,46,4,7.248,28.99
BGI3,17/01/25,132,SI011882,J,VS,JDT33,LO2622- TRAY SET MM,LO2622,TRAY SET UP,SER,EA,46,43,16.138,693.93
BGI3,17/01/25,132,SI011882,J,VS,JPAX02,23237-PER PASSENGER CHARGE,23237,OVERHEAD - W PAX OVERHEAD - PER PAX,SER,EA,46,40,16.939,677.56
BGI3,17/01/25,132,SI011882,Y,VS,1YAV01,SP124700- AVML [Y/C],SP124700,AVML,FOO,EA,141,3,15.115,45.35
BGI3,17/01/25,132,SI011882,Y,VS,1YCH04,SP124709- CHML [Y/C],SP124709,CHML,FOO,EA,141,2,14.622,29.24
BGI3,17/01/25,132,SI011882,Y,VS,1YHN01,SP124703 - HNML [Y/C],SP124703,HNML,FOO,EA,141,1,17.178,17.18
BGI3,17/01/25,132,SI011882,Y,VS,1YMO01,SP124702 - MOML [Y/C],SP124702,MOML,FOO,EA,141,3,12.154,36.46
BGI3,17/01/25,132,SI011882,Y,VS,1YVG01,SP124699- VGML [Y/C],SP124699,VGML,FOO,EA,141,1,14.694,14.69
BGI3,17/01/25,132,SI011882,Y,VS,1YVL01,SP124698- VLML [Y/C],SP124698,VLML,FOO,EA,141,1,12.154,12.15
BGI3,17/01/25,132,SI011882,Y,VS,3YDS01,3354- ORANGE JUICE-1LT,3354,BEVERAGES - ORANGE JUICE - 1 LT,STO,EA,141,28,2.124,59.47
BGI3,17/01/25,132,SI011882,Y,VS,3YDS02,3335-TOMATO JUICE 1LT,3335,BEVERAGES - TOMATO JUICE - 1 LT,STO,EA,141,5,4.057,20.29
BGI3,17/01/25,132,SI011882,Y,VS,3YDS03,3376-CRANBERRY JUICE,3376,BEVERAGES - CRANBERRY JUICE - 1 LT,STO,EA,141,1,5.101,5.1
BGI3,17/01/25,132,SI011882,Y,VS,3YDS04,3353-APPLE JUICE 1LTR,3353,BEVERAGES - APPLE JUICE - 1 LT,STO,EA,141,18,2.124,38.23
BGI3,17/01/25,132,SI011882,Y,VS,3YDS06,3476-MINERAL WATER 1.5LT,3476,BEVERAGES - MINERAL WATER STILL - 1 LT,STO,EA,141,99,2.36,233.64
BGI3,17/01/25,132,SI011882,Y,VS,3YDS07,33169-SPARKLING WATER 1LT,33169,BEVERAGES - MINERAL WATER SPARK - 1 LT,STO,EA,141,11,3.274,36.01
BGI3,17/01/25,132,SI011882,Y,VS,3YDS11,213774-PLASTIC BAG,213774,EQUIPMENT - BAG- PLASTIC BAG,EQU,EA,141,1,0.368,0.37
BGI3,17/01/25,132,SI011882,Y,VS,3YS022,ORANGE LINEN BAG,151383,LAUNDRY - BAG LINEN ORANGE 2014,LAU,EA,141,1,1.969,1.97
BGI3,17/01/25,132,SI011882,Y,VS,3YS024,LINEN NAPKINS,3527,LAUNDRY - LINEN FOLDED NAPKIN 2014,LAU,EA,141,44,0.522,22.97
BGI3,17/01/25,132,SI011882,Y,VS,3YS032,145995-EQUIP PK - STORES 300,145995,PACKING - FLIGHT PACKING - A330-300,SER,EA,141,1,167.95,167.95
BGI3,17/01/25,132,SI011882,Y,VS,3YS035,145991-TRANS.- HANDLING 33J,145991,TURNAROUND - STRIP - LOAD - A330-300 - 3 FLIGHTS,SER,EA,141,1,483.897,483.9
BGI3,17/01/25,132,SI011882,Y,VS,3YS036,145994- WASH UP A330-300,145994,WASH UP - WASH UP - A330-900,SER,EA,141,1,404.383,404.38
BGI3,17/01/25,132,SI011882,Y,VS,3YS038,17.5% VAT ON LAUNDRY CHRG 33J,51069SALE,SALES TAX - LAUNDRY,VAT,EA,141,1,10.961,10.96
BGI3,17/01/25,132,SI011882,Y,VS,3YS063,25137-CUTLERY WRAP 1ST SERV 33,25137,PACKING - CUTLERY WRAPPING FIRST SERVICE - A330-30,SER,EA,141,1,8.435,8.44
BGI3,17/01/25,132,SI011882,Y,VS,3YS064,33819-CUTLERY WRAP 2ND SERV 33,33819,PACKING - CUTLERY WRAPPING SECOND SERVICE - A330-3,SER,EA,141,1,8.435,8.44
BGI3,17/01/25,132,SI011882,Y,VS,3YS071,32673-CULT WASH-PL 1SER 300,32673,PACKING - CUTLERY WASHUP - POLISHING FIRST SERVICE,SER,EA,141,1,27.272,27.27
BGI3,17/01/25,132,SI011882,Y,VS,3YS072,33141-CULT WASH-PL 2SER 300,33141,PACKING - CUTLERY WASHUP - POLISHING SECOND SERVIC,SER,EA,141,1,18.363,18.36
BGI3,17/01/25,132,SI011882,Y,VS,3YS095,25127- CUTL WSH-POL A330,25127,PACKING - CUTLERY WASHUP - POLISHING - A330-300,SER,EA,141,1,54.402,54.4
BGI3,17/01/25,132,SI011882,Y,VS,FAN17,19382-MILK 100% [Y],19382,FULL FAT MILK - PINT,STO,EA,141,2,4.805,9.61
BGI3,17/01/25,132,SI011882,Y,VS,FAN18,19384- MILK 2% [Y],19384,SEMI SKIMMED MILK - PINT,STO,EA,141,4,4.805,19.22
BGI3,17/01/25,132,SI011882,Y,VS,FAN19,7042-LEMON HALVES [Y],7042,LIME WEDGES,FOO,EA,141,6,5.125,30.75
BGI3,17/01/25,132,SI011882,Y,VS,FAN20,19380- WET ICE [6LB BAG] [Y],19380,WET ICE,WET,EA,141,6,2.942,17.65
BGI3,17/01/25,132,SI011882,Y,VS,YBE11,174148-BREAKFAST BOX,174148,,,EA,141,130,8.412,1093.56
BGI3,17/01/25,132,SI011882,Y,VS,YBE24,LO6953-OTIS SPUNKMEYER MUFFIN,LO6953,OTIS SPUNKMEYER MUFFIN,FOO,EA,141,130,1.872,243.36
BGI3,17/01/25,132,SI011882,Y,VS,YDE116,LO7778 - RO CHIX W PEPPERCORN,LO7778,ROASTED CHIX PEPPER SAU MASHED POTATO VEG,FOO,EA,141,91,8.748,796.07
BGI3,17/01/25,132,SI011882,Y,VS,YDE117,LO7779 - MAC PIE W TOM SAUCE,LO7779,MACARONI PIE TOMATO ROSE CREAMY SAUCE,FOO,EA,141,39,5.378,209.74
BGI3,17/01/25,132,SI011882,Y,VS,YDT30,LO2623 - MAIN MEAL TRAY SET UP,LO2623,TRAY SET UP,SER,EA,141,130,8.72,1133.6
BGI3,17/01/25,132,SI011882,Y,VS,YPAX03,23240- PER PASSENGER CHARGE[Y],23240,OVERHEAD - Y PAX OVERHEAD - PER PAX,SER,EA,141,136,13.856,1884.42
BGI3,17/01/25,132,SI011882,YC,VS,2CE069, COCO CURRY,LO8708,WILD RICE COCONUT CURRY SAUCE VEG,FOO,EA,12,3,6.438,19.31
BGI3,17/01/25,132,SI011882,YC,VS,2CE070,LO8709 - GARLIC MASH CHIX THIG,LO8709,GARLIC MASH SEARED CHIX GREEN PEPPERCORN SAUCE,FOO,EA,12,3,10.838,32.51
BGI3,17/01/25,132,SI011882,YC,VS,2CE071,LO8710 - MAHI W GARL ORZO PAS,LO8710,SEARED MAHI ORZO PASTA CREOLE SAUCE VEG,FOO,EA,12,2,12.378,24.76
BGI3,17/01/25,132,SI011882,YC,VS,2CE072,LO8711 - PORKLOIN W PO GRATIN,LO8711,SEARED PORK POTATO GRATIN VEG,FOO,EA,12,2,13.84,27.68
BGI3,17/01/25,132,SI011882,YC,VS,2CE073,LO8712 - CHEESE RAVIOLI,LO8712,CHEESE RAVIOLI,FOO,EA,12,2,8.718,17.44
BGI3,17/01/25,132,SI011882,YC,VS,2CFF11,LO4110-WHOLE FRUIT 1,LO4110,SEASONAL WHOLE FRUIT OPTION 1,FOO,EA,12,6,4.622,27.73
BGI3,17/01/25,132,SI011882,YC,VS,2CFF12,LO4111-WHOLE FRUIT 2,LO4111,SEASONAL WHOLE FRUIT OPT 2,FOO,EA,12,6,4.622,27.73
BGI3,17/01/25,132,SI011882,YC,VS,2CFS44,LO5113- EGG SALAD SANDWICH,LO5113,EGG SALAD SANDWICH,FOO,EA,12,3,5.374,16.12
BGI3,17/01/25,132,SI011882,YC,VS,2CFS45,LO5115- TUNASALAD SANDWICH,LO5115,TUNA SALAD SANDWICH,FOO,EA,12,2,6.734,13.47
BGI3,17/01/25,132,SI011882,YC,VS,2CFS49,LO5119- BAP - STREAKY BACON,LO5119,SCOTTISH BAP WITH BACON,FOO,EA,12,4,4.866,19.46
BGI3,17/01/25,132,SI011882,YC,VS,2CFS52,LO5368- PLAIN BAGEL -PC CR CH,LO5368,PLAIN BAGEL WITH PC CREAM CHEESE,FOO,EA,12,4,4.086,16.34
BGI3,17/01/25,132,SI011882,YC,VS,2CFS77,LO8713 - HAM SANDWICH,LO8713,HAM SANDWICH,FOO,EA,12,3,7.734,23.2
BGI3,17/01/25,132,SI011882,YC,VS,2CFS78,LO8714 - CHEESE TOMATO WRAP,LO8714,CHEESE TOMATO CUCUMBER WRAP,FOO,EA,12,2,6.694,13.39
BGI3,17/01/25,132,SI011882,YC,VS,2CFS79,LO8715 - CHICKEN CHEESE BAGEL,LO8715,CHICKEN AND CHEESE BAGEL,FOO,EA,12,2,5.014,10.03
BGI3,17/01/25,132,SI011882,YC,VS,2CFS80,LO8716 - TURKEY SANDWICH,LO8716,TURKEY SANDWICH,FOO,EA,12,4,7.896,31.58
BGI3,17/01/25,132,SI011882,YC,VS,2CFS81, CHUTNE,LO8718,TILLAMOOK CHEESE CARR TROPICAL CHUTNEY,FOO,EA,12,6,6.788,40.73
BGI3,17/01/25,132,SI011882,YC,VS,2CFS82,LO8717 - PROTEIN POT W OLIVES,LO8717,PUMPKIN HUMMUS C CHEESE BLACK OLIVES PITTA BREAD T,FOO,EA,12,6,6.904,41.42
BGI3,17/01/25,132,SI011882,YC,VS,CPAX02,28728- C CREW SVC CHARGE,28728,OVERHEAD - CC OVERHEAD - PER PAX,SER,EA,12,12,25.48,305.76
BGI3,17/01/25,187A,SI011885,F,VS,FPAX06,F PAX CHG SHUTTLE,23234ISLAND,OVERHEAD - J INTERISLAND OVERHEAD - PER PAX,SER,EA,13,13,0.831,10.8
BGI3,17/01/25,187A,SI011885,F,VS,JSN04,LO7128 - ORIGINAL SHIRLEY,LO7128,ORIGINAL SHIRLEY BISCUIT,STO,EA,13,13,1.096,14.25
BGI3,17/01/25,187A,SI011885,J,VS,JPAX03,J PAX CHG SHUTTLE,23237ISLAND,OVERHEAD - W INTERISLAND OVERHEAD - PER PAX,SER,EA,16,16,0.831,13.3
BGI3,17/01/25,187A,SI011885,J,VS,JSN05,LO7135 - ORIGINAL SHIRLEY,LO7135,ORIGINAL SHIRLEY BISCUIT,STO,EA,16,16,1.096,17.54
BGI3,17/01/25,187A,SI011885,Y,VS,3YS035,145991-TRANS.- HANDLING 33J,145991,TURNAROUND - STRIP - LOAD - A330-300 - 3 FLIGHTS,SER,EA,47,1,483.897,483.9
BGI3,17/01/25,187A,SI011885,Y,VS,FAN35,WATER 1.5LT,LO2664,INTERISLAND 1.5 LTR WATER,STO,EA,47,18,2.36,42.48
BGI3,17/01/25,187A,SI011885,Y,VS,FAN36,ORANGE JUICE 1LT,3354,BEVERAGE- ORANGE JUICE - 1 LT,STO,EA,47,5,2.124,10.62
BGI3,17/01/25,187A,SI011885,Y,VS,JSN06,LO7138 - ORIGINAL SHIRLEY,LO7138,ORIGINAL SHIRLEY BISCUIT,STO,EA,47,47,1.096,51.51
BGI3,17/01/25,187A,SI011885,Y,VS,YPAX04,Y PAX CHG SHUTTLE,23240ISLAND,OVERHEAD - Y INTERISLAND OVERHEAD - PER PAX,SER,EA,47,47,0.831,39.06
BGI3,17/01/25,187A,SI011885,YC,VS,2CFF12,LO4111-WHOLE FRUIT 2,LO4111,SEASONAL WHOLE FRUIT OPT 2,FOO,EA,12,5,4.622,23.11
BGI3,17/01/25,187A,SI011885,YC,VS,2CFF13,LO4268 - WHOLE FRUIT 1,LO4268,SEASONAL WHOLE FRUIT OPT 1,FOO,EA,12,7,4.662,32.63
BGI3,17/01/25,187A,SI011885,YC,VS,2CFS55,LO6303 - TUNA SANDWICH,LO6303,TUNA SANDWICH,FOO,EA,12,5,6.734,33.67
BGI3,17/01/25,187A,SI011885,YC,VS,2CFS83,LO7721 - EGG SANDWICH,LO7721,EGG SALAD SANDWICH,FOO,EA,12,7,5.374,37.62
BGI3,17/01/25,187A,SI011885,YC,VS,CPAX04,C PAX CHG SHUTTLE,28728,OVERHEAD - CC OVERHEAD - PER PAX,SER,EA,12,12,22.261,267.13
BGI3,17/01/25,187A,SI011885,YC,VS,FAN37,LO2664 - CREW WATER 1.5 LT,LO2664,INTERISLAND 1.5 LTR WATER,STO,EA,12,12,2.272,27.26
BGI3,17/01/25,187A,SI011885,YC,VS,JSN07,LO7722 - ORIG SHIRLEY CREW,LO7722,ORIGINAL SHIRLEY BISCUIT,STO,EA,12,12,1.096,13.15
BGI3,17/01/25,188,SI011883,F,VS,1FGF01,SP124540- GFML [F/C],SP124540,GFML,FOO,EA,31,1,31.461,31.46
BGI3,17/01/25,188,SI011883,F,VS,1POAM2,SP170097 - OAML,SP170097,OAML,FOO,EA,31,4,12.582,50.33
BGI3,17/01/25,188,SI011883,F,VS,1POSML,SP170101 - OSML,SP170101,OSML,FOO,EA,31,1,10.91,10.91
BGI3,17/01/25,188,SI011883,F,VS,1POUML,SP173624 - OUML,SP173624,OUML,FOO,EA,31,2,12.36,24.72
BGI3,17/01/25,188,SI011883,F,VS,FAN12,19381- MILK 100%,19381,FULL FAT MILK - PINT,STO,EA,31,4,4.805,19.22
BGI3,17/01/25,188,SI011883,F,VS,FAN13,19383- MILK 2%,19383,SEMI SKIMMED MILK - PINT,STO,EA,31,2,4.805,9.61
BGI3,17/01/25,188,SI011883,F,VS,FAN14,19385-LEMON HALVES,19385,LEMON WEDGES,FOO,EA,31,2,5.125,10.25
BGI3,17/01/25,188,SI011883,F,VS,FAN21,19379-WET ICE[6LB BAG],19379,WET ICE,WET,EA,31,4,2.942,11.77
BGI3,17/01/25,188,SI011883,F,VS,FAN23,LO7607-CUCUMBER SLICES,LO7607,CUCUMBER SLICES,FOO,EA,31,1,7.686,7.69
BGI3,17/01/25,188,SI011883,F,VS,FAN30,7041- LIME WEDGES,7041,LIME WEDGES,FOO,EA,31,2,4.78,9.56
BGI3,17/01/25,188,SI011883,F,VS,FAN33,23212 - BULK EQUIPMENT,23212,BULK EQUIPMENT,EQU,EA,31,24,1.779,42.7
BGI3,17/01/25,188,SI011883,F,VS,FBD91,LO7757 -WHOLE WHEAT - FLAXSEED,LO7757,WHOLE WHEAT - FLAXSEED KNOT ROLL,FOO,EA,31,15,2.446,36.69
BGI3,17/01/25,188,SI011883,F,VS,FBD92,LO7758 -BLACK OLIVE - GAR ROLL,LO7758,BLACK OLIVE AND GARLIC ROLL,FOO,EA,31,15,2.516,37.74
BGI3,17/01/25,188,SI011883,F,VS,FBD93,LO7759 -CHEDDAR - ONION ROLL,LO7759,CHEDDAR CHEESE AND ONION ROLL,FOO,EA,31,15,2.446,36.69
BGI3,17/01/25,188,SI011883,F,VS,FBT14,LO7770- FRUIT PLATE,LO7770,FRUIT PLATE,FOO,EA,31,15,6.598,98.97
BGI3,17/01/25,188,SI011883,F,VS,FBT16,LO7126 - PLAIN GREEK YOGH FULL,LO7126,PLAIN GREEK YOGHURT - 907 GRAMS,STO,EA,31,1,13.612,13.61
BGI3,17/01/25,188,SI011883,F,VS,FBT17,LO7127- GRANOLA FULL,LO7127,GRANOLA WHOLE GRAIN - 360 GRAMS,STO,EA,31,1,16.562,16.56
BGI3,17/01/25,188,SI011883,F,VS,FBT18,LO7771 - BANANA MUFFIN,LO7771,BANANA MUFFIN,FOO,EA,31,15,3.272,49.08
BGI3,17/01/25,188,SI011883,F,VS,FCE155,LO7764 -HERB CHIX W POT GRATIN,LO7764,HERBED CHIX POTATO GRATIN CORN AND PEPPER,FOO,EA,31,9,12.582,113.24
BGI3,17/01/25,188,SI011883,F,VS,FCE156,LO7765 - MAHI MAHI W WILD RICE,LO7765,SPICED MAHI TURMERIC WILD RICE COCONUT CURRY,FOO,EA,31,7,14.292,100.04
BGI3,17/01/25,188,SI011883,F,VS,FCE157,LO7766 - VEG LASAGNA,LO7766,VEGETABLE LASGNA DUO SCALES,FOO,EA,31,4,12.42,49.68
BGI3,17/01/25,188,SI011883,F,VS,FCF16,LO5500- PICK YOUR OWN,LO5500,CARIBBEAN FRUIT WHOLE [ASSORTED],FOO,EA,31,1,26.288,26.29
BGI3,17/01/25,188,SI011883,F,VS,FCS153,LO8803 - JERK PORK SATAYS,LO8803,,,EA,31,15,6.072,91.08
BGI3,17/01/25,188,SI011883,F,VS,FCS154,LO8804 - PUMKIN HUMMUS,LO8804,,,EA,31,18,5.176,93.17
BGI3,17/01/25,188,SI011883,F,VS,FDD106,LO7762 -SAVOURY CHEESE PLATE,LO7762,STILTON CHEEDAR GOAT GRAPE CHUTNEY,FOO,EA,31,18,7.53,135.54
BGI3,17/01/25,188,SI011883,F,VS,FDD108,LO8805 - DOUBLE CHOC CHE CAKE,LO8805,,,EA,31,12,5.38,64.56
BGI3,17/01/25,188,SI011883,F,VS,FDD109,LO8806 - CARAMEL - PUMKIN BREA,LO8806,,,EA,31,15,4.83,72.45
BGI3,17/01/25,188,SI011883,F,VS,FDT007,LO4801- BUTTER,LO4801,BUTTER [PIPED] BULK LOAED,FOO,EA,31,30,1.042,31.26
BGI3,17/01/25,188,SI011883,F,VS,FHB69,LO4240-BACON BAP,LO4240,BACON BAP,FOO,EA,31,11,5.18,56.98
BGI3,17/01/25,188,SI011883,F,VS,FHB83,LO7767 -SCRAM EGG BB SAUS,LO7767,SCRAMBLE EGGS BACK BACON SAUSAGE BAKED BEANS,FOO,EA,31,15,9.72,145.8
BGI3,17/01/25,188,SI011883,F,VS,FHB84,LO7768 - PEPP - CHEE OMELETTE,LO7768,PEPPER AND CHEESE OMELETTE SPINACH SWEET POTATO,FOO,EA,31,4,7.85,31.4
BGI3,17/01/25,188,SI011883,F,VS,FHB85,LO7769 - CHOCO CHIP PANCAKE,LO7769,CHOCOLATE CHIP PANCAKESPICED PINEAPPLE AND BERRY C,FOO,EA,31,6,6.31,37.86
BGI3,17/01/25,188,SI011883,F,VS,FPAX04,23234-PER PASSENGER CHARGE,23234,OVERHEAD - J PAX OVERHEAD - PER PAX,SER,EA,31,24,36.774,882.58
BGI3,17/01/25,188,SI011883,J,VS,1PWAM2,SP170105 - WAM2,SP170105,WAML,FOO,EA,45,7,8.69,60.83
BGI3,17/01/25,188,SI011883,J,VS,1PWBM2,SP170106 - WBM2,SP170106,WBML,FOO,EA,45,4,11.298,45.19
BGI3,17/01/25,188,SI011883,J,VS,JBE41, PORK SAUG,LO7775,SCRAMBLE EGG PORK SAUSAGE BACK BACON BAKED BEANS,FOO,EA,45,23,6.378,146.69
BGI3,17/01/25,188,SI011883,J,VS,JBE42,LO7776 -EGG - VEG FRITATTA,LO7776,EGG - VEGETABLE FRITATTA SWEET POTATO BLISTERED CH,FOO,EA,45,8,7.518,60.14
BGI3,17/01/25,188,SI011883,J,VS,JBE43,LO7777 -CHOC CHIP PANCAKES,LO7777,CHOCOLATE CHIP PANCAKE CARMALIZED PINEAPPLE AND BE,FOO,EA,45,14,5.378,75.29
BGI3,17/01/25,188,SI011883,J,VS,JCE119,LO7772 -CREOLE CHIX W GAR ORZO,LO7772,SEARED CHIX CREOLE SAUCE GARLIZ ORZO,FOO,EA,45,22,8.69,191.18
BGI3,17/01/25,188,SI011883,J,VS,JCE121,LO7773 -MAHI MAHI W MAS POT,LO7773,SEARED MAHI GARLIC MASH BLISTETED TOMATO,FOO,EA,45,10,11.298,112.98
BGI3,17/01/25,188,SI011883,J,VS,JCE122,LO7774-WILD RICE COCO CURRY,LO7774,WILD RICE COCONUT CURRY SAUCE FRIED PLANTAIN,FOO,EA,45,7,7.248,50.74
BGI3,17/01/25,188,SI011883,J,VS,JDT33,LO2622- TRAY SET MM,LO2622,TRAY SET UP,SER,EA,45,45,16.138,726.21
BGI3,17/01/25,188,SI011883,J,VS,JPAX02,23237-PER PASSENGER CHARGE,23237,OVERHEAD - W PAX OVERHEAD - PER PAX,SER,EA,45,35,16.939,592.87
BGI3,17/01/25,188,SI011883,Y,VS,1YAV01,SP124700- AVML [Y/C],SP124700,AVML,FOO,EA,123,1,15.115,15.12
BGI3,17/01/25,188,SI011883,Y,VS,1YCH04,SP124709- CHML [Y/C],SP124709,CHML,FOO,EA,123,1,14.622,14.62
BGI3,17/01/25,188,SI011883,Y,VS,1YFP01,SP124713 - FPML [Y/C],SP124713,FPML,FOO,EA,123,1,18.156,18.16
BGI3,17/01/25,188,SI011883,Y,VS,1YGF01,SP124706 - GFML [Y/C],SP124706,GFML,FOO,EA,123,2,22.504,45.01
BGI3,17/01/25,188,SI011883,Y,VS,1YVG01,SP124699- VGML [Y/C],SP124699,VGML,FOO,EA,123,1,14.694,14.69
BGI3,17/01/25,188,SI011883,Y,VS,3YS022,ORANGE LINEN BAG,151383,LAUNDRY - BAG LINEN ORANGE 2014,LAU,EA,123,1,1.969,1.97
BGI3,17/01/25,188,SI011883,Y,VS,3YS023,LINEN TABLECLOTH,3526,LAUNDRY - TABLE CLOTH/RUNNER 2014,LAU,EA,123,33,0.652,21.52
BGI3,17/01/25,188,SI011883,Y,VS,3YS024,LINEN NAPKINS,3527,LAUNDRY - LINEN FOLDED NAPKIN 2014,LAU,EA,123,31,0.522,16.18
BGI3,17/01/25,188,SI011883,Y,VS,3YS032,145995-EQUIP PK - STORES 300,145995,PACKING - FLIGHT PACKING - A330-300,SER,EA,123,1,167.95,167.95
BGI3,17/01/25,188,SI011883,Y,VS,3YS035,145991-TRANS.- HANDLING 33J,145991,TURNAROUND - STRIP - LOAD - A330-300 - 3 FLIGHTS,SER,EA,123,1,483.897,483.9
BGI3,17/01/25,188,SI011883,Y,VS,3YS036,145994- WASH UP A330-300,145994,WASH UP - WASH UP - A330-900,SER,EA,123,1,404.383,404.38
BGI3,17/01/25,188,SI011883,Y,VS,3YS038,17.5% VAT ON LAUNDRY CHRG 33J,51069SALE,SALES TAX - LAUNDRY,VAT,EA,123,1,10.961,10.96
BGI3,17/01/25,188,SI011883,Y,VS,3YS063,25137-CUTLERY WRAP 1ST SERV 33,25137,PACKING - CUTLERY WRAPPING FIRST SERVICE - A330-30,SER,EA,123,1,8.435,8.44
BGI3,17/01/25,188,SI011883,Y,VS,3YS064,33819-CUTLERY WRAP 2ND SERV 33,33819,PACKING - CUTLERY WRAPPING SECOND SERVICE - A330-3,SER,EA,123,1,8.435,8.44
BGI3,17/01/25,188,SI011883,Y,VS,3YS071,32673-CULT WASH-PL 1SER 300,32673,PACKING - CUTLERY WASHUP - POLISHING FIRST SERVICE,SER,EA,123,1,27.272,27.27
BGI3,17/01/25,188,SI011883,Y,VS,3YS072,33141-CULT WASH-PL 2SER 300,33141,PACKING - CUTLERY WASHUP - POLISHING SECOND SERVIC,SER,EA,123,1,18.363,18.36
BGI3,17/01/25,188,SI011883,Y,VS,3YS095,25127- CUTL WSH-POL A330,25127,PACKING - CUTLERY WASHUP - POLISHING - A330-300,SER,EA,123,1,54.402,54.4
BGI3,17/01/25,188,SI011883,Y,VS,FAN17,19382-MILK 100% [Y],19382,FULL FAT MILK - PINT,STO,EA,123,2,4.805,9.61
BGI3,17/01/25,188,SI011883,Y,VS,FAN18,19384- MILK 2% [Y],19384,SEMI SKIMMED MILK - PINT,STO,EA,123,4,4.805,19.22
BGI3,17/01/25,188,SI011883,Y,VS,FAN19,7042-LEMON HALVES [Y],7042,LIME WEDGES,FOO,EA,123,5,5.125,25.63
BGI3,17/01/25,188,SI011883,Y,VS,FAN20,19380- WET ICE [6LB BAG] [Y],19380,WET ICE,WET,EA,123,5,2.942,14.71
BGI3,17/01/25,188,SI011883,Y,VS,YBE11,174148-BREAKFAST BOX,174148,,,EA,123,117,8.412,984.2
BGI3,17/01/25,188,SI011883,Y,VS,YBE24,LO6953-OTIS SPUNKMEYER MUFFIN,LO6953,OTIS SPUNKMEYER MUFFIN,FOO,EA,123,117,1.872,219.02
BGI3,17/01/25,188,SI011883,Y,VS,YDE116,LO7778 - RO CHIX W PEPPERCORN,LO7778,ROASTED CHIX PEPPER SAU MASHED POTATO VEG,FOO,EA,123,82,8.748,717.34
BGI3,17/01/25,188,SI011883,Y,VS,YDE117,LO7779 - MAC PIE W TOM SAUCE,LO7779,MACARONI PIE TOMATO ROSE CREAMY SAUCE,FOO,EA,123,35,5.378,188.23
BGI3,17/01/25,188,SI011883,Y,VS,YDT30,LO2623 - MAIN MEAL TRAY SET UP,LO2623,TRAY SET UP,SER,EA,123,117,8.72,1020.24
BGI3,17/01/25,188,SI011883,Y,VS,YPAX03,23240- PER PASSENGER CHARGE[Y],23240,OVERHEAD - Y PAX OVERHEAD - PER PAX,SER,EA,123,121,13.856,1676.58
BGI3,17/01/25,188,SI011883,YC,VS,2CE067,LO8753 - ROASTED RAVOLI CHR,LO8753,,,EA,12,3,12.016,36.05
BGI3,17/01/25,188,SI011883,YC,VS,2CE068,LO8754 - ROAST TURK ENTREE CHR,LO8754,,,EA,12,3,19.434,58.3
BGI3,17/01/25,188,SI011883,YC,VS,2CFF11,LO4110-WHOLE FRUIT 1,LO4110,SEASONAL WHOLE FRUIT OPTION 1,FOO,EA,12,6,4.622,27.73
BGI3,17/01/25,188,SI011883,YC,VS,2CFF12,LO4111-WHOLE FRUIT 2,LO4111,SEASONAL WHOLE FRUIT OPT 2,FOO,EA,12,6,4.622,27.73
BGI3,17/01/25,188,SI011883,YC,VS,CPAX02,28728- C CREW SVC CHARGE,28728,OVERHEAD - CC OVERHEAD - PER PAX,SER,EA,12,12,25.48,305.76
BGI3,17/01/25,188A,SI011886,F,VS,FPAX06,F PAX CHG SHUTTLE,23234ISLAND,OVERHEAD - J INTERISLAND OVERHEAD - PER PAX,SER,EA,13,13,0.831,10.8
BGI3,17/01/25,188A,SI011886,F,VS,JSN04,LO7128 - ORIGINAL SHIRLEY,LO7128,ORIGINAL SHIRLEY BISCUIT,STO,EA,13,13,1.096,14.25
BGI3,17/01/25,188A,SI011886,J,VS,JPAX03,J PAX CHG SHUTTLE,23237ISLAND,OVERHEAD - W INTERISLAND OVERHEAD - PER PAX,SER,EA,18,18,0.831,14.96
BGI3,17/01/25,188A,SI011886,J,VS,JSN05,LO7135 - ORIGINAL SHIRLEY,LO7135,ORIGINAL SHIRLEY BISCUIT,STO,EA,18,18,1.096,19.73
BGI3,17/01/25,188A,SI011886,Y,VS,JSN06,LO7138 - ORIGINAL SHIRLEY,LO7138,ORIGINAL SHIRLEY BISCUIT,STO,EA,47,47,1.096,51.51
BGI3,17/01/25,188A,SI011886,Y,VS,YPAX04,Y PAX CHG SHUTTLE,23240ISLAND,OVERHEAD - Y INTERISLAND OVERHEAD - PER PAX,SER,EA,47,47,0.831,39.06
BGI3,17/01/25,188A,SI011886,YC,VS,FAN35,WATER 1.5LT,LO2664,INTERISLAND 1.5 LTR WATER,STO,EA,12,12,2.36,28.32
BGI3,18/01/25,78,SI011888,F,VS,1FCH02,SP124543 - CHILD MEAL [F/C],SP124543,CHML,FOO,EA,31,4,29.908,119.63
BGI3,18/01/25,78,SI011888,F,VS,1OCM2,SP170099 - OCML,SP170099,OCML,FOO,EA,31,2,12.42,24.84
BGI3,18/01/25,78,SI011888,F,VS,1POAM2,SP170097 - OAML,SP170097,OAML,FOO,EA,31,2,12.582,25.16
BGI3,18/01/25,78,SI011888,F,VS,1POBM2,SP170098 - OBML,SP170098,OBML,FOO,EA,31,2,14.292,28.58
BGI3,18/01/25,78,SI011888,F,VS,1POMML,SP170100 - OMML,SP170100,OMML,FOO,EA,31,1,9.162,9.16
BGI3,18/01/25,78,SI011888,F,VS,1POSML,SP170101 - OSML,SP170101,OSML,FOO,EA,31,2,10.91,21.82
BGI3,18/01/25,78,SI011888,F,VS,1POTML,SP170102 - OTML,SP170102,OTML,FOO,EA,31,4,9.48,37.92
BGI3,18/01/25,78,SI011888,F,VS,1YBA02,BABY MEAL - CATERER OWNED,SP124710,BBML,STO,EA,31,1,15.93,15.93
BGI3,18/01/25,78,SI011888,F,VS,FAN12,19381- MILK 100%,19381,FULL FAT MILK - PINT,STO,EA,31,4,4.805,19.22
BGI3,18/01/25,78,SI011888,F,VS,FAN13,19383- MILK 2%,19383,SEMI SKIMMED MILK - PINT,STO,EA,31,2,4.805,9.61
BGI3,18/01/25,78,SI011888,F,VS,FAN14,19385-LEMON HALVES,19385,LEMON WEDGES,FOO,EA,31,2,5.125,10.25
BGI3,18/01/25,78,SI011888,F,VS,FAN21,19379-WET ICE[6LB BAG],19379,WET ICE,WET,EA,31,4,2.942,11.77
BGI3,18/01/25,78,SI011888,F,VS,FAN23,LO7607-CUCUMBER SLICES,LO7607,CUCUMBER SLICES,FOO,EA,31,1,7.686,7.69
BGI3,18/01/25,78,SI011888,F,VS,FAN30,7041- LIME WEDGES,7041,LIME WEDGES,FOO,EA,31,2,4.78,9.56
BGI3,18/01/25,78,SI011888,F,VS,FAN33,23212 - BULK EQUIPMENT,23212,BULK EQUIPMENT,EQU,EA,31,31,1.779,55.15
BGI3,18/01/25,78,SI011888,F,VS,FBD91,LO7757 -WHOLE WHEAT - FLAXSEED,LO7757,WHOLE WHEAT - FLAXSEED KNOT ROLL,FOO,EA,31,14,2.446,34.24
BGI3,18/01/25,78,SI011888,F,VS,FBD92,LO7758 -BLACK OLIVE - GAR ROLL,LO7758,BLACK OLIVE AND GARLIC ROLL,FOO,EA,31,14,2.516,35.22
BGI3,18/01/25,78,SI011888,F,VS,FBD93,LO7759 -CHEDDAR - ONION ROLL,LO7759,CHEDDAR CHEESE AND ONION ROLL,FOO,EA,31,13,2.446,31.8
BGI3,18/01/25,78,SI011888,F,VS,FBT14,LO7770- FRUIT PLATE,LO7770,FRUIT PLATE,FOO,EA,31,14,6.598,92.37
BGI3,18/01/25,78,SI011888,F,VS,FBT16,LO7126 - PLAIN GREEK YOGH FULL,LO7126,PLAIN GREEK YOGHURT - 907 GRAMS,STO,EA,31,1,13.612,13.61
BGI3,18/01/25,78,SI011888,F,VS,FBT17,LO7127- GRANOLA FULL,LO7127,GRANOLA WHOLE GRAIN - 360 GRAMS,STO,EA,31,1,16.562,16.56
BGI3,18/01/25,78,SI011888,F,VS,FBT18,LO7771 - BANANA MUFFIN,LO7771,BANANA MUFFIN,FOO,EA,31,14,3.272,45.81
BGI3,18/01/25,78,SI011888,F,VS,FCE155,LO7764 -HERB CHIX W POT GRATIN,LO7764,HERBED CHIX POTATO GRATIN CORN AND PEPPER,FOO,EA,31,7,12.582,88.07
BGI3,18/01/25,78,SI011888,F,VS,FCE156,LO7765 - MAHI MAHI W WILD RICE,LO7765,SPICED MAHI TURMERIC WILD RICE COCONUT CURRY,FOO,EA,31,4,14.292,57.17
BGI3,18/01/25,78,SI011888,F,VS,FCE157,LO7766 - VEG LASAGNA,LO7766,VEGETABLE LASGNA DUO SCALES,FOO,EA,31,2,12.42,24.84
BGI3,18/01/25,78,SI011888,F,VS,FCF16,LO5500- PICK YOUR OWN,LO5500,CARIBBEAN FRUIT WHOLE [ASSORTED],FOO,EA,31,1,26.288,26.29
BGI3,18/01/25,78,SI011888,F,VS,FCS153,LO8803 - JERK PORK SATAYS,LO8803,,,EA,31,14,6.072,85.01
BGI3,18/01/25,78,SI011888,F,VS,FCS154,LO8804 - PUMKIN HUMMUS,LO8804,,,EA,31,16,5.176,82.82
BGI3,18/01/25,78,SI011888,F,VS,FDD106,LO7762 -SAVOURY CHEESE PLATE,LO7762,STILTON CHEEDAR GOAT GRAPE CHUTNEY,FOO,EA,31,16,7.53,120.48
BGI3,18/01/25,78,SI011888,F,VS,FDD108,LO8805 - DOUBLE CHOC CHE CAKE,LO8805,,,EA,31,11,5.38,59.18
BGI3,18/01/25,78,SI011888,F,VS,FDD109,LO8806 - CARAMEL - PUMKIN BREA,LO8806,,,EA,31,14,4.83,67.62
BGI3,18/01/25,78,SI011888,F,VS,FDT007,LO4801- BUTTER,LO4801,BUTTER [PIPED] BULK LOAED,FOO,EA,31,27,1.042,28.13
BGI3,18/01/25,78,SI011888,F,VS,FHB69,LO4240-BACON BAP,LO4240,BACON BAP,FOO,EA,31,5,5.18,25.9
BGI3,18/01/25,78,SI011888,F,VS,FHB83,LO7767 -SCRAM EGG BB SAUS,LO7767,SCRAMBLE EGGS BACK BACON SAUSAGE BAKED BEANS,FOO,EA,31,14,9.72,136.08
BGI3,18/01/25,78,SI011888,F,VS,FHB84,LO7768 - PEPP - CHEE OMELETTE,LO7768,PEPPER AND CHEESE OMELETTE SPINACH SWEET POTATO,FOO,EA,31,5,7.85,39.25
BGI3,18/01/25,78,SI011888,F,VS,FHB85,LO7769 - CHOCO CHIP PANCAKE,LO7769,CHOCOLATE CHIP PANCAKESPICED PINEAPPLE AND BERRY C,FOO,EA,31,8,6.31,50.48
BGI3,18/01/25,78,SI011888,F,VS,FPAX04,23234-PER PASSENGER CHARGE,23234,OVERHEAD - J PAX OVERHEAD - PER PAX,SER,EA,31,31,36.774,1139.99
BGI3,18/01/25,78,SI011888,J,VS,1JGF01,SP124628 - GFML [J/C],SP124628,GFML,FOO,EA,48,1,22.504,22.5
BGI3,18/01/25,78,SI011888,J,VS,1JVL01,SP124620 - VLML [J/C],SP124620,VLML,FOO,EA,48,2,12.174,24.35
BGI3,18/01/25,78,SI011888,J,VS,1PWAM2,SP170105 - WAM2,SP170105,WAML,FOO,EA,48,16,8.69,139.04
BGI3,18/01/25,78,SI011888,J,VS,1PWBM2,SP170106 - WBM2,SP170106,WBML,FOO,EA,48,3,11.298,33.89
BGI3,18/01/25,78,SI011888,J,VS,1PWCM2,SP170107 - WCM2,SP170107,WCML,FOO,EA,48,5,7.248,36.24
BGI3,18/01/25,78,SI011888,J,VS,JBE41, PORK SAUG,LO7775,SCRAMBLE EGG PORK SAUSAGE BACK BACON BAKED BEANS,FOO,EA,48,23,6.378,146.69
BGI3,18/01/25,78,SI011888,J,VS,JBE42,LO7776 -EGG - VEG FRITATTA,LO7776,EGG - VEGETABLE FRITATTA SWEET POTATO BLISTERED CH,FOO,EA,48,8,7.518,60.14
BGI3,18/01/25,78,SI011888,J,VS,JBE43,LO7777 -CHOC CHIP PANCAKES,LO7777,CHOCOLATE CHIP PANCAKE CARMALIZED PINEAPPLE AND BE,FOO,EA,48,14,5.378,75.29
BGI3,18/01/25,78,SI011888,J,VS,JCE119,LO7772 -CREOLE CHIX W GAR ORZO,LO7772,SEARED CHIX CREOLE SAUCE GARLIZ ORZO,FOO,EA,48,14,8.69,121.66
BGI3,18/01/25,78,SI011888,J,VS,JCE121,LO7773 -MAHI MAHI W MAS POT,LO7773,SEARED MAHI GARLIC MASH BLISTETED TOMATO,FOO,EA,48,6,11.298,67.79
BGI3,18/01/25,78,SI011888,J,VS,JCE122,LO7774-WILD RICE COCO CURRY,LO7774,WILD RICE COCONUT CURRY SAUCE FRIED PLANTAIN,FOO,EA,48,4,7.248,28.99
BGI3,18/01/25,78,SI011888,J,VS,JDT33,LO2622- TRAY SET MM,LO2622,TRAY SET UP,SER,EA,48,45,16.138,726.21
BGI3,18/01/25,78,SI011888,J,VS,JPAX02,23237-PER PASSENGER CHARGE,23237,OVERHEAD - W PAX OVERHEAD - PER PAX,SER,EA,48,47,16.939,796.13
BGI3,18/01/25,78,SI011888,Y,VS,1YAV01,SP124700- AVML [Y/C],SP124700,AVML,FOO,EA,174,1,15.115,15.12
BGI3,18/01/25,78,SI011888,Y,VS,1YCH04,SP124709- CHML [Y/C],SP124709,CHML,FOO,EA,174,3,14.622,43.87
BGI3,18/01/25,78,SI011888,Y,VS,1YGF01,SP124706 - GFML [Y/C],SP124706,GFML,FOO,EA,174,2,22.504,45.01
BGI3,18/01/25,78,SI011888,Y,VS,1YVG01,SP124699- VGML [Y/C],SP124699,VGML,FOO,EA,174,3,14.694,44.08
BGI3,18/01/25,78,SI011888,Y,VS,3YDS01,3354- ORANGE JUICE-1LT,3354,BEVERAGES - ORANGE JUICE - 1 LT,STO,EA,174,26,2.124,55.22
BGI3,18/01/25,78,SI011888,Y,VS,3YDS02,3335-TOMATO JUICE 1LT,3335,BEVERAGES - TOMATO JUICE - 1 LT,STO,EA,174,1,4.057,4.06
BGI3,18/01/25,78,SI011888,Y,VS,3YDS03,3376-CRANBERRY JUICE,3376,BEVERAGES - CRANBERRY JUICE - 1 LT,STO,EA,174,2,5.101,10.2
BGI3,18/01/25,78,SI011888,Y,VS,3YDS04,3353-APPLE JUICE 1LTR,3353,BEVERAGES - APPLE JUICE - 1 LT,STO,EA,174,15,2.124,31.86
BGI3,18/01/25,78,SI011888,Y,VS,3YDS06,3476-MINERAL WATER 1.5LT,3476,BEVERAGES - MINERAL WATER STILL - 1 LT,STO,EA,174,48,2.36,113.28
BGI3,18/01/25,78,SI011888,Y,VS,3YDS07,33169-SPARKLING WATER 1LT,33169,BEVERAGES - MINERAL WATER SPARK - 1 LT,STO,EA,174,14,3.274,45.84
BGI3,18/01/25,78,SI011888,Y,VS,3YDS11,213774-PLASTIC BAG,213774,EQUIPMENT - BAG- PLASTIC BAG,EQU,EA,174,1,0.368,0.37
BGI3,18/01/25,78,SI011888,Y,VS,3YS022,ORANGE LINEN BAG,151383,LAUNDRY - BAG LINEN ORANGE 2014,LAU,EA,174,1,1.969,1.97
BGI3,18/01/25,78,SI011888,Y,VS,3YS023,LINEN TABLECLOTH,3526,LAUNDRY - TABLE CLOTH/RUNNER 2014,LAU,EA,174,33,0.652,21.52
BGI3,18/01/25,78,SI011888,Y,VS,3YS024,LINEN NAPKINS,3527,LAUNDRY - LINEN FOLDED NAPKIN 2014,LAU,EA,174,31,0.522,16.18
BGI3,18/01/25,78,SI011888,Y,VS,3YS032,145995-EQUIP PK - STORES 300,145995,PACKING - FLIGHT PACKING - A330-300,SER,EA,174,1,167.95,167.95
BGI3,18/01/25,78,SI011888,Y,VS,3YS035,145991-TRANS.- HANDLING 33J,145991,TURNAROUND - STRIP - LOAD - A330-300 - 3 FLIGHTS,SER,EA,174,1,483.897,483.9
BGI3,18/01/25,78,SI011888,Y,VS,3YS036,145994- WASH UP A330-300,145994,WASH UP - WASH UP - A330-900,SER,EA,174,1,404.383,404.38
BGI3,18/01/25,78,SI011888,Y,VS,3YS038,17.5% VAT ON LAUNDRY CHRG 33J,51069SALE,SALES TAX - LAUNDRY,VAT,EA,174,1,10.961,10.96
BGI3,18/01/25,78,SI011888,Y,VS,3YS063,25137-CUTLERY WRAP 1ST SERV 33,25137,PACKING - CUTLERY WRAPPING FIRST SERVICE - A330-30,SER,EA,174,1,8.435,8.44
BGI3,18/01/25,78,SI011888,Y,VS,3YS064,33819-CUTLERY WRAP 2ND SERV 33,33819,PACKING - CUTLERY WRAPPING SECOND SERVICE - A330-3,SER,EA,174,1,8.435,8.44
BGI3,18/01/25,78,SI011888,Y,VS,3YS071,32673-CULT WASH-PL 1SER 300,32673,PACKING - CUTLERY WASHUP - POLISHING FIRST SERVICE,SER,EA,174,1,27.272,27.27
BGI3,18/01/25,78,SI011888,Y,VS,3YS072,33141-CULT WASH-PL 2SER 300,33141,PACKING - CUTLERY WASHUP - POLISHING SECOND SERVIC,SER,EA,174,1,18.363,18.36
BGI3,18/01/25,78,SI011888,Y,VS,3YS095,25127- CUTL WSH-POL A330,25127,PACKING - CUTLERY WASHUP - POLISHING - A330-300,SER,EA,174,1,54.402,54.4
BGI3,18/01/25,78,SI011888,Y,VS,FAN17,19382-MILK 100% [Y],19382,FULL FAT MILK - PINT,STO,EA,174,2,4.805,9.61
BGI3,18/01/25,78,SI011888,Y,VS,FAN18,19384- MILK 2% [Y],19384,SEMI SKIMMED MILK - PINT,STO,EA,174,4,4.805,19.22
BGI3,18/01/25,78,SI011888,Y,VS,FAN19,7042-LEMON HALVES [Y],7042,LIME WEDGES,FOO,EA,174,7,5.125,35.88
BGI3,18/01/25,78,SI011888,Y,VS,FAN20,19380- WET ICE [6LB BAG] [Y],19380,WET ICE,WET,EA,174,7,2.942,20.59
BGI3,18/01/25,78,SI011888,Y,VS,YBE11,174148-BREAKFAST BOX,174148,,,EA,174,165,8.412,1387.98
BGI3,18/01/25,78,SI011888,Y,VS,YBE24,LO6953-OTIS SPUNKMEYER MUFFIN,LO6953,OTIS SPUNKMEYER MUFFIN,FOO,EA,174,165,1.872,308.88
BGI3,18/01/25,78,SI011888,Y,VS,YDE116,LO7778 - RO CHIX W PEPPERCORN,LO7778,ROASTED CHIX PEPPER SAU MASHED POTATO VEG,FOO,EA,174,115,8.748,1006.02
BGI3,18/01/25,78,SI011888,Y,VS,YDE117,LO7779 - MAC PIE W TOM SAUCE,LO7779,MACARONI PIE TOMATO ROSE CREAMY SAUCE,FOO,EA,174,50,5.378,268.9
BGI3,18/01/25,78,SI011888,Y,VS,YDT30,LO2623 - MAIN MEAL TRAY SET UP,LO2623,TRAY SET UP,SER,EA,174,165,8.72,1438.8
BGI3,18/01/25,78,SI011888,Y,VS,YPAX03,23240- PER PASSENGER CHARGE[Y],23240,OVERHEAD - Y PAX OVERHEAD - PER PAX,SER,EA,174,171,13.856,2369.38
BGI3,18/01/25,78,SI011888,YC,VS,2CE069, COCO CURRY,LO8708,WILD RICE COCONUT CURRY SAUCE VEG,FOO,EA,12,3,6.438,19.31
BGI3,18/01/25,78,SI011888,YC,VS,2CE070,LO8709 - GARLIC MASH CHIX THIG,LO8709,GARLIC MASH SEARED CHIX GREEN PEPPERCORN SAUCE,FOO,EA,12,3,10.838,32.51
BGI3,18/01/25,78,SI011888,YC,VS,2CE071,LO8710 - MAHI W GARL ORZO PAS,LO8710,SEARED MAHI ORZO PASTA CREOLE SAUCE VEG,FOO,EA,12,2,12.378,24.76
BGI3,18/01/25,78,SI011888,YC,VS,2CE072,LO8711 - PORKLOIN W PO GRATIN,LO8711,SEARED PORK POTATO GRATIN VEG,FOO,EA,12,2,13.84,27.68
BGI3,18/01/25,78,SI011888,YC,VS,2CE073,LO8712 - CHEESE RAVIOLI,LO8712,CHEESE RAVIOLI,FOO,EA,12,2,8.718,17.44
BGI3,18/01/25,78,SI011888,YC,VS,2CFF11,LO4110-WHOLE FRUIT 1,LO4110,SEASONAL WHOLE FRUIT OPTION 1,FOO,EA,12,6,4.622,27.73
BGI3,18/01/25,78,SI011888,YC,VS,2CFF12,LO4111-WHOLE FRUIT 2,LO4111,SEASONAL WHOLE FRUIT OPT 2,FOO,EA,12,6,4.622,27.73
BGI3,18/01/25,78,SI011888,YC,VS,2CFS44,LO5113- EGG SALAD SANDWICH,LO5113,EGG SALAD SANDWICH,FOO,EA,12,3,5.374,16.12
BGI3,18/01/25,78,SI011888,YC,VS,2CFS45,LO5115- TUNASALAD SANDWICH,LO5115,TUNA SALAD SANDWICH,FOO,EA,12,2,6.734,13.47
BGI3,18/01/25,78,SI011888,YC,VS,2CFS49,LO5119- BAP - STREAKY BACON,LO5119,SCOTTISH BAP WITH BACON,FOO,EA,12,4,4.866,19.46
BGI3,18/01/25,78,SI011888,YC,VS,2CFS52,LO5368- PLAIN BAGEL -PC CR CH,LO5368,PLAIN BAGEL WITH PC CREAM CHEESE,FOO,EA,12,4,4.086,16.34
BGI3,18/01/25,78,SI011888,YC,VS,2CFS77,LO8713 - HAM SANDWICH,LO8713,HAM SANDWICH,FOO,EA,12,3,7.734,23.2
BGI3,18/01/25,78,SI011888,YC,VS,2CFS78,LO8714 - CHEESE TOMATO WRAP,LO8714,CHEESE TOMATO CUCUMBER WRAP,FOO,EA,12,2,6.694,13.39
BGI3,18/01/25,78,SI011888,YC,VS,2CFS79,LO8715 - CHICKEN CHEESE BAGEL,LO8715,CHICKEN AND CHEESE BAGEL,FOO,EA,12,2,5.014,10.03
BGI3,18/01/25,78,SI011888,YC,VS,2CFS80,LO8716 - TURKEY SANDWICH,LO8716,TURKEY SANDWICH,FOO,EA,12,4,7.896,31.58
BGI3,18/01/25,78,SI011888,YC,VS,2CFS81, CHUTNE,LO8718,TILLAMOOK CHEESE CARR TROPICAL CHUTNEY,FOO,EA,12,6,6.788,40.73
BGI3,18/01/25,78,SI011888,YC,VS,2CFS82,LO8717 - PROTEIN POT W OLIVES,LO8717,PUMPKIN HUMMUS C CHEESE BLACK OLIVES PITTA BREAD T,FOO,EA,12,6,6.904,41.42
BGI3,18/01/25,78,SI011888,YC,VS,CPAX02,28728- C CREW SVC CHARGE,28728,OVERHEAD - CC OVERHEAD - PER PAX,SER,EA,12,12,25.48,305.76
BGI3,18/01/25,132,SI011887,F,VS,1FGF01,SP124540- GFML [F/C],SP124540,GFML,FOO,EA,44,1,31.461,31.46
BGI3,18/01/25,132,SI011887,F,VS,1OCM2,SP170099 - OCML,SP170099,OCML,FOO,EA,44,1,12.42,12.42
BGI3,18/01/25,132,SI011887,F,VS,1POAM2,SP170097 - OAML,SP170097,OAML,FOO,EA,44,7,12.582,88.07
BGI3,18/01/25,132,SI011887,F,VS,1POSML,SP170101 - OSML,SP170101,OSML,FOO,EA,44,1,10.91,10.91
BGI3,18/01/25,132,SI011887,F,VS,1POTML,SP170102 - OTML,SP170102,OTML,FOO,EA,44,4,9.48,37.92
BGI3,18/01/25,132,SI011887,F,VS,1POUML,SP173624 - OUML,SP173624,OUML,FOO,EA,44,2,12.36,24.72
BGI3,18/01/25,132,SI011887,F,VS,FAN12,19381- MILK 100%,19381,FULL FAT MILK - PINT,STO,EA,44,5,4.805,24.03
BGI3,18/01/25,132,SI011887,F,VS,FAN13,19383- MILK 2%,19383,SEMI SKIMMED MILK - PINT,STO,EA,44,2,4.805,9.61
BGI3,18/01/25,132,SI011887,F,VS,FAN14,19385-LEMON HALVES,19385,LEMON WEDGES,FOO,EA,44,3,5.125,15.38
BGI3,18/01/25,132,SI011887,F,VS,FAN21,19379-WET ICE[6LB BAG],19379,WET ICE,WET,EA,44,6,2.942,17.65
BGI3,18/01/25,132,SI011887,F,VS,FAN23,LO7607-CUCUMBER SLICES,LO7607,CUCUMBER SLICES,FOO,EA,44,1,7.686,7.69
BGI3,18/01/25,132,SI011887,F,VS,FAN30,7041- LIME WEDGES,7041,LIME WEDGES,FOO,EA,44,2,4.78,9.56
BGI3,18/01/25,132,SI011887,F,VS,FAN33,23212 - BULK EQUIPMENT,23212,BULK EQUIPMENT,EQU,EA,44,44,1.779,78.28
BGI3,18/01/25,132,SI011887,F,VS,FBD91,LO7757 -WHOLE WHEAT - FLAXSEED,LO7757,WHOLE WHEAT - FLAXSEED KNOT ROLL,FOO,EA,44,22,2.446,53.81
BGI3,18/01/25,132,SI011887,F,VS,FBD92,LO7758 -BLACK OLIVE - GAR ROLL,LO7758,BLACK OLIVE AND GARLIC ROLL,FOO,EA,44,22,2.516,55.35
BGI3,18/01/25,132,SI011887,F,VS,FBD93,LO7759 -CHEDDAR - ONION ROLL,LO7759,CHEDDAR CHEESE AND ONION ROLL,FOO,EA,44,21,2.446,51.37
BGI3,18/01/25,132,SI011887,F,VS,FBT14,LO7770- FRUIT PLATE,LO7770,FRUIT PLATE,FOO,EA,44,22,6.598,145.16
BGI3,18/01/25,132,SI011887,F,VS,FBT16,LO7126 - PLAIN GREEK YOGH FULL,LO7126,PLAIN GREEK YOGHURT - 907 GRAMS,STO,EA,44,1,13.612,13.61
BGI3,18/01/25,132,SI011887,F,VS,FBT17,LO7127- GRANOLA FULL,LO7127,GRANOLA WHOLE GRAIN - 360 GRAMS,STO,EA,44,1,16.562,16.56
BGI3,18/01/25,132,SI011887,F,VS,FBT18,LO7771 - BANANA MUFFIN,LO7771,BANANA MUFFIN,FOO,EA,44,22,3.272,71.98
BGI3,18/01/25,132,SI011887,F,VS,FCE155,LO7764 -HERB CHIX W POT GRATIN,LO7764,HERBED CHIX POTATO GRATIN CORN AND PEPPER,FOO,EA,44,14,12.582,176.15
BGI3,18/01/25,132,SI011887,F,VS,FCE156,LO7765 - MAHI MAHI W WILD RICE,LO7765,SPICED MAHI TURMERIC WILD RICE COCONUT CURRY,FOO,EA,44,8,14.292,114.34
BGI3,18/01/25,132,SI011887,F,VS,FCE157,LO7766 - VEG LASAGNA,LO7766,VEGETABLE LASGNA DUO SCALES,FOO,EA,44,6,12.42,74.52
BGI3,18/01/25,132,SI011887,F,VS,FCF16,LO5500- PICK YOUR OWN,LO5500,CARIBBEAN FRUIT WHOLE [ASSORTED],FOO,EA,44,1,26.288,26.29
BGI3,18/01/25,132,SI011887,F,VS,FCS153,LO8803 - JERK PORK SATAYS,LO8803,,,EA,44,22,6.072,133.58
BGI3,18/01/25,132,SI011887,F,VS,FCS154,LO8804 - PUMKIN HUMMUS,LO8804,,,EA,44,25,5.176,129.4
BGI3,18/01/25,132,SI011887,F,VS,FDD106,LO7762 -SAVOURY CHEESE PLATE,LO7762,STILTON CHEEDAR GOAT GRAPE CHUTNEY,FOO,EA,44,26,7.53,195.78
BGI3,18/01/25,132,SI011887,F,VS,FDD108,LO8805 - DOUBLE CHOC CHE CAKE,LO8805,,,EA,44,17,5.38,91.46
BGI3,18/01/25,132,SI011887,F,VS,FDD109,LO8806 - CARAMEL - PUMKIN BREA,LO8806,,,EA,44,22,4.83,106.26
BGI3,18/01/25,132,SI011887,F,VS,FDT007,LO4801- BUTTER,LO4801,BUTTER [PIPED] BULK LOAED,FOO,EA,44,43,1.042,44.81
BGI3,18/01/25,132,SI011887,F,VS,FHB69,LO4240-BACON BAP,LO4240,BACON BAP,FOO,EA,44,15,5.18,77.7
BGI3,18/01/25,132,SI011887,F,VS,FHB83,LO7767 -SCRAM EGG BB SAUS,LO7767,SCRAMBLE EGGS BACK BACON SAUSAGE BAKED BEANS,FOO,EA,44,22,9.72,213.84
BGI3,18/01/25,132,SI011887,F,VS,FHB84,LO7768 - PEPP - CHEE OMELETTE,LO7768,PEPPER AND CHEESE OMELETTE SPINACH SWEET POTATO,FOO,EA,44,6,7.85,47.1
BGI3,18/01/25,132,SI011887,F,VS,FHB85,LO7769 - CHOCO CHIP PANCAKE,LO7769,CHOCOLATE CHIP PANCAKESPICED PINEAPPLE AND BERRY C,FOO,EA,44,9,6.31,56.79
BGI3,18/01/25,132,SI011887,F,VS,FPAX04,23234-PER PASSENGER CHARGE,23234,OVERHEAD - J PAX OVERHEAD - PER PAX,SER,EA,44,44,36.774,1618.06
BGI3,18/01/25,132,SI011887,J,VS,1JGF01,SP124628 - GFML [J/C],SP124628,GFML,FOO,EA,56,1,22.504,22.5
BGI3,18/01/25,132,SI011887,J,VS,1JSP01,SP124623 - JAIN [J/C],SP124623,VJML,FOO,EA,56,1,16.278,16.28
BGI3,18/01/25,132,SI011887,J,VS,1PWAM2,SP170105 - WAM2,SP170105,WAML,FOO,EA,56,18,8.69,156.42
BGI3,18/01/25,132,SI011887,J,VS,1PWBM2,SP170106 - WBM2,SP170106,WBML,FOO,EA,56,7,11.298,79.09
BGI3,18/01/25,132,SI011887,J,VS,1PWCM2,SP170107 - WCM2,SP170107,WCML,FOO,EA,56,3,7.248,21.74
BGI3,18/01/25,132,SI011887,J,VS,JBE41, PORK SAUG,LO7775,SCRAMBLE EGG PORK SAUSAGE BACK BACON BAKED BEANS,FOO,EA,56,27,6.378,172.21
BGI3,18/01/25,132,SI011887,J,VS,JBE42,LO7776 -EGG - VEG FRITATTA,LO7776,EGG - VEGETABLE FRITATTA SWEET POTATO BLISTERED CH,FOO,EA,56,11,7.518,82.7
BGI3,18/01/25,132,SI011887,J,VS,JBE43,LO7777 -CHOC CHIP PANCAKES,LO7777,CHOCOLATE CHIP PANCAKE CARMALIZED PINEAPPLE AND BE,FOO,EA,56,16,5.378,86.05
BGI3,18/01/25,132,SI011887,J,VS,JCE119,LO7772 -CREOLE CHIX W GAR ORZO,LO7772,SEARED CHIX CREOLE SAUCE GARLIZ ORZO,FOO,EA,56,17,8.69,147.73
BGI3,18/01/25,132,SI011887,J,VS,JCE121,LO7773 -MAHI MAHI W MAS POT,LO7773,SEARED MAHI GARLIC MASH BLISTETED TOMATO,FOO,EA,56,8,11.298,90.38
BGI3,18/01/25,132,SI011887,J,VS,JCE122,LO7774-WILD RICE COCO CURRY,LO7774,WILD RICE COCONUT CURRY SAUCE FRIED PLANTAIN,FOO,EA,56,5,7.248,36.24
BGI3,18/01/25,132,SI011887,J,VS,JDT33,LO2622- TRAY SET MM,LO2622,TRAY SET UP,SER,EA,56,54,16.138,871.45
BGI3,18/01/25,132,SI011887,J,VS,JPAX02,23237-PER PASSENGER CHARGE,23237,OVERHEAD - W PAX OVERHEAD - PER PAX,SER,EA,56,56,16.939,948.58
BGI3,18/01/25,132,SI011887,Y,VS,1YAV01,SP124700- AVML [Y/C],SP124700,AVML,FOO,EA,198,1,15.115,15.12
BGI3,18/01/25,132,SI011887,Y,VS,1YBA02,BABY MEAL - CATERER OWNED,SP124710,BBML,STO,EA,198,1,15.93,15.93
BGI3,18/01/25,132,SI011887,Y,VS,1YCH04,SP124709- CHML [Y/C],SP124709,CHML,FOO,EA,198,2,14.622,29.24
BGI3,18/01/25,132,SI011887,Y,VS,1YDB01,SP124707 - DBML [Y/C],SP124707,DBML,FOO,EA,198,1,22.504,22.5
BGI3,18/01/25,132,SI011887,Y,VS,1YGF01,SP124706 - GFML [Y/C],SP124706,GFML,FOO,EA,198,4,22.504,90.02
BGI3,18/01/25,132,SI011887,Y,VS,1YHN01,SP124703 - HNML [Y/C],SP124703,HNML,FOO,EA,198,1,17.178,17.18
BGI3,18/01/25,132,SI011887,Y,VS,1YMO01,SP124702 - MOML [Y/C],SP124702,MOML,FOO,EA,198,2,12.154,24.31
BGI3,18/01/25,132,SI011887,Y,VS,1YVG01,SP124699- VGML [Y/C],SP124699,VGML,FOO,EA,198,3,14.694,44.08
BGI3,18/01/25,132,SI011887,Y,VS,1YVL01,SP124698- VLML [Y/C],SP124698,VLML,FOO,EA,198,3,12.154,36.46
BGI3,18/01/25,132,SI011887,Y,VS,3YDS01,3354- ORANGE JUICE-1LT,3354,BEVERAGES - ORANGE JUICE - 1 LT,STO,EA,198,28,2.124,59.47
BGI3,18/01/25,132,SI011887,Y,VS,3YDS02,3335-TOMATO JUICE 1LT,3335,BEVERAGES - TOMATO JUICE - 1 LT,STO,EA,198,5,4.057,20.29
BGI3,18/01/25,132,SI011887,Y,VS,3YDS03,3376-CRANBERRY JUICE,3376,BEVERAGES - CRANBERRY JUICE - 1 LT,STO,EA,198,1,5.101,5.1
BGI3,18/01/25,132,SI011887,Y,VS,3YDS06,3476-MINERAL WATER 1.5LT,3476,BEVERAGES - MINERAL WATER STILL - 1 LT,STO,EA,198,100,2.36,236
BGI3,18/01/25,132,SI011887,Y,VS,3YDS07,33169-SPARKLING WATER 1LT,33169,BEVERAGES - MINERAL WATER SPARK - 1 LT,STO,EA,198,12,3.274,39.29
BGI3,18/01/25,132,SI011887,Y,VS,3YDS11,213774-PLASTIC BAG,213774,EQUIPMENT - BAG- PLASTIC BAG,EQU,EA,198,1,0.368,0.37
BGI3,18/01/25,132,SI011887,Y,VS,3YS022,ORANGE LINEN BAG,151383,LAUNDRY - BAG LINEN ORANGE 2014,LAU,EA,198,1,1.969,1.97
BGI3,18/01/25,132,SI011887,Y,VS,3YS024,LINEN NAPKINS,3527,LAUNDRY - LINEN FOLDED NAPKIN 2014,LAU,EA,198,44,0.522,22.97
BGI3,18/01/25,132,SI011887,Y,VS,3YS032,145995-EQUIP PK - STORES 300,145995,PACKING - FLIGHT PACKING - A330-300,SER,EA,198,1,167.95,167.95
BGI3,18/01/25,132,SI011887,Y,VS,3YS035,145991-TRANS.- HANDLING 33J,145991,TURNAROUND - STRIP - LOAD - A330-300 - 3 FLIGHTS,SER,EA,198,1,483.897,483.9
BGI3,18/01/25,132,SI011887,Y,VS,3YS036,145994- WASH UP A330-300,145994,WASH UP - WASH UP - A330-900,SER,EA,198,1,404.383,404.38
BGI3,18/01/25,132,SI011887,Y,VS,3YS038,17.5% VAT ON LAUNDRY CHRG 33J,51069SALE,SALES TAX - LAUNDRY,VAT,EA,198,1,10.961,10.96
BGI3,18/01/25,132,SI011887,Y,VS,3YS063,25137-CUTLERY WRAP 1ST SERV 33,25137,PACKING - CUTLERY WRAPPING FIRST SERVICE - A330-30,SER,EA,198,1,8.435,8.44
BGI3,18/01/25,132,SI011887,Y,VS,3YS064,33819-CUTLERY WRAP 2ND SERV 33,33819,PACKING - CUTLERY WRAPPING SECOND SERVICE - A330-3,SER,EA,198,1,8.435,8.44
BGI3,18/01/25,132,SI011887,Y,VS,3YS071,32673-CULT WASH-PL 1SER 300,32673,PACKING - CUTLERY WASHUP - POLISHING FIRST SERVICE,SER,EA,198,1,27.272,27.27
BGI3,18/01/25,132,SI011887,Y,VS,3YS072,33141-CULT WASH-PL 2SER 300,33141,PACKING - CUTLERY WASHUP - POLISHING SECOND SERVIC,SER,EA,198,1,18.363,18.36
BGI3,18/01/25,132,SI011887,Y,VS,3YS095,25127- CUTL WSH-POL A330,25127,PACKING - CUTLERY WASHUP - POLISHING - A330-300,SER,EA,198,1,54.402,54.4
BGI3,18/01/25,132,SI011887,Y,VS,FAN17,19382-MILK 100% [Y],19382,FULL FAT MILK - PINT,STO,EA,198,2,4.805,9.61
BGI3,18/01/25,132,SI011887,Y,VS,FAN18,19384- MILK 2% [Y],19384,SEMI SKIMMED MILK - PINT,STO,EA,198,4,4.805,19.22
BGI3,18/01/25,132,SI011887,Y,VS,FAN19,7042-LEMON HALVES [Y],7042,LIME WEDGES,FOO,EA,198,8,5.125,41
BGI3,18/01/25,132,SI011887,Y,VS,FAN20,19380- WET ICE [6LB BAG] [Y],19380,WET ICE,WET,EA,198,8,2.942,23.54
BGI3,18/01/25,132,SI011887,Y,VS,YBE11,174148-BREAKFAST BOX,174148,,,EA,198,181,8.412,1522.57
BGI3,18/01/25,132,SI011887,Y,VS,YBE24,LO6953-OTIS SPUNKMEYER MUFFIN,LO6953,OTIS SPUNKMEYER MUFFIN,FOO,EA,198,181,1.872,338.83
BGI3,18/01/25,132,SI011887,Y,VS,YDE116,LO7778 - RO CHIX W PEPPERCORN,LO7778,ROASTED CHIX PEPPER SAU MASHED POTATO VEG,FOO,EA,198,127,8.748,1111
BGI3,18/01/25,132,SI011887,Y,VS,YDE117,LO7779 - MAC PIE W TOM SAUCE,LO7779,MACARONI PIE TOMATO ROSE CREAMY SAUCE,FOO,EA,198,54,5.378,290.41
BGI3,18/01/25,132,SI011887,Y,VS,YDT30,LO2623 - MAIN MEAL TRAY SET UP,LO2623,TRAY SET UP,SER,EA,198,181,8.72,1578.32
BGI3,18/01/25,132,SI011887,Y,VS,YPAX03,23240- PER PASSENGER CHARGE[Y],23240,OVERHEAD - Y PAX OVERHEAD - PER PAX,SER,EA,198,195,13.856,2701.92
BGI3,18/01/25,132,SI011887,YC,VS,2CE069, COCO CURRY,LO8708,WILD RICE COCONUT CURRY SAUCE VEG,FOO,EA,12,3,6.438,19.31
BGI3,18/01/25,132,SI011887,YC,VS,2CE070,LO8709 - GARLIC MASH CHIX THIG,LO8709,GARLIC MASH SEARED CHIX GREEN PEPPERCORN SAUCE,FOO,EA,12,3,10.838,32.51
BGI3,18/01/25,132,SI011887,YC,VS,2CE071,LO8710 - MAHI W GARL ORZO PAS,LO8710,SEARED MAHI ORZO PASTA CREOLE SAUCE VEG,FOO,EA,12,2,12.378,24.76
BGI3,18/01/25,132,SI011887,YC,VS,2CE072,LO8711 - PORKLOIN W PO GRATIN,LO8711,SEARED PORK POTATO GRATIN VEG,FOO,EA,12,2,13.84,27.68
BGI3,18/01/25,132,SI011887,YC,VS,2CE073,LO8712 - CHEESE RAVIOLI,LO8712,CHEESE RAVIOLI,FOO,EA,12,2,8.718,17.44
BGI3,18/01/25,132,SI011887,YC,VS,2CFF11,LO4110-WHOLE FRUIT 1,LO4110,SEASONAL WHOLE FRUIT OPTION 1,FOO,EA,12,6,4.622,27.73
BGI3,18/01/25,132,SI011887,YC,VS,2CFF12,LO4111-WHOLE FRUIT 2,LO4111,SEASONAL WHOLE FRUIT OPT 2,FOO,EA,12,6,4.622,27.73
BGI3,18/01/25,132,SI011887,YC,VS,2CFS44,LO5113- EGG SALAD SANDWICH,LO5113,EGG SALAD SANDWICH,FOO,EA,12,3,5.374,16.12
BGI3,18/01/25,132,SI011887,YC,VS,2CFS45,LO5115- TUNASALAD SANDWICH,LO5115,TUNA SALAD SANDWICH,FOO,EA,12,2,6.734,13.47
BGI3,18/01/25,132,SI011887,YC,VS,2CFS49,LO5119- BAP - STREAKY BACON,LO5119,SCOTTISH BAP WITH BACON,FOO,EA,12,4,4.866,19.46
BGI3,18/01/25,132,SI011887,YC,VS,2CFS52,LO5368- PLAIN BAGEL -PC CR CH,LO5368,PLAIN BAGEL WITH PC CREAM CHEESE,FOO,EA,12,4,4.086,16.34
BGI3,18/01/25,132,SI011887,YC,VS,2CFS77,LO8713 - HAM SANDWICH,LO8713,HAM SANDWICH,FOO,EA,12,3,7.734,23.2
BGI3,18/01/25,132,SI011887,YC,VS,2CFS78,LO8714 - CHEESE TOMATO WRAP,LO8714,CHEESE TOMATO CUCUMBER WRAP,FOO,EA,12,2,6.694,13.39
BGI3,18/01/25,132,SI011887,YC,VS,2CFS79,LO8715 - CHICKEN CHEESE BAGEL,LO8715,CHICKEN AND CHEESE BAGEL,FOO,EA,12,2,5.014,10.03
BGI3,18/01/25,132,SI011887,YC,VS,2CFS80,LO8716 - TURKEY SANDWICH,LO8716,TURKEY SANDWICH,FOO,EA,12,4,7.896,31.58
BGI3,18/01/25,132,SI011887,YC,VS,2CFS81, CHUTNE,LO8718,TILLAMOOK CHEESE CARR TROPICAL CHUTNEY,FOO,EA,12,6,6.788,40.73
BGI3,18/01/25,132,SI011887,YC,VS,2CFS82,LO8717 - PROTEIN POT W OLIVES,LO8717,PUMPKIN HUMMUS C CHEESE BLACK OLIVES PITTA BREAD T,FOO,EA,12,6,6.904,41.42
BGI3,18/01/25,132,SI011887,YC,VS,CPAX02,28728- C CREW SVC CHARGE,28728,OVERHEAD - CC OVERHEAD - PER PAX,SER,EA,12,12,25.48,305.76
BGI3,18/01/25,187A,SI011891,F,VS,FPAX06,F PAX CHG SHUTTLE,23234ISLAND,OVERHEAD - J INTERISLAND OVERHEAD - PER PAX,SER,EA,18,18,0.831,14.96
BGI3,18/01/25,187A,SI011891,F,VS,JSN04,LO7128 - ORIGINAL SHIRLEY,LO7128,ORIGINAL SHIRLEY BISCUIT,STO,EA,18,18,1.096,19.73
BGI3,18/01/25,187A,SI011891,J,VS,JPAX03,J PAX CHG SHUTTLE,23237ISLAND,OVERHEAD - W INTERISLAND OVERHEAD - PER PAX,SER,EA,22,22,0.831,18.28
BGI3,18/01/25,187A,SI011891,J,VS,JSN05,LO7135 - ORIGINAL SHIRLEY,LO7135,ORIGINAL SHIRLEY BISCUIT,STO,EA,22,22,1.096,24.11
BGI3,18/01/25,187A,SI011891,Y,VS,3YS035,145991-TRANS.- HANDLING 33J,145991,TURNAROUND - STRIP - LOAD - A330-300 - 3 FLIGHTS,SER,EA,80,1,483.897,483.9
BGI3,18/01/25,187A,SI011891,Y,VS,FAN35,WATER 1.5LT,LO2664,INTERISLAND 1.5 LTR WATER,STO,EA,80,18,2.36,42.48
BGI3,18/01/25,187A,SI011891,Y,VS,FAN36,ORANGE JUICE 1LT,3354,BEVERAGE- ORANGE JUICE - 1 LT,STO,EA,80,5,2.124,10.62
BGI3,18/01/25,187A,SI011891,Y,VS,JSN06,LO7138 - ORIGINAL SHIRLEY,LO7138,ORIGINAL SHIRLEY BISCUIT,STO,EA,80,80,1.096,87.68
BGI3,18/01/25,187A,SI011891,Y,VS,YPAX04,Y PAX CHG SHUTTLE,23240ISLAND,OVERHEAD - Y INTERISLAND OVERHEAD - PER PAX,SER,EA,80,80,0.831,66.48
BGI3,18/01/25,187A,SI011891,YC,VS,2CFF12,LO4111-WHOLE FRUIT 2,LO4111,SEASONAL WHOLE FRUIT OPT 2,FOO,EA,12,5,4.622,23.11
BGI3,18/01/25,187A,SI011891,YC,VS,2CFF13,LO4268 - WHOLE FRUIT 1,LO4268,SEASONAL WHOLE FRUIT OPT 1,FOO,EA,12,7,4.662,32.63
BGI3,18/01/25,187A,SI011891,YC,VS,2CFS55,LO6303 - TUNA SANDWICH,LO6303,TUNA SANDWICH,FOO,EA,12,5,6.734,33.67
BGI3,18/01/25,187A,SI011891,YC,VS,2CFS83,LO7721 - EGG SANDWICH,LO7721,EGG SALAD SANDWICH,FOO,EA,12,7,5.374,37.62
BGI3,18/01/25,187A,SI011891,YC,VS,CPAX04,C PAX CHG SHUTTLE,28728,OVERHEAD - CC OVERHEAD - PER PAX,SER,EA,12,12,22.261,267.13
BGI3,18/01/25,187A,SI011891,YC,VS,FAN37,LO2664 - CREW WATER 1.5 LT,LO2664,INTERISLAND 1.5 LTR WATER,STO,EA,12,12,2.272,27.26
BGI3,18/01/25,187A,SI011891,YC,VS,JSN07,LO7722 - ORIG SHIRLEY CREW,LO7722,ORIGINAL SHIRLEY BISCUIT,STO,EA,12,12,1.096,13.15
BGI3,18/01/25,188,SI011889,F,VS,1FDB01,SP124541 - DBML [F/C],SP124541,DBML,FOO,EA,31,1,31.461,31.46
BGI3,18/01/25,188,SI011889,F,VS,1FNL01,SP124546- NLML [F/C],SP124546,NLML,FOO,EA,31,1,31.461,31.46
BGI3,18/01/25,188,SI011889,F,VS,1POBM2,SP170098 - OBML,SP170098,OBML,FOO,EA,31,2,14.292,28.58
BGI3,18/01/25,188,SI011889,F,VS,1POMML,SP170100 - OMML,SP170100,OMML,FOO,EA,31,1,9.162,9.16
BGI3,18/01/25,188,SI011889,F,VS,1POUML,SP173624 - OUML,SP173624,OUML,FOO,EA,31,2,12.36,24.72
BGI3,18/01/25,188,SI011889,F,VS,1POVML,SP173625 - OVML,SP173625,OVML,FOO,EA,31,2,10.63,21.26
BGI3,18/01/25,188,SI011889,F,VS,FAN12,19381- MILK 100%,19381,FULL FAT MILK - PINT,STO,EA,31,4,4.805,19.22
BGI3,18/01/25,188,SI011889,F,VS,FAN13,19383- MILK 2%,19383,SEMI SKIMMED MILK - PINT,STO,EA,31,2,4.805,9.61
BGI3,18/01/25,188,SI011889,F,VS,FAN14,19385-LEMON HALVES,19385,LEMON WEDGES,FOO,EA,31,2,5.125,10.25
BGI3,18/01/25,188,SI011889,F,VS,FAN21,19379-WET ICE[6LB BAG],19379,WET ICE,WET,EA,31,4,2.942,11.77
BGI3,18/01/25,188,SI011889,F,VS,FAN23,LO7607-CUCUMBER SLICES,LO7607,CUCUMBER SLICES,FOO,EA,31,1,7.686,7.69
BGI3,18/01/25,188,SI011889,F,VS,FAN30,7041- LIME WEDGES,7041,LIME WEDGES,FOO,EA,31,2,4.78,9.56
BGI3,18/01/25,188,SI011889,F,VS,FAN33,23212 - BULK EQUIPMENT,23212,BULK EQUIPMENT,EQU,EA,31,29,1.779,51.59
BGI3,18/01/25,188,SI011889,F,VS,FBD91,LO7757 -WHOLE WHEAT - FLAXSEED,LO7757,WHOLE WHEAT - FLAXSEED KNOT ROLL,FOO,EA,31,15,2.446,36.69
BGI3,18/01/25,188,SI011889,F,VS,FBD92,LO7758 -BLACK OLIVE - GAR ROLL,LO7758,BLACK OLIVE AND GARLIC ROLL,FOO,EA,31,15,2.516,37.74
BGI3,18/01/25,188,SI011889,F,VS,FBD93,LO7759 -CHEDDAR - ONION ROLL,LO7759,CHEDDAR CHEESE AND ONION ROLL,FOO,EA,31,14,2.446,34.24
BGI3,18/01/25,188,SI011889,F,VS,FBT14,LO7770- FRUIT PLATE,LO7770,FRUIT PLATE,FOO,EA,31,15,6.598,98.97
BGI3,18/01/25,188,SI011889,F,VS,FBT16,LO7126 - PLAIN GREEK YOGH FULL,LO7126,PLAIN GREEK YOGHURT - 907 GRAMS,STO,EA,31,1,13.612,13.61
BGI3,18/01/25,188,SI011889,F,VS,FBT17,LO7127- GRANOLA FULL,LO7127,GRANOLA WHOLE GRAIN - 360 GRAMS,STO,EA,31,1,16.562,16.56
BGI3,18/01/25,188,SI011889,F,VS,FBT18,LO7771 - BANANA MUFFIN,LO7771,BANANA MUFFIN,FOO,EA,31,15,3.272,49.08
BGI3,18/01/25,188,SI011889,F,VS,FCE155,LO7764 -HERB CHIX W POT GRATIN,LO7764,HERBED CHIX POTATO GRATIN CORN AND PEPPER,FOO,EA,31,9,12.582,113.24
BGI3,18/01/25,188,SI011889,F,VS,FCE156,LO7765 - MAHI MAHI W WILD RICE,LO7765,SPICED MAHI TURMERIC WILD RICE COCONUT CURRY,FOO,EA,31,7,14.292,100.04
BGI3,18/01/25,188,SI011889,F,VS,FCE157,LO7766 - VEG LASAGNA,LO7766,VEGETABLE LASGNA DUO SCALES,FOO,EA,31,4,12.42,49.68
BGI3,18/01/25,188,SI011889,F,VS,FCF16,LO5500- PICK YOUR OWN,LO5500,CARIBBEAN FRUIT WHOLE [ASSORTED],FOO,EA,31,1,26.288,26.29
BGI3,18/01/25,188,SI011889,F,VS,FCS153,LO8803 - JERK PORK SATAYS,LO8803,,,EA,31,15,6.072,91.08
BGI3,18/01/25,188,SI011889,F,VS,FCS154,LO8804 - PUMKIN HUMMUS,LO8804,,,EA,31,17,5.176,87.99
BGI3,18/01/25,188,SI011889,F,VS,FDD106,LO7762 -SAVOURY CHEESE PLATE,LO7762,STILTON CHEEDAR GOAT GRAPE CHUTNEY,FOO,EA,31,17,7.53,128.01
BGI3,18/01/25,188,SI011889,F,VS,FDD108,LO8805 - DOUBLE CHOC CHE CAKE,LO8805,,,EA,31,12,5.38,64.56
BGI3,18/01/25,188,SI011889,F,VS,FDD109,LO8806 - CARAMEL - PUMKIN BREA,LO8806,,,EA,31,15,4.83,72.45
BGI3,18/01/25,188,SI011889,F,VS,FDT007,LO4801- BUTTER,LO4801,BUTTER [PIPED] BULK LOAED,FOO,EA,31,29,1.042,30.22
BGI3,18/01/25,188,SI011889,F,VS,FHB69,LO4240-BACON BAP,LO4240,BACON BAP,FOO,EA,31,10,5.18,51.8
BGI3,18/01/25,188,SI011889,F,VS,FHB83,LO7767 -SCRAM EGG BB SAUS,LO7767,SCRAMBLE EGGS BACK BACON SAUSAGE BAKED BEANS,FOO,EA,31,15,9.72,145.8
BGI3,18/01/25,188,SI011889,F,VS,FHB84,LO7768 - PEPP - CHEE OMELETTE,LO7768,PEPPER AND CHEESE OMELETTE SPINACH SWEET POTATO,FOO,EA,31,4,7.85,31.4
BGI3,18/01/25,188,SI011889,F,VS,FHB85,LO7769 - CHOCO CHIP PANCAKE,LO7769,CHOCOLATE CHIP PANCAKESPICED PINEAPPLE AND BERRY C,FOO,EA,31,6,6.31,37.86
BGI3,18/01/25,188,SI011889,F,VS,FPAX04,23234-PER PASSENGER CHARGE,23234,OVERHEAD - J PAX OVERHEAD - PER PAX,SER,EA,31,29,36.774,1066.45
BGI3,18/01/25,188,SI011889,J,VS,1PWAM2,SP170105 - WAM2,SP170105,WAML,FOO,EA,43,15,8.69,130.35
BGI3,18/01/25,188,SI011889,J,VS,1PWBM2,SP170106 - WBM2,SP170106,WBML,FOO,EA,43,1,11.298,11.3
BGI3,18/01/25,188,SI011889,J,VS,1PWCM2,SP170107 - WCM2,SP170107,WCML,FOO,EA,43,4,7.248,28.99
BGI3,18/01/25,188,SI011889,J,VS,JBE41, PORK SAUG,LO7775,SCRAMBLE EGG PORK SAUSAGE BACK BACON BAKED BEANS,FOO,EA,43,22,6.378,140.32
BGI3,18/01/25,188,SI011889,J,VS,JBE42,LO7776 -EGG - VEG FRITATTA,LO7776,EGG - VEGETABLE FRITATTA SWEET POTATO BLISTERED CH,FOO,EA,43,8,7.518,60.14
BGI3,18/01/25,188,SI011889,J,VS,JBE43,LO7777 -CHOC CHIP PANCAKES,LO7777,CHOCOLATE CHIP PANCAKE CARMALIZED PINEAPPLE AND BE,FOO,EA,43,13,5.378,69.91
BGI3,18/01/25,188,SI011889,J,VS,JCE119,LO7772 -CREOLE CHIX W GAR ORZO,LO7772,SEARED CHIX CREOLE SAUCE GARLIZ ORZO,FOO,EA,43,15,8.69,130.35
BGI3,18/01/25,188,SI011889,J,VS,JCE121,LO7773 -MAHI MAHI W MAS POT,LO7773,SEARED MAHI GARLIC MASH BLISTETED TOMATO,FOO,EA,43,7,11.298,79.09
BGI3,18/01/25,188,SI011889,J,VS,JCE122,LO7774-WILD RICE COCO CURRY,LO7774,WILD RICE COCONUT CURRY SAUCE FRIED PLANTAIN,FOO,EA,43,4,7.248,28.99
BGI3,18/01/25,188,SI011889,J,VS,JDT33,LO2622- TRAY SET MM,LO2622,TRAY SET UP,SER,EA,43,43,16.138,693.93
BGI3,18/01/25,188,SI011889,J,VS,JPAX02,23237-PER PASSENGER CHARGE,23237,OVERHEAD - W PAX OVERHEAD - PER PAX,SER,EA,43,43,16.939,728.38
BGI3,18/01/25,188,SI011889,Y,VS,1YAV01,SP124700- AVML [Y/C],SP124700,AVML,FOO,EA,156,3,15.115,45.35
BGI3,18/01/25,188,SI011889,Y,VS,1YDB01,SP124707 - DBML [Y/C],SP124707,DBML,FOO,EA,156,1,22.504,22.5
BGI3,18/01/25,188,SI011889,Y,VS,1YGF01,SP124706 - GFML [Y/C],SP124706,GFML,FOO,EA,156,2,22.504,45.01
BGI3,18/01/25,188,SI011889,Y,VS,1YNL01,SP124712 - NLML [Y/C],SP124712,NLML,FOO,EA,156,1,22.504,22.5
BGI3,18/01/25,188,SI011889,Y,VS,1YVG01,SP124699- VGML [Y/C],SP124699,VGML,FOO,EA,156,1,14.694,14.69
BGI3,18/01/25,188,SI011889,Y,VS,1YVL01,SP124698- VLML [Y/C],SP124698,VLML,FOO,EA,156,4,12.154,48.62
BGI3,18/01/25,188,SI011889,Y,VS,3YDS01,3354- ORANGE JUICE-1LT,3354,BEVERAGES - ORANGE JUICE - 1 LT,STO,EA,156,22,2.124,46.73
BGI3,18/01/25,188,SI011889,Y,VS,3YDS02,3335-TOMATO JUICE 1LT,3335,BEVERAGES - TOMATO JUICE - 1 LT,STO,EA,156,1,4.057,4.06
BGI3,18/01/25,188,SI011889,Y,VS,3YDS03,3376-CRANBERRY JUICE,3376,BEVERAGES - CRANBERRY JUICE - 1 LT,STO,EA,156,2,5.101,10.2
BGI3,18/01/25,188,SI011889,Y,VS,3YDS04,3353-APPLE JUICE 1LTR,3353,BEVERAGES - APPLE JUICE - 1 LT,STO,EA,156,16,2.124,33.98
BGI3,18/01/25,188,SI011889,Y,VS,3YDS06,3476-MINERAL WATER 1.5LT,3476,BEVERAGES - MINERAL WATER STILL - 1 LT,STO,EA,156,48,2.36,113.28
BGI3,18/01/25,188,SI011889,Y,VS,3YDS07,33169-SPARKLING WATER 1LT,33169,BEVERAGES - MINERAL WATER SPARK - 1 LT,STO,EA,156,13,3.274,42.56
BGI3,18/01/25,188,SI011889,Y,VS,3YDS11,213774-PLASTIC BAG,213774,EQUIPMENT - BAG- PLASTIC BAG,EQU,EA,156,1,0.368,0.37
BGI3,18/01/25,188,SI011889,Y,VS,3YS022,ORANGE LINEN BAG,151383,LAUNDRY - BAG LINEN ORANGE 2014,LAU,EA,156,1,1.969,1.97
BGI3,18/01/25,188,SI011889,Y,VS,3YS023,LINEN TABLECLOTH,3526,LAUNDRY - TABLE CLOTH/RUNNER 2014,LAU,EA,156,33,0.652,21.52
BGI3,18/01/25,188,SI011889,Y,VS,3YS024,LINEN NAPKINS,3527,LAUNDRY - LINEN FOLDED NAPKIN 2014,LAU,EA,156,31,0.522,16.18
BGI3,18/01/25,188,SI011889,Y,VS,3YS032,145995-EQUIP PK - STORES 300,145995,PACKING - FLIGHT PACKING - A330-300,SER,EA,156,1,167.95,167.95
BGI3,18/01/25,188,SI011889,Y,VS,3YS035,145991-TRANS.- HANDLING 33J,145991,TURNAROUND - STRIP - LOAD - A330-300 - 3 FLIGHTS,SER,EA,156,1,483.897,483.9
BGI3,18/01/25,188,SI011889,Y,VS,3YS036,145994- WASH UP A330-300,145994,WASH UP - WASH UP - A330-900,SER,EA,156,1,404.383,404.38
BGI3,18/01/25,188,SI011889,Y,VS,3YS038,17.5% VAT ON LAUNDRY CHRG 33J,51069SALE,SALES TAX - LAUNDRY,VAT,EA,156,1,10.961,10.96
BGI3,18/01/25,188,SI011889,Y,VS,3YS063,25137-CUTLERY WRAP 1ST SERV 33,25137,PACKING - CUTLERY WRAPPING FIRST SERVICE - A330-30,SER,EA,156,1,8.435,8.44
BGI3,18/01/25,188,SI011889,Y,VS,3YS064,33819-CUTLERY WRAP 2ND SERV 33,33819,PACKING - CUTLERY WRAPPING SECOND SERVICE - A330-3,SER,EA,156,1,8.435,8.44
BGI3,18/01/25,188,SI011889,Y,VS,3YS071,32673-CULT WASH-PL 1SER 300,32673,PACKING - CUTLERY WASHUP - POLISHING FIRST SERVICE,SER,EA,156,1,27.272,27.27
BGI3,18/01/25,188,SI011889,Y,VS,3YS072,33141-CULT WASH-PL 2SER 300,33141,PACKING - CUTLERY WASHUP - POLISHING SECOND SERVIC,SER,EA,156,1,18.363,18.36
BGI3,18/01/25,188,SI011889,Y,VS,3YS095,25127- CUTL WSH-POL A330,25127,PACKING - CUTLERY WASHUP - POLISHING - A330-300,SER,EA,156,1,54.402,54.4
BGI3,18/01/25,188,SI011889,Y,VS,FAN17,19382-MILK 100% [Y],19382,FULL FAT MILK - PINT,STO,EA,156,2,4.805,9.61
BGI3,18/01/25,188,SI011889,Y,VS,FAN18,19384- MILK 2% [Y],19384,SEMI SKIMMED MILK - PINT,STO,EA,156,4,4.805,19.22
BGI3,18/01/25,188,SI011889,Y,VS,FAN19,7042-LEMON HALVES [Y],7042,LIME WEDGES,FOO,EA,156,7,5.125,35.88
BGI3,18/01/25,188,SI011889,Y,VS,FAN20,19380- WET ICE [6LB BAG] [Y],19380,WET ICE,WET,EA,156,7,2.942,20.59
BGI3,18/01/25,188,SI011889,Y,VS,YBE11,174148-BREAKFAST BOX,174148,,,EA,156,144,8.412,1211.33
BGI3,18/01/25,188,SI011889,Y,VS,YBE24,LO6953-OTIS SPUNKMEYER MUFFIN,LO6953,OTIS SPUNKMEYER MUFFIN,FOO,EA,156,144,1.872,269.57
BGI3,18/01/25,188,SI011889,Y,VS,YDE116,LO7778 - RO CHIX W PEPPERCORN,LO7778,ROASTED CHIX PEPPER SAU MASHED POTATO VEG,FOO,EA,156,101,8.748,883.55
BGI3,18/01/25,188,SI011889,Y,VS,YDE117,LO7779 - MAC PIE W TOM SAUCE,LO7779,MACARONI PIE TOMATO ROSE CREAMY SAUCE,FOO,EA,156,43,5.378,231.25
BGI3,18/01/25,188,SI011889,Y,VS,YDT30,LO2623 - MAIN MEAL TRAY SET UP,LO2623,TRAY SET UP,SER,EA,156,144,8.72,1255.68
BGI3,18/01/25,188,SI011889,Y,VS,YPAX03,23240- PER PASSENGER CHARGE[Y],23240,OVERHEAD - Y PAX OVERHEAD - PER PAX,SER,EA,156,147,13.856,2036.83
BGI3,18/01/25,188,SI011889,YC,VS,1YGF01,SP124706 - GFML [Y/C],SP124706,GFML,FOO,EA,12,1,22.504,22.5
BGI3,18/01/25,188,SI011889,YC,VS,2CE069, COCO CURRY,LO8708,WILD RICE COCONUT CURRY SAUCE VEG,FOO,EA,12,3,6.438,19.31
BGI3,18/01/25,188,SI011889,YC,VS,2CE070,LO8709 - GARLIC MASH CHIX THIG,LO8709,GARLIC MASH SEARED CHIX GREEN PEPPERCORN SAUCE,FOO,EA,12,2,10.838,21.68
BGI3,18/01/25,188,SI011889,YC,VS,2CE071,LO8710 - MAHI W GARL ORZO PAS,LO8710,SEARED MAHI ORZO PASTA CREOLE SAUCE VEG,FOO,EA,12,2,12.378,24.76
BGI3,18/01/25,188,SI011889,YC,VS,2CE072,LO8711 - PORKLOIN W PO GRATIN,LO8711,SEARED PORK POTATO GRATIN VEG,FOO,EA,12,2,13.84,27.68
BGI3,18/01/25,188,SI011889,YC,VS,2CE073,LO8712 - CHEESE RAVIOLI,LO8712,CHEESE RAVIOLI,FOO,EA,12,2,8.718,17.44
BGI3,18/01/25,188,SI011889,YC,VS,2CFF11,LO4110-WHOLE FRUIT 1,LO4110,SEASONAL WHOLE FRUIT OPTION 1,FOO,EA,12,6,4.622,27.73
BGI3,18/01/25,188,SI011889,YC,VS,2CFF12,LO4111-WHOLE FRUIT 2,LO4111,SEASONAL WHOLE FRUIT OPT 2,FOO,EA,12,6,4.622,27.73
BGI3,18/01/25,188,SI011889,YC,VS,2CFS44,LO5113- EGG SALAD SANDWICH,LO5113,EGG SALAD SANDWICH,FOO,EA,12,3,5.374,16.12
BGI3,18/01/25,188,SI011889,YC,VS,2CFS45,LO5115- TUNASALAD SANDWICH,LO5115,TUNA SALAD SANDWICH,FOO,EA,12,2,6.734,13.47
BGI3,18/01/25,188,SI011889,YC,VS,2CFS49,LO5119- BAP - STREAKY BACON,LO5119,SCOTTISH BAP WITH BACON,FOO,EA,12,4,4.866,19.46
BGI3,18/01/25,188,SI011889,YC,VS,2CFS52,LO5368- PLAIN BAGEL -PC CR CH,LO5368,PLAIN BAGEL WITH PC CREAM CHEESE,FOO,EA,12,3,4.086,12.26
BGI3,18/01/25,188,SI011889,YC,VS,2CFS77,LO8713 - HAM SANDWICH,LO8713,HAM SANDWICH,FOO,EA,12,2,7.734,15.47
BGI3,18/01/25,188,SI011889,YC,VS,2CFS78,LO8714 - CHEESE TOMATO WRAP,LO8714,CHEESE TOMATO CUCUMBER WRAP,FOO,EA,12,2,6.694,13.39
BGI3,18/01/25,188,SI011889,YC,VS,2CFS79,LO8715 - CHICKEN CHEESE BAGEL,LO8715,CHICKEN AND CHEESE BAGEL,FOO,EA,12,2,5.014,10.03
BGI3,18/01/25,188,SI011889,YC,VS,2CFS80,LO8716 - TURKEY SANDWICH,LO8716,TURKEY SANDWICH,FOO,EA,12,4,7.896,31.58
BGI3,18/01/25,188,SI011889,YC,VS,2CFS81, CHUTNE,LO8718,TILLAMOOK CHEESE CARR TROPICAL CHUTNEY,FOO,EA,12,6,6.788,40.73
BGI3,18/01/25,188,SI011889,YC,VS,2CFS82,LO8717 - PROTEIN POT W OLIVES,LO8717,PUMPKIN HUMMUS C CHEESE BLACK OLIVES PITTA BREAD T,FOO,EA,12,6,6.904,41.42
BGI3,18/01/25,188,SI011889,YC,VS,CPAX02,28728- C CREW SVC CHARGE,28728,OVERHEAD - CC OVERHEAD - PER PAX,SER,EA,12,11,25.48,280.28
BGI3,18/01/25,188A,SI011890,F,VS,FPAX06,F PAX CHG SHUTTLE,23234ISLAND,OVERHEAD - J INTERISLAND OVERHEAD - PER PAX,SER,EA,17,17,0.831,14.13
BGI3,18/01/25,188A,SI011890,F,VS,JSN04,LO7128 - ORIGINAL SHIRLEY,LO7128,ORIGINAL SHIRLEY BISCUIT,STO,EA,17,17,1.096,18.63
BGI3,18/01/25,188A,SI011890,J,VS,JPAX03,J PAX CHG SHUTTLE,23237ISLAND,OVERHEAD - W INTERISLAND OVERHEAD - PER PAX,SER,EA,13,13,0.831,10.8
BGI3,18/01/25,188A,SI011890,J,VS,JSN05,LO7135 - ORIGINAL SHIRLEY,LO7135,ORIGINAL SHIRLEY BISCUIT,STO,EA,13,13,1.096,14.25
BGI3,18/01/25,188A,SI011890,Y,VS,JSN06,LO7138 - ORIGINAL SHIRLEY,LO7138,ORIGINAL SHIRLEY BISCUIT,STO,EA,49,49,1.096,53.7
BGI3,18/01/25,188A,SI011890,Y,VS,YPAX04,Y PAX CHG SHUTTLE,23240ISLAND,OVERHEAD - Y INTERISLAND OVERHEAD - PER PAX,SER,EA,49,49,0.831,40.72
BGI3,18/01/25,188A,SI011890,YC,VS,FAN35,WATER 1.5LT,LO2664,INTERISLAND 1.5 LTR WATER,STO,EA,12,12,2.36,28.32
BGI3,19/01/25,197,SI011895,F,VS,FPAX06,F PAX CHG SHUTTLE,23234ISLAND,OVERHEAD - J INTERISLAND OVERHEAD - PER PAX,SER,EA,8,8,0.831,6.65
BGI3,19/01/25,197,SI011895,F,VS,JSN04,LO7128 - ORIGINAL SHIRLEY,LO7128,ORIGINAL SHIRLEY BISCUIT,STO,EA,8,8,1.096,8.77
BGI3,19/01/25,197,SI011895,J,VS,JPAX03,J PAX CHG SHUTTLE,23237ISLAND,OVERHEAD - W INTERISLAND OVERHEAD - PER PAX,SER,EA,18,18,0.831,14.96
BGI3,19/01/25,197,SI011895,J,VS,JSN05,LO7135 - ORIGINAL SHIRLEY,LO7135,ORIGINAL SHIRLEY BISCUIT,STO,EA,18,18,1.096,19.73
BGI3,19/01/25,197,SI011895,Y,VS,3YS035,145991-TRANS.- HANDLING 33J,145991,TURNAROUND - STRIP - LOAD - A330-300 - 3 FLIGHTS,SER,EA,121,1,483.897,483.9
BGI3,19/01/25,197,SI011895,Y,VS,FAN35,WATER 1.5LT,LO2664,INTERISLAND 1.5 LTR WATER,STO,EA,121,18,2.36,42.48
BGI3,19/01/25,197,SI011895,Y,VS,FAN36,ORANGE JUICE 1LT,3354,BEVERAGE- ORANGE JUICE - 1 LT,STO,EA,121,5,2.124,10.62
BGI3,19/01/25,197,SI011895,Y,VS,JSN06,LO7138 - ORIGINAL SHIRLEY,LO7138,ORIGINAL SHIRLEY BISCUIT,STO,EA,121,121,1.096,132.62
BGI3,19/01/25,197,SI011895,Y,VS,YPAX04,Y PAX CHG SHUTTLE,23240ISLAND,OVERHEAD - Y INTERISLAND OVERHEAD - PER PAX,SER,EA,121,121,0.831,100.55
BGI3,19/01/25,197,SI011895,YC,VS,2CFF12,LO4111-WHOLE FRUIT 2,LO4111,SEASONAL WHOLE FRUIT OPT 2,FOO,EA,12,5,4.622,23.11
BGI3,19/01/25,197,SI011895,YC,VS,2CFF13,LO4268 - WHOLE FRUIT 1,LO4268,SEASONAL WHOLE FRUIT OPT 1,FOO,EA,12,7,4.662,32.63
BGI3,19/01/25,197,SI011895,YC,VS,2CFS55,LO6303 - TUNA SANDWICH,LO6303,TUNA SANDWICH,FOO,EA,12,5,6.734,33.67
BGI3,19/01/25,197,SI011895,YC,VS,2CFS83,LO7721 - EGG SANDWICH,LO7721,EGG SALAD SANDWICH,FOO,EA,12,7,5.374,37.62
BGI3,19/01/25,197,SI011895,YC,VS,CPAX04,C PAX CHG SHUTTLE,28728,OVERHEAD - CC OVERHEAD - PER PAX,SER,EA,12,12,22.261,267.13
BGI3,19/01/25,197,SI011895,YC,VS,FAN37,LO2664 - CREW WATER 1.5 LT,LO2664,INTERISLAND 1.5 LTR WATER,STO,EA,12,12,2.272,27.26
BGI3,19/01/25,197,SI011895,YC,VS,JSN07,LO7722 - ORIG SHIRLEY CREW,LO7722,ORIGINAL SHIRLEY BISCUIT,STO,EA,12,12,1.096,13.15
BGI3,19/01/25,198,SI011892,F,VS,1POAM2,SP170097 - OAML,SP170097,OAML,FOO,EA,31,1,12.582,12.58
BGI3,19/01/25,198,SI011892,F,VS,1POSML,SP170101 - OSML,SP170101,OSML,FOO,EA,31,1,10.91,10.91
BGI3,19/01/25,198,SI011892,F,VS,1POUML,SP173624 - OUML,SP173624,OUML,FOO,EA,31,3,12.36,37.08
BGI3,19/01/25,198,SI011892,F,VS,1POVML,SP173625 - OVML,SP173625,OVML,FOO,EA,31,1,10.63,10.63
BGI3,19/01/25,198,SI011892,F,VS,FAN12,19381- MILK 100%,19381,FULL FAT MILK - PINT,STO,EA,31,4,4.805,19.22
BGI3,19/01/25,198,SI011892,F,VS,FAN13,19383- MILK 2%,19383,SEMI SKIMMED MILK - PINT,STO,EA,31,2,4.805,9.61
BGI3,19/01/25,198,SI011892,F,VS,FAN14,19385-LEMON HALVES,19385,LEMON WEDGES,FOO,EA,31,2,5.125,10.25
BGI3,19/01/25,198,SI011892,F,VS,FAN21,19379-WET ICE[6LB BAG],19379,WET ICE,WET,EA,31,4,2.942,11.77
BGI3,19/01/25,198,SI011892,F,VS,FAN23,LO7607-CUCUMBER SLICES,LO7607,CUCUMBER SLICES,FOO,EA,31,1,7.686,7.69
BGI3,19/01/25,198,SI011892,F,VS,FAN30,7041- LIME WEDGES,7041,LIME WEDGES,FOO,EA,31,2,4.78,9.56
BGI3,19/01/25,198,SI011892,F,VS,FAN33,23212 - BULK EQUIPMENT,23212,BULK EQUIPMENT,EQU,EA,31,31,1.779,55.15
BGI3,19/01/25,198,SI011892,F,VS,FBD91,LO7757 -WHOLE WHEAT - FLAXSEED,LO7757,WHOLE WHEAT - FLAXSEED KNOT ROLL,FOO,EA,31,16,2.446,39.14
BGI3,19/01/25,198,SI011892,F,VS,FBD92,LO7758 -BLACK OLIVE - GAR ROLL,LO7758,BLACK OLIVE AND GARLIC ROLL,FOO,EA,31,16,2.516,40.26
BGI3,19/01/25,198,SI011892,F,VS,FBD93,LO7759 -CHEDDAR - ONION ROLL,LO7759,CHEDDAR CHEESE AND ONION ROLL,FOO,EA,31,15,2.446,36.69
BGI3,19/01/25,198,SI011892,F,VS,FBT14,LO7770- FRUIT PLATE,LO7770,FRUIT PLATE,FOO,EA,31,16,6.598,105.57
BGI3,19/01/25,198,SI011892,F,VS,FBT16,LO7126 - PLAIN GREEK YOGH FULL,LO7126,PLAIN GREEK YOGHURT - 907 GRAMS,STO,EA,31,1,13.612,13.61
BGI3,19/01/25,198,SI011892,F,VS,FBT17,LO7127- GRANOLA FULL,LO7127,GRANOLA WHOLE GRAIN - 360 GRAMS,STO,EA,31,1,16.562,16.56
BGI3,19/01/25,198,SI011892,F,VS,FBT18,LO7771 - BANANA MUFFIN,LO7771,BANANA MUFFIN,FOO,EA,31,16,3.272,52.35
BGI3,19/01/25,198,SI011892,F,VS,FCE155,LO7764 -HERB CHIX W POT GRATIN,LO7764,HERBED CHIX POTATO GRATIN CORN AND PEPPER,FOO,EA,31,10,12.582,125.82
BGI3,19/01/25,198,SI011892,F,VS,FCE156,LO7765 - MAHI MAHI W WILD RICE,LO7765,SPICED MAHI TURMERIC WILD RICE COCONUT CURRY,FOO,EA,31,8,14.292,114.34
BGI3,19/01/25,198,SI011892,F,VS,FCE157,LO7766 - VEG LASAGNA,LO7766,VEGETABLE LASGNA DUO SCALES,FOO,EA,31,5,12.42,62.1
BGI3,19/01/25,198,SI011892,F,VS,FCF16,LO5500- PICK YOUR OWN,LO5500,CARIBBEAN FRUIT WHOLE [ASSORTED],FOO,EA,31,1,26.288,26.29
BGI3,19/01/25,198,SI011892,F,VS,FCS153,LO8803 - JERK PORK SATAYS,LO8803,,,EA,31,16,6.072,97.15
BGI3,19/01/25,198,SI011892,F,VS,FCS154,LO8804 - PUMKIN HUMMUS,LO8804,,,EA,31,18,5.176,93.17
BGI3,19/01/25,198,SI011892,F,VS,FDD106,LO7762 -SAVOURY CHEESE PLATE,LO7762,STILTON CHEEDAR GOAT GRAPE CHUTNEY,FOO,EA,31,19,7.53,143.07
BGI3,19/01/25,198,SI011892,F,VS,FDD108,LO8805 - DOUBLE CHOC CHE CAKE,LO8805,,,EA,31,12,5.38,64.56
BGI3,19/01/25,198,SI011892,F,VS,FDD109,LO8806 - CARAMEL - PUMKIN BREA,LO8806,,,EA,31,16,4.83,77.28
BGI3,19/01/25,198,SI011892,F,VS,FDT007,LO4801- BUTTER,LO4801,BUTTER [PIPED] BULK LOAED,FOO,EA,31,31,1.042,32.3
BGI3,19/01/25,198,SI011892,F,VS,FHB69,LO4240-BACON BAP,LO4240,BACON BAP,FOO,EA,31,11,5.18,56.98
BGI3,19/01/25,198,SI011892,F,VS,FHB83,LO7767 -SCRAM EGG BB SAUS,LO7767,SCRAMBLE EGGS BACK BACON SAUSAGE BAKED BEANS,FOO,EA,31,16,9.72,155.52
BGI3,19/01/25,198,SI011892,F,VS,FHB84,LO7768 - PEPP - CHEE OMELETTE,LO7768,PEPPER AND CHEESE OMELETTE SPINACH SWEET POTATO,FOO,EA,31,4,7.85,31.4
BGI3,19/01/25,198,SI011892,F,VS,FHB85,LO7769 - CHOCO CHIP PANCAKE,LO7769,CHOCOLATE CHIP PANCAKESPICED PINEAPPLE AND BERRY C,FOO,EA,31,6,6.31,37.86
BGI3,19/01/25,198,SI011892,F,VS,FPAX04,23234-PER PASSENGER CHARGE,23234,OVERHEAD - J PAX OVERHEAD - PER PAX,SER,EA,31,31,36.774,1139.99
BGI3,19/01/25,198,SI011892,J,VS,1JGF01,SP124628 - GFML [J/C],SP124628,GFML,FOO,EA,40,1,22.504,22.5
BGI3,19/01/25,198,SI011892,J,VS,1PWAM2,SP170105 - WAM2,SP170105,WAML,FOO,EA,40,7,8.69,60.83
BGI3,19/01/25,198,SI011892,J,VS,1PWBM2,SP170106 - WBM2,SP170106,WBML,FOO,EA,40,3,11.298,33.89
BGI3,19/01/25,198,SI011892,J,VS,1PWCM2,SP170107 - WCM2,SP170107,WCML,FOO,EA,40,4,7.248,28.99
BGI3,19/01/25,198,SI011892,J,VS,JBE41, PORK SAUG,LO7775,SCRAMBLE EGG PORK SAUSAGE BACK BACON BAKED BEANS,FOO,EA,40,20,6.378,127.56
BGI3,19/01/25,198,SI011892,J,VS,JBE42,LO7776 -EGG - VEG FRITATTA,LO7776,EGG - VEGETABLE FRITATTA SWEET POTATO BLISTERED CH,FOO,EA,40,7,7.518,52.63
BGI3,19/01/25,198,SI011892,J,VS,JBE43,LO7777 -CHOC CHIP PANCAKES,LO7777,CHOCOLATE CHIP PANCAKE CARMALIZED PINEAPPLE AND BE,FOO,EA,40,12,5.378,64.54
BGI3,19/01/25,198,SI011892,J,VS,JCE119,LO7772 -CREOLE CHIX W GAR ORZO,LO7772,SEARED CHIX CREOLE SAUCE GARLIZ ORZO,FOO,EA,40,16,8.69,139.04
BGI3,19/01/25,198,SI011892,J,VS,JCE121,LO7773 -MAHI MAHI W MAS POT,LO7773,SEARED MAHI GARLIC MASH BLISTETED TOMATO,FOO,EA,40,8,11.298,90.38
BGI3,19/01/25,198,SI011892,J,VS,JCE122,LO7774-WILD RICE COCO CURRY,LO7774,WILD RICE COCONUT CURRY SAUCE FRIED PLANTAIN,FOO,EA,40,5,7.248,36.24
BGI3,19/01/25,198,SI011892,J,VS,JDT33,LO2622- TRAY SET MM,LO2622,TRAY SET UP,SER,EA,40,39,16.138,629.38
BGI3,19/01/25,198,SI011892,J,VS,JPAX02,23237-PER PASSENGER CHARGE,23237,OVERHEAD - W PAX OVERHEAD - PER PAX,SER,EA,40,35,16.939,592.87
BGI3,19/01/25,198,SI011892,Y,VS,1YAV01,SP124700- AVML [Y/C],SP124700,AVML,FOO,EA,110,3,15.115,45.35
BGI3,19/01/25,198,SI011892,Y,VS,1YCH04,SP124709- CHML [Y/C],SP124709,CHML,FOO,EA,110,1,14.622,14.62
BGI3,19/01/25,198,SI011892,Y,VS,1YSP03,SP124701 - JAIN [Y/C],SP124701,VJML,FOO,EA,110,1,16.278,16.28
BGI3,19/01/25,198,SI011892,Y,VS,1YVG01,SP124699- VGML [Y/C],SP124699,VGML,FOO,EA,110,1,14.694,14.69
BGI3,19/01/25,198,SI011892,Y,VS,1YVL01,SP124698- VLML [Y/C],SP124698,VLML,FOO,EA,110,1,12.154,12.15
BGI3,19/01/25,198,SI011892,Y,VS,3YDS01,3354- ORANGE JUICE-1LT,3354,BEVERAGES - ORANGE JUICE - 1 LT,STO,EA,110,24,2.124,50.98
BGI3,19/01/25,198,SI011892,Y,VS,3YDS02,3335-TOMATO JUICE 1LT,3335,BEVERAGES - TOMATO JUICE - 1 LT,STO,EA,110,1,4.057,4.06
BGI3,19/01/25,198,SI011892,Y,VS,3YDS03,3376-CRANBERRY JUICE,3376,BEVERAGES - CRANBERRY JUICE - 1 LT,STO,EA,110,2,5.101,10.2
BGI3,19/01/25,198,SI011892,Y,VS,3YDS04,3353-APPLE JUICE 1LTR,3353,BEVERAGES - APPLE JUICE - 1 LT,STO,EA,110,13,2.124,27.61
BGI3,19/01/25,198,SI011892,Y,VS,3YDS06,3476-MINERAL WATER 1.5LT,3476,BEVERAGES - MINERAL WATER STILL - 1 LT,STO,EA,110,48,2.36,113.28
BGI3,19/01/25,198,SI011892,Y,VS,3YDS07,33169-SPARKLING WATER 1LT,33169,BEVERAGES - MINERAL WATER SPARK - 1 LT,STO,EA,110,14,3.274,45.84
BGI3,19/01/25,198,SI011892,Y,VS,3YDS11,213774-PLASTIC BAG,213774,EQUIPMENT - BAG- PLASTIC BAG,EQU,EA,110,1,0.368,0.37
BGI3,19/01/25,198,SI011892,Y,VS,3YS022,ORANGE LINEN BAG,151383,LAUNDRY - BAG LINEN ORANGE 2014,LAU,EA,110,1,1.969,1.97
BGI3,19/01/25,198,SI011892,Y,VS,3YS023,LINEN TABLECLOTH,3526,LAUNDRY - TABLE CLOTH/RUNNER 2014,LAU,EA,110,33,0.652,21.52
BGI3,19/01/25,198,SI011892,Y,VS,3YS024,LINEN NAPKINS,3527,LAUNDRY - LINEN FOLDED NAPKIN 2014,LAU,EA,110,31,0.522,16.18
BGI3,19/01/25,198,SI011892,Y,VS,3YS032,145995-EQUIP PK - STORES 300,145995,PACKING - FLIGHT PACKING - A330-300,SER,EA,110,1,167.95,167.95
BGI3,19/01/25,198,SI011892,Y,VS,3YS035,145991-TRANS.- HANDLING 33J,145991,TURNAROUND - STRIP - LOAD - A330-300 - 3 FLIGHTS,SER,EA,110,1,483.897,483.9
BGI3,19/01/25,198,SI011892,Y,VS,3YS036,145994- WASH UP A330-300,145994,WASH UP - WASH UP - A330-900,SER,EA,110,1,404.383,404.38
BGI3,19/01/25,198,SI011892,Y,VS,3YS038,17.5% VAT ON LAUNDRY CHRG 33J,51069SALE,SALES TAX - LAUNDRY,VAT,EA,110,1,10.961,10.96
BGI3,19/01/25,198,SI011892,Y,VS,3YS063,25137-CUTLERY WRAP 1ST SERV 33,25137,PACKING - CUTLERY WRAPPING FIRST SERVICE - A330-30,SER,EA,110,1,8.435,8.44
BGI3,19/01/25,198,SI011892,Y,VS,3YS064,33819-CUTLERY WRAP 2ND SERV 33,33819,PACKING - CUTLERY WRAPPING SECOND SERVICE - A330-3,SER,EA,110,1,8.435,8.44
BGI3,19/01/25,198,SI011892,Y,VS,3YS071,32673-CULT WASH-PL 1SER 300,32673,PACKING - CUTLERY WASHUP - POLISHING FIRST SERVICE,SER,EA,110,1,27.272,27.27
BGI3,19/01/25,198,SI011892,Y,VS,3YS072,33141-CULT WASH-PL 2SER 300,33141,PACKING - CUTLERY WASHUP - POLISHING SECOND SERVIC,SER,EA,110,1,18.363,18.36
BGI3,19/01/25,198,SI011892,Y,VS,3YS095,25127- CUTL WSH-POL A330,25127,PACKING - CUTLERY WASHUP - POLISHING - A330-300,SER,EA,110,1,54.402,54.4
BGI3,19/01/25,198,SI011892,Y,VS,FAN17,19382-MILK 100% [Y],19382,FULL FAT MILK - PINT,STO,EA,110,2,4.805,9.61
BGI3,19/01/25,198,SI011892,Y,VS,FAN18,19384- MILK 2% [Y],19384,SEMI SKIMMED MILK - PINT,STO,EA,110,4,4.805,19.22
BGI3,19/01/25,198,SI011892,Y,VS,FAN19,7042-LEMON HALVES [Y],7042,LIME WEDGES,FOO,EA,110,5,5.125,25.63
BGI3,19/01/25,198,SI011892,Y,VS,FAN20,19380- WET ICE [6LB BAG] [Y],19380,WET ICE,WET,EA,110,5,2.942,14.71
BGI3,19/01/25,198,SI011892,Y,VS,YBE11,174148-BREAKFAST BOX,174148,,,EA,110,103,8.412,866.44
BGI3,19/01/25,198,SI011892,Y,VS,YBE24,LO6953-OTIS SPUNKMEYER MUFFIN,LO6953,OTIS SPUNKMEYER MUFFIN,FOO,EA,110,103,1.872,192.82
BGI3,19/01/25,198,SI011892,Y,VS,YDE116,LO7778 - RO CHIX W PEPPERCORN,LO7778,ROASTED CHIX PEPPER SAU MASHED POTATO VEG,FOO,EA,110,72,8.748,629.86
BGI3,19/01/25,198,SI011892,Y,VS,YDE117,LO7779 - MAC PIE W TOM SAUCE,LO7779,MACARONI PIE TOMATO ROSE CREAMY SAUCE,FOO,EA,110,31,5.378,166.72
BGI3,19/01/25,198,SI011892,Y,VS,YDT30,LO2623 - MAIN MEAL TRAY SET UP,LO2623,TRAY SET UP,SER,EA,110,103,8.72,898.16
BGI3,19/01/25,198,SI011892,Y,VS,YPAX03,23240- PER PASSENGER CHARGE[Y],23240,OVERHEAD - Y PAX OVERHEAD - PER PAX,SER,EA,110,97,13.856,1344.03
BGI3,19/01/25,198,SI011892,YC,VS,2CE069, COCO CURRY,LO8708,WILD RICE COCONUT CURRY SAUCE VEG,FOO,EA,12,3,6.438,19.31
BGI3,19/01/25,198,SI011892,YC,VS,2CE070,LO8709 - GARLIC MASH CHIX THIG,LO8709,GARLIC MASH SEARED CHIX GREEN PEPPERCORN SAUCE,FOO,EA,12,3,10.838,32.51
BGI3,19/01/25,198,SI011892,YC,VS,2CE071,LO8710 - MAHI W GARL ORZO PAS,LO8710,SEARED MAHI ORZO PASTA CREOLE SAUCE VEG,FOO,EA,12,2,12.378,24.76
BGI3,19/01/25,198,SI011892,YC,VS,2CE072,LO8711 - PORKLOIN W PO GRATIN,LO8711,SEARED PORK POTATO GRATIN VEG,FOO,EA,12,2,13.84,27.68
BGI3,19/01/25,198,SI011892,YC,VS,2CE073,LO8712 - CHEESE RAVIOLI,LO8712,CHEESE RAVIOLI,FOO,EA,12,2,8.718,17.44
BGI3,19/01/25,198,SI011892,YC,VS,2CFF11,LO4110-WHOLE FRUIT 1,LO4110,SEASONAL WHOLE FRUIT OPTION 1,FOO,EA,12,6,4.622,27.73
BGI3,19/01/25,198,SI011892,YC,VS,2CFF12,LO4111-WHOLE FRUIT 2,LO4111,SEASONAL WHOLE FRUIT OPT 2,FOO,EA,12,6,4.622,27.73
BGI3,19/01/25,198,SI011892,YC,VS,2CFS44,LO5113- EGG SALAD SANDWICH,LO5113,EGG SALAD SANDWICH,FOO,EA,12,3,5.374,16.12
BGI3,19/01/25,198,SI011892,YC,VS,2CFS45,LO5115- TUNASALAD SANDWICH,LO5115,TUNA SALAD SANDWICH,FOO,EA,12,2,6.734,13.47
BGI3,19/01/25,198,SI011892,YC,VS,2CFS49,LO5119- BAP - STREAKY BACON,LO5119,SCOTTISH BAP WITH BACON,FOO,EA,12,4,4.866,19.46
BGI3,19/01/25,198,SI011892,YC,VS,2CFS52,LO5368- PLAIN BAGEL -PC CR CH,LO5368,PLAIN BAGEL WITH PC CREAM CHEESE,FOO,EA,12,4,4.086,16.34
BGI3,19/01/25,198,SI011892,YC,VS,2CFS77,LO8713 - HAM SANDWICH,LO8713,HAM SANDWICH,FOO,EA,12,3,7.734,23.2
BGI3,19/01/25,198,SI011892,YC,VS,2CFS78,LO8714 - CHEESE TOMATO WRAP,LO8714,CHEESE TOMATO CUCUMBER WRAP,FOO,EA,12,2,6.694,13.39
BGI3,19/01/25,198,SI011892,YC,VS,2CFS79,LO8715 - CHICKEN CHEESE BAGEL,LO8715,CHICKEN AND CHEESE BAGEL,FOO,EA,12,2,5.014,10.03
BGI3,19/01/25,198,SI011892,YC,VS,2CFS80,LO8716 - TURKEY SANDWICH,LO8716,TURKEY SANDWICH,FOO,EA,12,4,7.896,31.58
BGI3,19/01/25,198,SI011892,YC,VS,2CFS81, CHUTNE,LO8718,TILLAMOOK CHEESE CARR TROPICAL CHUTNEY,FOO,EA,12,6,6.788,40.73
BGI3,19/01/25,198,SI011892,YC,VS,2CFS82,LO8717 - PROTEIN POT W OLIVES,LO8717,PUMPKIN HUMMUS C CHEESE BLACK OLIVES PITTA BREAD T,FOO,EA,12,6,6.904,41.42
BGI3,19/01/25,198,SI011892,YC,VS,CPAX02,28728- C CREW SVC CHARGE,28728,OVERHEAD - CC OVERHEAD - PER PAX,SER,EA,12,12,25.48,305.76
BGI3,19/01/25,78,SI011893,F,VS,1POAM2,SP170097 - OAML,SP170097,OAML,FOO,EA,31,3,12.582,37.75
BGI3,19/01/25,78,SI011893,F,VS,1POSML,SP170101 - OSML,SP170101,OSML,FOO,EA,31,1,10.91,10.91
BGI3,19/01/25,78,SI011893,F,VS,1POTML,SP170102 - OTML,SP170102,OTML,FOO,EA,31,3,9.48,28.44
BGI3,19/01/25,78,SI011893,F,VS,1POUML,SP173624 - OUML,SP173624,OUML,FOO,EA,31,6,12.36,74.16
BGI3,19/01/25,78,SI011893,F,VS,1POVML,SP173625 - OVML,SP173625,OVML,FOO,EA,31,1,10.63,10.63
BGI3,19/01/25,78,SI011893,F,VS,FAN12,19381- MILK 100%,19381,FULL FAT MILK - PINT,STO,EA,31,4,4.805,19.22
BGI3,19/01/25,78,SI011893,F,VS,FAN13,19383- MILK 2%,19383,SEMI SKIMMED MILK - PINT,STO,EA,31,2,4.805,9.61
BGI3,19/01/25,78,SI011893,F,VS,FAN14,19385-LEMON HALVES,19385,LEMON WEDGES,FOO,EA,31,2,5.125,10.25
BGI3,19/01/25,78,SI011893,F,VS,FAN21,19379-WET ICE[6LB BAG],19379,WET ICE,WET,EA,31,4,2.942,11.77
BGI3,19/01/25,78,SI011893,F,VS,FAN23,LO7607-CUCUMBER SLICES,LO7607,CUCUMBER SLICES,FOO,EA,31,1,7.686,7.69
BGI3,19/01/25,78,SI011893,F,VS,FAN30,7041- LIME WEDGES,7041,LIME WEDGES,FOO,EA,31,2,4.78,9.56
BGI3,19/01/25,78,SI011893,F,VS,FAN33,23212 - BULK EQUIPMENT,23212,BULK EQUIPMENT,EQU,EA,31,31,1.779,55.15
BGI3,19/01/25,78,SI011893,F,VS,FBD91,LO7757 -WHOLE WHEAT - FLAXSEED,LO7757,WHOLE WHEAT - FLAXSEED KNOT ROLL,FOO,EA,31,16,2.446,39.14
BGI3,19/01/25,78,SI011893,F,VS,FBD92,LO7758 -BLACK OLIVE - GAR ROLL,LO7758,BLACK OLIVE AND GARLIC ROLL,FOO,EA,31,16,2.516,40.26
BGI3,19/01/25,78,SI011893,F,VS,FBD93,LO7759 -CHEDDAR - ONION ROLL,LO7759,CHEDDAR CHEESE AND ONION ROLL,FOO,EA,31,15,2.446,36.69
BGI3,19/01/25,78,SI011893,F,VS,FBT14,LO7770- FRUIT PLATE,LO7770,FRUIT PLATE,FOO,EA,31,16,6.598,105.57
BGI3,19/01/25,78,SI011893,F,VS,FBT16,LO7126 - PLAIN GREEK YOGH FULL,LO7126,PLAIN GREEK YOGHURT - 907 GRAMS,STO,EA,31,1,13.612,13.61
BGI3,19/01/25,78,SI011893,F,VS,FBT17,LO7127- GRANOLA FULL,LO7127,GRANOLA WHOLE GRAIN - 360 GRAMS,STO,EA,31,1,16.562,16.56
BGI3,19/01/25,78,SI011893,F,VS,FBT18,LO7771 - BANANA MUFFIN,LO7771,BANANA MUFFIN,FOO,EA,31,16,3.272,52.35
BGI3,19/01/25,78,SI011893,F,VS,FCE155,LO7764 -HERB CHIX W POT GRATIN,LO7764,HERBED CHIX POTATO GRATIN CORN AND PEPPER,FOO,EA,31,9,12.582,113.24
BGI3,19/01/25,78,SI011893,F,VS,FCE156,LO7765 - MAHI MAHI W WILD RICE,LO7765,SPICED MAHI TURMERIC WILD RICE COCONUT CURRY,FOO,EA,31,5,14.292,71.46
BGI3,19/01/25,78,SI011893,F,VS,FCE157,LO7766 - VEG LASAGNA,LO7766,VEGETABLE LASGNA DUO SCALES,FOO,EA,31,3,12.42,37.26
BGI3,19/01/25,78,SI011893,F,VS,FCF16,LO5500- PICK YOUR OWN,LO5500,CARIBBEAN FRUIT WHOLE [ASSORTED],FOO,EA,31,1,26.288,26.29
BGI3,19/01/25,78,SI011893,F,VS,FCS153,LO8803 - JERK PORK SATAYS,LO8803,,,EA,31,16,6.072,97.15
BGI3,19/01/25,78,SI011893,F,VS,FCS154,LO8804 - PUMKIN HUMMUS,LO8804,,,EA,31,18,5.176,93.17
BGI3,19/01/25,78,SI011893,F,VS,FDD106,LO7762 -SAVOURY CHEESE PLATE,LO7762,STILTON CHEEDAR GOAT GRAPE CHUTNEY,FOO,EA,31,19,7.53,143.07
BGI3,19/01/25,78,SI011893,F,VS,FDD108,LO8805 - DOUBLE CHOC CHE CAKE,LO8805,,,EA,31,12,5.38,64.56
BGI3,19/01/25,78,SI011893,F,VS,FDD109,LO8806 - CARAMEL - PUMKIN BREA,LO8806,,,EA,31,16,4.83,77.28
BGI3,19/01/25,78,SI011893,F,VS,FDT007,LO4801- BUTTER,LO4801,BUTTER [PIPED] BULK LOAED,FOO,EA,31,31,1.042,32.3
BGI3,19/01/25,78,SI011893,F,VS,FHB69,LO4240-BACON BAP,LO4240,BACON BAP,FOO,EA,31,6,5.18,31.08
BGI3,19/01/25,78,SI011893,F,VS,FHB83,LO7767 -SCRAM EGG BB SAUS,LO7767,SCRAMBLE EGGS BACK BACON SAUSAGE BAKED BEANS,FOO,EA,31,16,9.72,155.52
BGI3,19/01/25,78,SI011893,F,VS,FHB84,LO7768 - PEPP - CHEE OMELETTE,LO7768,PEPPER AND CHEESE OMELETTE SPINACH SWEET POTATO,FOO,EA,31,6,7.85,47.1
BGI3,19/01/25,78,SI011893,F,VS,FHB85,LO7769 - CHOCO CHIP PANCAKE,LO7769,CHOCOLATE CHIP PANCAKESPICED PINEAPPLE AND BERRY C,FOO,EA,31,9,6.31,56.79
BGI3,19/01/25,78,SI011893,F,VS,FPAX04,23234-PER PASSENGER CHARGE,23234,OVERHEAD - J PAX OVERHEAD - PER PAX,SER,EA,31,31,36.774,1139.99
BGI3,19/01/25,78,SI011893,J,VS,1JAV01,SP124622 - AVML [J/C],SP124622,AVML,FOO,EA,48,1,15.115,15.12
BGI3,19/01/25,78,SI011893,J,VS,1JCH03,SP124631 - CHILD MEAL [J/C],SP124631,CHML,FOO,EA,48,1,14.622,14.62
BGI3,19/01/25,78,SI011893,J,VS,1JVG01,SP124621 - VGML [J/C],SP124621,VGML,FOO,EA,48,1,14.694,14.69
BGI3,19/01/25,78,SI011893,J,VS,1JVL01,SP124620 - VLML [J/C],SP124620,VLML,FOO,EA,48,1,12.174,12.17
BGI3,19/01/25,78,SI011893,J,VS,1PWAM2,SP170105 - WAM2,SP170105,WAML,FOO,EA,48,13,8.69,112.97
BGI3,19/01/25,78,SI011893,J,VS,1PWBM2,SP170106 - WBM2,SP170106,WBML,FOO,EA,48,1,11.298,11.3
BGI3,19/01/25,78,SI011893,J,VS,1PWCM2,SP170107 - WCM2,SP170107,WCML,FOO,EA,48,3,7.248,21.74
BGI3,19/01/25,78,SI011893,J,VS,JBE41, PORK SAUG,LO7775,SCRAMBLE EGG PORK SAUSAGE BACK BACON BAKED BEANS,FOO,EA,48,22,6.378,140.32
BGI3,19/01/25,78,SI011893,J,VS,JBE42,LO7776 -EGG - VEG FRITATTA,LO7776,EGG - VEGETABLE FRITATTA SWEET POTATO BLISTERED CH,FOO,EA,48,9,7.518,67.66
BGI3,19/01/25,78,SI011893,J,VS,JBE43,LO7777 -CHOC CHIP PANCAKES,LO7777,CHOCOLATE CHIP PANCAKE CARMALIZED PINEAPPLE AND BE,FOO,EA,48,13,5.378,69.91
BGI3,19/01/25,78,SI011893,J,VS,JCE119,LO7772 -CREOLE CHIX W GAR ORZO,LO7772,SEARED CHIX CREOLE SAUCE GARLIZ ORZO,FOO,EA,48,18,8.69,156.42
BGI3,19/01/25,78,SI011893,J,VS,JCE121,LO7773 -MAHI MAHI W MAS POT,LO7773,SEARED MAHI GARLIC MASH BLISTETED TOMATO,FOO,EA,48,8,11.298,90.38
BGI3,19/01/25,78,SI011893,J,VS,JCE122,LO7774-WILD RICE COCO CURRY,LO7774,WILD RICE COCONUT CURRY SAUCE FRIED PLANTAIN,FOO,EA,48,5,7.248,36.24
BGI3,19/01/25,78,SI011893,J,VS,JDT33,LO2622- TRAY SET MM,LO2622,TRAY SET UP,SER,EA,48,44,16.138,710.07
BGI3,19/01/25,78,SI011893,J,VS,JPAX02,23237-PER PASSENGER CHARGE,23237,OVERHEAD - W PAX OVERHEAD - PER PAX,SER,EA,48,43,16.939,728.38
BGI3,19/01/25,78,SI011893,Y,VS,1YAV01,SP124700- AVML [Y/C],SP124700,AVML,FOO,EA,145,1,15.115,15.12
BGI3,19/01/25,78,SI011893,Y,VS,1YCH04,SP124709- CHML [Y/C],SP124709,CHML,FOO,EA,145,2,14.622,29.24
BGI3,19/01/25,78,SI011893,Y,VS,1YDB01,SP124707 - DBML [Y/C],SP124707,DBML,FOO,EA,145,1,22.504,22.5
BGI3,19/01/25,78,SI011893,Y,VS,1YGF01,SP124706 - GFML [Y/C],SP124706,GFML,FOO,EA,145,1,22.504,22.5
BGI3,19/01/25,78,SI011893,Y,VS,1YVG01,SP124699- VGML [Y/C],SP124699,VGML,FOO,EA,145,1,14.694,14.69
BGI3,19/01/25,78,SI011893,Y,VS,1YVL01,SP124698- VLML [Y/C],SP124698,VLML,FOO,EA,145,2,12.154,24.31
BGI3,19/01/25,78,SI011893,Y,VS,3YDS01,3354- ORANGE JUICE-1LT,3354,BEVERAGES - ORANGE JUICE - 1 LT,STO,EA,145,22,2.124,46.73
BGI3,19/01/25,78,SI011893,Y,VS,3YDS02,3335-TOMATO JUICE 1LT,3335,BEVERAGES - TOMATO JUICE - 1 LT,STO,EA,145,1,4.057,4.06
BGI3,19/01/25,78,SI011893,Y,VS,3YDS03,3376-CRANBERRY JUICE,3376,BEVERAGES - CRANBERRY JUICE - 1 LT,STO,EA,145,2,5.101,10.2
BGI3,19/01/25,78,SI011893,Y,VS,3YDS04,3353-APPLE JUICE 1LTR,3353,BEVERAGES - APPLE JUICE - 1 LT,STO,EA,145,16,2.124,33.98
BGI3,19/01/25,78,SI011893,Y,VS,3YDS06,3476-MINERAL WATER 1.5LT,3476,BEVERAGES - MINERAL WATER STILL - 1 LT,STO,EA,145,48,2.36,113.28
BGI3,19/01/25,78,SI011893,Y,VS,3YDS07,33169-SPARKLING WATER 1LT,33169,BEVERAGES - MINERAL WATER SPARK - 1 LT,STO,EA,145,13,3.274,42.56
BGI3,19/01/25,78,SI011893,Y,VS,3YDS11,213774-PLASTIC BAG,213774,EQUIPMENT - BAG- PLASTIC BAG,EQU,EA,145,1,0.368,0.37
BGI3,19/01/25,78,SI011893,Y,VS,3YS022,ORANGE LINEN BAG,151383,LAUNDRY - BAG LINEN ORANGE 2014,LAU,EA,145,1,1.969,1.97
BGI3,19/01/25,78,SI011893,Y,VS,3YS023,LINEN TABLECLOTH,3526,LAUNDRY - TABLE CLOTH/RUNNER 2014,LAU,EA,145,33,0.652,21.52
BGI3,19/01/25,78,SI011893,Y,VS,3YS024,LINEN NAPKINS,3527,LAUNDRY - LINEN FOLDED NAPKIN 2014,LAU,EA,145,31,0.522,16.18
BGI3,19/01/25,78,SI011893,Y,VS,3YS032,145995-EQUIP PK - STORES 300,145995,PACKING - FLIGHT PACKING - A330-300,SER,EA,145,1,167.95,167.95
BGI3,19/01/25,78,SI011893,Y,VS,3YS035,145991-TRANS.- HANDLING 33J,145991,TURNAROUND - STRIP - LOAD - A330-300 - 3 FLIGHTS,SER,EA,145,1,483.897,483.9
BGI3,19/01/25,78,SI011893,Y,VS,3YS036,145994- WASH UP A330-300,145994,WASH UP - WASH UP - A330-900,SER,EA,145,1,404.383,404.38
BGI3,19/01/25,78,SI011893,Y,VS,3YS038,17.5% VAT ON LAUNDRY CHRG 33J,51069SALE,SALES TAX - LAUNDRY,VAT,EA,145,1,10.961,10.96
BGI3,19/01/25,78,SI011893,Y,VS,3YS063,25137-CUTLERY WRAP 1ST SERV 33,25137,PACKING - CUTLERY WRAPPING FIRST SERVICE - A330-30,SER,EA,145,1,8.435,8.44
BGI3,19/01/25,78,SI011893,Y,VS,3YS064,33819-CUTLERY WRAP 2ND SERV 33,33819,PACKING - CUTLERY WRAPPING SECOND SERVICE - A330-3,SER,EA,145,1,8.435,8.44
BGI3,19/01/25,78,SI011893,Y,VS,3YS071,32673-CULT WASH-PL 1SER 300,32673,PACKING - CUTLERY WASHUP - POLISHING FIRST SERVICE,SER,EA,145,1,27.272,27.27
BGI3,19/01/25,78,SI011893,Y,VS,3YS072,33141-CULT WASH-PL 2SER 300,33141,PACKING - CUTLERY WASHUP - POLISHING SECOND SERVIC,SER,EA,145,1,18.363,18.36
BGI3,19/01/25,78,SI011893,Y,VS,3YS095,25127- CUTL WSH-POL A330,25127,PACKING - CUTLERY WASHUP - POLISHING - A330-300,SER,EA,145,1,54.402,54.4
BGI3,19/01/25,78,SI011893,Y,VS,FAN17,19382-MILK 100% [Y],19382,FULL FAT MILK - PINT,STO,EA,145,2,4.805,9.61
BGI3,19/01/25,78,SI011893,Y,VS,FAN18,19384- MILK 2% [Y],19384,SEMI SKIMMED MILK - PINT,STO,EA,145,4,4.805,19.22
BGI3,19/01/25,78,SI011893,Y,VS,FAN19,7042-LEMON HALVES [Y],7042,LIME WEDGES,FOO,EA,145,6,5.125,30.75
BGI3,19/01/25,78,SI011893,Y,VS,FAN20,19380- WET ICE [6LB BAG] [Y],19380,WET ICE,WET,EA,145,6,2.942,17.65
BGI3,19/01/25,78,SI011893,Y,VS,YBE11,174148-BREAKFAST BOX,174148,,,EA,145,137,8.412,1152.44
BGI3,19/01/25,78,SI011893,Y,VS,YBE24,LO6953-OTIS SPUNKMEYER MUFFIN,LO6953,OTIS SPUNKMEYER MUFFIN,FOO,EA,145,137,1.872,256.46
BGI3,19/01/25,78,SI011893,Y,VS,YDE116,LO7778 - RO CHIX W PEPPERCORN,LO7778,ROASTED CHIX PEPPER SAU MASHED POTATO VEG,FOO,EA,145,96,8.748,839.81
BGI3,19/01/25,78,SI011893,Y,VS,YDE117,LO7779 - MAC PIE W TOM SAUCE,LO7779,MACARONI PIE TOMATO ROSE CREAMY SAUCE,FOO,EA,145,41,5.378,220.5
BGI3,19/01/25,78,SI011893,Y,VS,YDT30,LO2623 - MAIN MEAL TRAY SET UP,LO2623,TRAY SET UP,SER,EA,145,137,8.72,1194.64
BGI3,19/01/25,78,SI011893,Y,VS,YPAX03,23240- PER PASSENGER CHARGE[Y],23240,OVERHEAD - Y PAX OVERHEAD - PER PAX,SER,EA,145,138,13.856,1912.13
BGI3,19/01/25,78,SI011893,YC,VS,2CE069, COCO CURRY,LO8708,WILD RICE COCONUT CURRY SAUCE VEG,FOO,EA,12,3,6.438,19.31
BGI3,19/01/25,78,SI011893,YC,VS,2CE070,LO8709 - GARLIC MASH CHIX THIG,LO8709,GARLIC MASH SEARED CHIX GREEN PEPPERCORN SAUCE,FOO,EA,12,3,10.838,32.51
BGI3,19/01/25,78,SI011893,YC,VS,2CE071,LO8710 - MAHI W GARL ORZO PAS,LO8710,SEARED MAHI ORZO PASTA CREOLE SAUCE VEG,FOO,EA,12,2,12.378,24.76
BGI3,19/01/25,78,SI011893,YC,VS,2CE072,LO8711 - PORKLOIN W PO GRATIN,LO8711,SEARED PORK POTATO GRATIN VEG,FOO,EA,12,2,13.84,27.68
BGI3,19/01/25,78,SI011893,YC,VS,2CE073,LO8712 - CHEESE RAVIOLI,LO8712,CHEESE RAVIOLI,FOO,EA,12,2,8.718,17.44
BGI3,19/01/25,78,SI011893,YC,VS,2CFF11,LO4110-WHOLE FRUIT 1,LO4110,SEASONAL WHOLE FRUIT OPTION 1,FOO,EA,12,6,4.622,27.73
BGI3,19/01/25,78,SI011893,YC,VS,2CFF12,LO4111-WHOLE FRUIT 2,LO4111,SEASONAL WHOLE FRUIT OPT 2,FOO,EA,12,6,4.622,27.73
BGI3,19/01/25,78,SI011893,YC,VS,2CFS44,LO5113- EGG SALAD SANDWICH,LO5113,EGG SALAD SANDWICH,FOO,EA,12,3,5.374,16.12
BGI3,19/01/25,78,SI011893,YC,VS,2CFS45,LO5115- TUNASALAD SANDWICH,LO5115,TUNA SALAD SANDWICH,FOO,EA,12,2,6.734,13.47
BGI3,19/01/25,78,SI011893,YC,VS,2CFS49,LO5119- BAP - STREAKY BACON,LO5119,SCOTTISH BAP WITH BACON,FOO,EA,12,4,4.866,19.46
BGI3,19/01/25,78,SI011893,YC,VS,2CFS52,LO5368- PLAIN BAGEL -PC CR CH,LO5368,PLAIN BAGEL WITH PC CREAM CHEESE,FOO,EA,12,4,4.086,16.34
BGI3,19/01/25,78,SI011893,YC,VS,2CFS77,LO8713 - HAM SANDWICH,LO8713,HAM SANDWICH,FOO,EA,12,3,7.734,23.2
BGI3,19/01/25,78,SI011893,YC,VS,2CFS78,LO8714 - CHEESE TOMATO WRAP,LO8714,CHEESE TOMATO CUCUMBER WRAP,FOO,EA,12,2,6.694,13.39
BGI3,19/01/25,78,SI011893,YC,VS,2CFS79,LO8715 - CHICKEN CHEESE BAGEL,LO8715,CHICKEN AND CHEESE BAGEL,FOO,EA,12,2,5.014,10.03
BGI3,19/01/25,78,SI011893,YC,VS,2CFS80,LO8716 - TURKEY SANDWICH,LO8716,TURKEY SANDWICH,FOO,EA,12,4,7.896,31.58
BGI3,19/01/25,78,SI011893,YC,VS,2CFS81, CHUTNE,LO8718,TILLAMOOK CHEESE CARR TROPICAL CHUTNEY,FOO,EA,12,6,6.788,40.73
BGI3,19/01/25,78,SI011893,YC,VS,2CFS82,LO8717 - PROTEIN POT W OLIVES,LO8717,PUMPKIN HUMMUS C CHEESE BLACK OLIVES PITTA BREAD T,FOO,EA,12,6,6.904,41.42
BGI3,19/01/25,78,SI011893,YC,VS,CPAX02,28728- C CREW SVC CHARGE,28728,OVERHEAD - CC OVERHEAD - PER PAX,SER,EA,12,12,25.48,305.76
BGI3,19/01/25,132,SI011894,F,VS,1FGF01,SP124540- GFML [F/C],SP124540,GFML,FOO,EA,44,1,31.461,31.46
BGI3,19/01/25,132,SI011894,F,VS,1FVG01,SP124533- VGML [F/C],SP124533,VGML,FOO,EA,44,1,32.179,32.18
BGI3,19/01/25,132,SI011894,F,VS,1OCM2,SP170099 - OCML,SP170099,OCML,FOO,EA,44,1,12.42,12.42
BGI3,19/01/25,132,SI011894,F,VS,1POAM2,SP170097 - OAML,SP170097,OAML,FOO,EA,44,4,12.582,50.33
BGI3,19/01/25,132,SI011894,F,VS,1POBM2,SP170098 - OBML,SP170098,OBML,FOO,EA,44,6,14.292,85.75
BGI3,19/01/25,132,SI011894,F,VS,1POSML,SP170101 - OSML,SP170101,OSML,FOO,EA,44,1,10.91,10.91
BGI3,19/01/25,132,SI011894,F,VS,1POTML,SP170102 - OTML,SP170102,OTML,FOO,EA,44,3,9.48,28.44
BGI3,19/01/25,132,SI011894,F,VS,1POUML,SP173624 - OUML,SP173624,OUML,FOO,EA,44,3,12.36,37.08
BGI3,19/01/25,132,SI011894,F,VS,1POVML,SP173625 - OVML,SP173625,OVML,FOO,EA,44,2,10.63,21.26
BGI3,19/01/25,132,SI011894,F,VS,FAN12,19381- MILK 100%,19381,FULL FAT MILK - PINT,STO,EA,44,5,4.805,24.03
BGI3,19/01/25,132,SI011894,F,VS,FAN13,19383- MILK 2%,19383,SEMI SKIMMED MILK - PINT,STO,EA,44,2,4.805,9.61
BGI3,19/01/25,132,SI011894,F,VS,FAN14,19385-LEMON HALVES,19385,LEMON WEDGES,FOO,EA,44,3,5.125,15.38
BGI3,19/01/25,132,SI011894,F,VS,FAN21,19379-WET ICE[6LB BAG],19379,WET ICE,WET,EA,44,6,2.942,17.65
BGI3,19/01/25,132,SI011894,F,VS,FAN23,LO7607-CUCUMBER SLICES,LO7607,CUCUMBER SLICES,FOO,EA,44,1,7.686,7.69
BGI3,19/01/25,132,SI011894,F,VS,FAN30,7041- LIME WEDGES,7041,LIME WEDGES,FOO,EA,44,2,4.78,9.56
BGI3,19/01/25,132,SI011894,F,VS,FAN33,23212 - BULK EQUIPMENT,23212,BULK EQUIPMENT,EQU,EA,44,44,1.779,78.28
BGI3,19/01/25,132,SI011894,F,VS,FBD91,LO7757 -WHOLE WHEAT - FLAXSEED,LO7757,WHOLE WHEAT - FLAXSEED KNOT ROLL,FOO,EA,44,21,2.446,51.37
BGI3,19/01/25,132,SI011894,F,VS,FBD92,LO7758 -BLACK OLIVE - GAR ROLL,LO7758,BLACK OLIVE AND GARLIC ROLL,FOO,EA,44,21,2.516,52.84
BGI3,19/01/25,132,SI011894,F,VS,FBD93,LO7759 -CHEDDAR - ONION ROLL,LO7759,CHEDDAR CHEESE AND ONION ROLL,FOO,EA,44,21,2.446,51.37
BGI3,19/01/25,132,SI011894,F,VS,FBT14,LO7770- FRUIT PLATE,LO7770,FRUIT PLATE,FOO,EA,44,21,6.598,138.56
BGI3,19/01/25,132,SI011894,F,VS,FBT16,LO7126 - PLAIN GREEK YOGH FULL,LO7126,PLAIN GREEK YOGHURT - 907 GRAMS,STO,EA,44,1,13.612,13.61
BGI3,19/01/25,132,SI011894,F,VS,FBT17,LO7127- GRANOLA FULL,LO7127,GRANOLA WHOLE GRAIN - 360 GRAMS,STO,EA,44,1,16.562,16.56
BGI3,19/01/25,132,SI011894,F,VS,FBT18,LO7771 - BANANA MUFFIN,LO7771,BANANA MUFFIN,FOO,EA,44,21,3.272,68.71
BGI3,19/01/25,132,SI011894,F,VS,FCE155,LO7764 -HERB CHIX W POT GRATIN,LO7764,HERBED CHIX POTATO GRATIN CORN AND PEPPER,FOO,EA,44,11,12.582,138.4
BGI3,19/01/25,132,SI011894,F,VS,FCE156,LO7765 - MAHI MAHI W WILD RICE,LO7765,SPICED MAHI TURMERIC WILD RICE COCONUT CURRY,FOO,EA,44,7,14.292,100.04
BGI3,19/01/25,132,SI011894,F,VS,FCE157,LO7766 - VEG LASAGNA,LO7766,VEGETABLE LASGNA DUO SCALES,FOO,EA,44,4,12.42,49.68
BGI3,19/01/25,132,SI011894,F,VS,FCF16,LO5500- PICK YOUR OWN,LO5500,CARIBBEAN FRUIT WHOLE [ASSORTED],FOO,EA,44,1,26.288,26.29
BGI3,19/01/25,132,SI011894,F,VS,FCS153,LO8803 - JERK PORK SATAYS,LO8803,,,EA,44,21,6.072,127.51
BGI3,19/01/25,132,SI011894,F,VS,FCS154,LO8804 - PUMKIN HUMMUS,LO8804,,,EA,44,25,5.176,129.4
BGI3,19/01/25,132,SI011894,F,VS,FDD106,LO7762 -SAVOURY CHEESE PLATE,LO7762,STILTON CHEEDAR GOAT GRAPE CHUTNEY,FOO,EA,44,25,7.53,188.25
BGI3,19/01/25,132,SI011894,F,VS,FDD108,LO8805 - DOUBLE CHOC CHE CAKE,LO8805,,,EA,44,17,5.38,91.46
BGI3,19/01/25,132,SI011894,F,VS,FDD109,LO8806 - CARAMEL - PUMKIN BREA,LO8806,,,EA,44,21,4.83,101.43
BGI3,19/01/25,132,SI011894,F,VS,FDT007,LO4801- BUTTER,LO4801,BUTTER [PIPED] BULK LOAED,FOO,EA,44,42,1.042,43.76
BGI3,19/01/25,132,SI011894,F,VS,FHB69,LO4240-BACON BAP,LO4240,BACON BAP,FOO,EA,44,15,5.18,77.7
BGI3,19/01/25,132,SI011894,F,VS,FHB83,LO7767 -SCRAM EGG BB SAUS,LO7767,SCRAMBLE EGGS BACK BACON SAUSAGE BAKED BEANS,FOO,EA,44,21,9.72,204.12
BGI3,19/01/25,132,SI011894,F,VS,FHB84,LO7768 - PEPP - CHEE OMELETTE,LO7768,PEPPER AND CHEESE OMELETTE SPINACH SWEET POTATO,FOO,EA,44,6,7.85,47.1
BGI3,19/01/25,132,SI011894,F,VS,FHB85,LO7769 - CHOCO CHIP PANCAKE,LO7769,CHOCOLATE CHIP PANCAKESPICED PINEAPPLE AND BERRY C,FOO,EA,44,8,6.31,50.48
BGI3,19/01/25,132,SI011894,F,VS,FPAX04,23234-PER PASSENGER CHARGE,23234,OVERHEAD - J PAX OVERHEAD - PER PAX,SER,EA,44,44,36.774,1618.06
BGI3,19/01/25,132,SI011894,J,VS,1PWAM2,SP170105 - WAM2,SP170105,WAML,FOO,EA,40,7,8.69,60.83
BGI3,19/01/25,132,SI011894,J,VS,1PWBM2,SP170106 - WBM2,SP170106,WBML,FOO,EA,40,4,11.298,45.19
BGI3,19/01/25,132,SI011894,J,VS,1PWCM2,SP170107 - WCM2,SP170107,WCML,FOO,EA,40,3,7.248,21.74
BGI3,19/01/25,132,SI011894,J,VS,JBE41, PORK SAUG,LO7775,SCRAMBLE EGG PORK SAUSAGE BACK BACON BAKED BEANS,FOO,EA,40,20,6.378,127.56
BGI3,19/01/25,132,SI011894,J,VS,JBE42,LO7776 -EGG - VEG FRITATTA,LO7776,EGG - VEGETABLE FRITATTA SWEET POTATO BLISTERED CH,FOO,EA,40,8,7.518,60.14
BGI3,19/01/25,132,SI011894,J,VS,JBE43,LO7777 -CHOC CHIP PANCAKES,LO7777,CHOCOLATE CHIP PANCAKE CARMALIZED PINEAPPLE AND BE,FOO,EA,40,12,5.378,64.54
BGI3,19/01/25,132,SI011894,J,VS,JCE119,LO7772 -CREOLE CHIX W GAR ORZO,LO7772,SEARED CHIX CREOLE SAUCE GARLIZ ORZO,FOO,EA,40,17,8.69,147.73
BGI3,19/01/25,132,SI011894,J,VS,JCE121,LO7773 -MAHI MAHI W MAS POT,LO7773,SEARED MAHI GARLIC MASH BLISTETED TOMATO,FOO,EA,40,8,11.298,90.38
BGI3,19/01/25,132,SI011894,J,VS,JCE122,LO7774-WILD RICE COCO CURRY,LO7774,WILD RICE COCONUT CURRY SAUCE FRIED PLANTAIN,FOO,EA,40,5,7.248,36.24
BGI3,19/01/25,132,SI011894,J,VS,JDT33,LO2622- TRAY SET MM,LO2622,TRAY SET UP,SER,EA,40,40,16.138,645.52
BGI3,19/01/25,132,SI011894,J,VS,JPAX02,23237-PER PASSENGER CHARGE,23237,OVERHEAD - W PAX OVERHEAD - PER PAX,SER,EA,40,36,16.939,609.8
BGI3,19/01/25,132,SI011894,Y,VS,1YAV01,SP124700- AVML [Y/C],SP124700,AVML,FOO,EA,129,3,15.115,45.35
BGI3,19/01/25,132,SI011894,Y,VS,1YLS01,SP124705 - LSML [Y/C],SP124705,LSML,FOO,EA,129,1,22.504,22.5
BGI3,19/01/25,132,SI011894,Y,VS,1YMO01,SP124702 - MOML [Y/C],SP124702,MOML,FOO,EA,129,3,12.154,36.46
BGI3,19/01/25,132,SI011894,Y,VS,1YNL01,SP124712 - NLML [Y/C],SP124712,NLML,FOO,EA,129,1,22.504,22.5
BGI3,19/01/25,132,SI011894,Y,VS,1YVG01,SP124699- VGML [Y/C],SP124699,VGML,FOO,EA,129,3,14.694,44.08
BGI3,19/01/25,132,SI011894,Y,VS,1YVL01,SP124698- VLML [Y/C],SP124698,VLML,FOO,EA,129,3,12.154,36.46
BGI3,19/01/25,132,SI011894,Y,VS,3YDS01,3354- ORANGE JUICE-1LT,3354,BEVERAGES - ORANGE JUICE - 1 LT,STO,EA,129,28,2.124,59.47
BGI3,19/01/25,132,SI011894,Y,VS,3YDS02,3335-TOMATO JUICE 1LT,3335,BEVERAGES - TOMATO JUICE - 1 LT,STO,EA,129,4,4.057,16.23
BGI3,19/01/25,132,SI011894,Y,VS,3YDS03,3376-CRANBERRY JUICE,3376,BEVERAGES - CRANBERRY JUICE - 1 LT,STO,EA,129,1,5.101,5.1
BGI3,19/01/25,132,SI011894,Y,VS,3YDS04,3353-APPLE JUICE 1LTR,3353,BEVERAGES - APPLE JUICE - 1 LT,STO,EA,129,20,2.124,42.48
BGI3,19/01/25,132,SI011894,Y,VS,3YDS06,3476-MINERAL WATER 1.5LT,3476,BEVERAGES - MINERAL WATER STILL - 1 LT,STO,EA,129,95,2.36,224.2
BGI3,19/01/25,132,SI011894,Y,VS,3YDS07,33169-SPARKLING WATER 1LT,33169,BEVERAGES - MINERAL WATER SPARK - 1 LT,STO,EA,129,12,3.274,39.29
BGI3,19/01/25,132,SI011894,Y,VS,3YDS11,213774-PLASTIC BAG,213774,EQUIPMENT - BAG- PLASTIC BAG,EQU,EA,129,1,0.368,0.37
BGI3,19/01/25,132,SI011894,Y,VS,3YS022,ORANGE LINEN BAG,151383,LAUNDRY - BAG LINEN ORANGE 2014,LAU,EA,129,1,1.969,1.97
BGI3,19/01/25,132,SI011894,Y,VS,3YS024,LINEN NAPKINS,3527,LAUNDRY - LINEN FOLDED NAPKIN 2014,LAU,EA,129,44,0.522,22.97
BGI3,19/01/25,132,SI011894,Y,VS,3YS032,145995-EQUIP PK - STORES 300,145995,PACKING - FLIGHT PACKING - A330-300,SER,EA,129,1,167.95,167.95
BGI3,19/01/25,132,SI011894,Y,VS,3YS035,145991-TRANS.- HANDLING 33J,145991,TURNAROUND - STRIP - LOAD - A330-300 - 3 FLIGHTS,SER,EA,129,1,483.897,483.9
BGI3,19/01/25,132,SI011894,Y,VS,3YS036,145994- WASH UP A330-300,145994,WASH UP - WASH UP - A330-900,SER,EA,129,1,404.383,404.38
BGI3,19/01/25,132,SI011894,Y,VS,3YS038,17.5% VAT ON LAUNDRY CHRG 33J,51069SALE,SALES TAX - LAUNDRY,VAT,EA,129,1,10.961,10.96
BGI3,19/01/25,132,SI011894,Y,VS,3YS063,25137-CUTLERY WRAP 1ST SERV 33,25137,PACKING - CUTLERY WRAPPING FIRST SERVICE - A330-30,SER,EA,129,1,8.435,8.44
BGI3,19/01/25,132,SI011894,Y,VS,3YS064,33819-CUTLERY WRAP 2ND SERV 33,33819,PACKING - CUTLERY WRAPPING SECOND SERVICE - A330-3,SER,EA,129,1,8.435,8.44
BGI3,19/01/25,132,SI011894,Y,VS,3YS071,32673-CULT WASH-PL 1SER 300,32673,PACKING - CUTLERY WASHUP - POLISHING FIRST SERVICE,SER,EA,129,1,27.272,27.27
BGI3,19/01/25,132,SI011894,Y,VS,3YS072,33141-CULT WASH-PL 2SER 300,33141,PACKING - CUTLERY WASHUP - POLISHING SECOND SERVIC,SER,EA,129,1,18.363,18.36
BGI3,19/01/25,132,SI011894,Y,VS,3YS095,25127- CUTL WSH-POL A330,25127,PACKING - CUTLERY WASHUP - POLISHING - A330-300,SER,EA,129,1,54.402,54.4
BGI3,19/01/25,132,SI011894,Y,VS,FAN17,19382-MILK 100% [Y],19382,FULL FAT MILK - PINT,STO,EA,129,2,4.805,9.61
BGI3,19/01/25,132,SI011894,Y,VS,FAN18,19384- MILK 2% [Y],19384,SEMI SKIMMED MILK - PINT,STO,EA,129,4,4.805,19.22
BGI3,19/01/25,132,SI011894,Y,VS,FAN19,7042-LEMON HALVES [Y],7042,LIME WEDGES,FOO,EA,129,6,5.125,30.75
BGI3,19/01/25,132,SI011894,Y,VS,FAN20,19380- WET ICE [6LB BAG] [Y],19380,WET ICE,WET,EA,129,6,2.942,17.65
BGI3,19/01/25,132,SI011894,Y,VS,YBE11,174148-BREAKFAST BOX,174148,,,EA,129,115,8.412,967.38
BGI3,19/01/25,132,SI011894,Y,VS,YBE24,LO6953-OTIS SPUNKMEYER MUFFIN,LO6953,OTIS SPUNKMEYER MUFFIN,FOO,EA,129,115,1.872,215.28
BGI3,19/01/25,132,SI011894,Y,VS,YDE116,LO7778 - RO CHIX W PEPPERCORN,LO7778,ROASTED CHIX PEPPER SAU MASHED POTATO VEG,FOO,EA,129,81,8.748,708.59
BGI3,19/01/25,132,SI011894,Y,VS,YDE117,LO7779 - MAC PIE W TOM SAUCE,LO7779,MACARONI PIE TOMATO ROSE CREAMY SAUCE,FOO,EA,129,34,5.378,182.85
BGI3,19/01/25,132,SI011894,Y,VS,YDT30,LO2623 - MAIN MEAL TRAY SET UP,LO2623,TRAY SET UP,SER,EA,129,115,8.72,1002.8
BGI3,19/01/25,132,SI011894,Y,VS,YPAX03,23240- PER PASSENGER CHARGE[Y],23240,OVERHEAD - Y PAX OVERHEAD - PER PAX,SER,EA,129,122,13.856,1690.43
BGI3,19/01/25,132,SI011894,YC,VS,2CE069, COCO CURRY,LO8708,WILD RICE COCONUT CURRY SAUCE VEG,FOO,EA,12,3,6.438,19.31
BGI3,19/01/25,132,SI011894,YC,VS,2CE070,LO8709 - GARLIC MASH CHIX THIG,LO8709,GARLIC MASH SEARED CHIX GREEN PEPPERCORN SAUCE,FOO,EA,12,3,10.838,32.51
BGI3,19/01/25,132,SI011894,YC,VS,2CE071,LO8710 - MAHI W GARL ORZO PAS,LO8710,SEARED MAHI ORZO PASTA CREOLE SAUCE VEG,FOO,EA,12,2,12.378,24.76
BGI3,19/01/25,132,SI011894,YC,VS,2CE072,LO8711 - PORKLOIN W PO GRATIN,LO8711,SEARED PORK POTATO GRATIN VEG,FOO,EA,12,2,13.84,27.68
BGI3,19/01/25,132,SI011894,YC,VS,2CE073,LO8712 - CHEESE RAVIOLI,LO8712,CHEESE RAVIOLI,FOO,EA,12,2,8.718,17.44
BGI3,19/01/25,132,SI011894,YC,VS,2CFF11,LO4110-WHOLE FRUIT 1,LO4110,SEASONAL WHOLE FRUIT OPTION 1,FOO,EA,12,6,4.622,27.73
BGI3,19/01/25,132,SI011894,YC,VS,2CFF12,LO4111-WHOLE FRUIT 2,LO4111,SEASONAL WHOLE FRUIT OPT 2,FOO,EA,12,6,4.622,27.73
BGI3,19/01/25,132,SI011894,YC,VS,2CFS44,LO5113- EGG SALAD SANDWICH,LO5113,EGG SALAD SANDWICH,FOO,EA,12,3,5.374,16.12
BGI3,19/01/25,132,SI011894,YC,VS,2CFS45,LO5115- TUNASALAD SANDWICH,LO5115,TUNA SALAD SANDWICH,FOO,EA,12,2,6.734,13.47
BGI3,19/01/25,132,SI011894,YC,VS,2CFS49,LO5119- BAP - STREAKY BACON,LO5119,SCOTTISH BAP WITH BACON,FOO,EA,12,4,4.866,19.46
BGI3,19/01/25,132,SI011894,YC,VS,2CFS52,LO5368- PLAIN BAGEL -PC CR CH,LO5368,PLAIN BAGEL WITH PC CREAM CHEESE,FOO,EA,12,4,4.086,16.34
BGI3,19/01/25,132,SI011894,YC,VS,2CFS77,LO8713 - HAM SANDWICH,LO8713,HAM SANDWICH,FOO,EA,12,3,7.734,23.2
BGI3,19/01/25,132,SI011894,YC,VS,2CFS78,LO8714 - CHEESE TOMATO WRAP,LO8714,CHEESE TOMATO CUCUMBER WRAP,FOO,EA,12,2,6.694,13.39
BGI3,19/01/25,132,SI011894,YC,VS,2CFS79,LO8715 - CHICKEN CHEESE BAGEL,LO8715,CHICKEN AND CHEESE BAGEL,FOO,EA,12,2,5.014,10.03
BGI3,19/01/25,132,SI011894,YC,VS,2CFS80,LO8716 - TURKEY SANDWICH,LO8716,TURKEY SANDWICH,FOO,EA,12,4,7.896,31.58
BGI3,19/01/25,132,SI011894,YC,VS,2CFS81, CHUTNE,LO8718,TILLAMOOK CHEESE CARR TROPICAL CHUTNEY,FOO,EA,12,6,6.788,40.73
BGI3,19/01/25,132,SI011894,YC,VS,2CFS82,LO8717 - PROTEIN POT W OLIVES,LO8717,PUMPKIN HUMMUS C CHEESE BLACK OLIVES PITTA BREAD T,FOO,EA,12,6,6.904,41.42
BGI3,19/01/25,132,SI011894,YC,VS,CPAX02,28728- C CREW SVC CHARGE,28728,OVERHEAD - CC OVERHEAD - PER PAX,SER,EA,12,12,25.48,305.76
BGI3,19/01/25,198A,SI011896,F,VS,FPAX06,F PAX CHG SHUTTLE,23234ISLAND,OVERHEAD - J INTERISLAND OVERHEAD - PER PAX,SER,EA,10,10,0.831,8.31
BGI3,19/01/25,198A,SI011896,F,VS,JSN04,LO7128 - ORIGINAL SHIRLEY,LO7128,ORIGINAL SHIRLEY BISCUIT,STO,EA,10,10,1.096,10.96
BGI3,19/01/25,198A,SI011896,J,VS,JPAX03,J PAX CHG SHUTTLE,23237ISLAND,OVERHEAD - W INTERISLAND OVERHEAD - PER PAX,SER,EA,4,4,0.831,3.32
BGI3,19/01/25,198A,SI011896,J,VS,JSN05,LO7135 - ORIGINAL SHIRLEY,LO7135,ORIGINAL SHIRLEY BISCUIT,STO,EA,4,4,1.096,4.38
BGI3,19/01/25,198A,SI011896,Y,VS,JSN06,LO7138 - ORIGINAL SHIRLEY,LO7138,ORIGINAL SHIRLEY BISCUIT,STO,EA,83,83,1.096,90.97
BGI3,19/01/25,198A,SI011896,Y,VS,YPAX04,Y PAX CHG SHUTTLE,23240ISLAND,OVERHEAD - Y INTERISLAND OVERHEAD - PER PAX,SER,EA,83,83,0.831,68.97
BGI3,19/01/25,198A,SI011896,YC,VS,FAN35,WATER 1.5LT,LO2664,INTERISLAND 1.5 LTR WATER,STO,EA,12,12,2.36,28.32
BGI3,20/01/25,197,SI011897,F,VS,FPAX06,F PAX CHG SHUTTLE,23234ISLAND,OVERHEAD - J INTERISLAND OVERHEAD - PER PAX,SER,EA,6,6,0.831,4.99
BGI3,20/01/25,197,SI011897,F,VS,JSN04,LO7128 - ORIGINAL SHIRLEY,LO7128,ORIGINAL SHIRLEY BISCUIT,STO,EA,6,6,1.096,6.58
BGI3,20/01/25,197,SI011897,J,VS,JPAX03,J PAX CHG SHUTTLE,23237ISLAND,OVERHEAD - W INTERISLAND OVERHEAD - PER PAX,SER,EA,13,13,0.831,10.8
BGI3,20/01/25,197,SI011897,J,VS,JSN05,LO7135 - ORIGINAL SHIRLEY,LO7135,ORIGINAL SHIRLEY BISCUIT,STO,EA,13,13,1.096,14.25
BGI3,20/01/25,197,SI011897,Y,VS,3YS035,145991-TRANS.- HANDLING 33J,145991,TURNAROUND - STRIP - LOAD - A330-300 - 3 FLIGHTS,SER,EA,73,1,483.897,483.9
BGI3,20/01/25,197,SI011897,Y,VS,FAN35,WATER 1.5LT,LO2664,INTERISLAND 1.5 LTR WATER,STO,EA,73,18,2.36,42.48
BGI3,20/01/25,197,SI011897,Y,VS,FAN36,ORANGE JUICE 1LT,3354,BEVERAGE- ORANGE JUICE - 1 LT,STO,EA,73,5,2.124,10.62
BGI3,20/01/25,197,SI011897,Y,VS,JSN06,LO7138 - ORIGINAL SHIRLEY,LO7138,ORIGINAL SHIRLEY BISCUIT,STO,EA,73,73,1.096,80.01
BGI3,20/01/25,197,SI011897,Y,VS,YPAX04,Y PAX CHG SHUTTLE,23240ISLAND,OVERHEAD - Y INTERISLAND OVERHEAD - PER PAX,SER,EA,73,73,0.831,60.66
BGI3,20/01/25,197,SI011897,YC,VS,2CFF12,LO4111-WHOLE FRUIT 2,LO4111,SEASONAL WHOLE FRUIT OPT 2,FOO,EA,12,5,4.622,23.11
BGI3,20/01/25,197,SI011897,YC,VS,2CFF13,LO4268 - WHOLE FRUIT 1,LO4268,SEASONAL WHOLE FRUIT OPT 1,FOO,EA,12,7,4.662,32.63
BGI3,20/01/25,197,SI011897,YC,VS,CPAX04,C PAX CHG SHUTTLE,28728,OVERHEAD - CC OVERHEAD - PER PAX,SER,EA,12,12,22.261,267.13
BGI3,20/01/25,197,SI011897,YC,VS,FAN35,WATER 1.5LT,LO2664,INTERISLAND 1.5 LTR WATER,STO,EA,12,12,2.36,28.32
BGI3,20/01/25,198,SI011901,F,VS,1OCM2,SP170099 - OCML,SP170099,OCML,FOO,EA,29,1,12.42,12.42
BGI3,20/01/25,198,SI011901,F,VS,1POAM2,SP170097 - OAML,SP170097,OAML,FOO,EA,29,5,12.582,62.91
BGI3,20/01/25,198,SI011901,F,VS,1POBM2,SP170098 - OBML,SP170098,OBML,FOO,EA,29,1,14.292,14.29
BGI3,20/01/25,198,SI011901,F,VS,1POSML,SP170101 - OSML,SP170101,OSML,FOO,EA,29,2,10.91,21.82
BGI3,20/01/25,198,SI011901,F,VS,1POTML,SP170102 - OTML,SP170102,OTML,FOO,EA,29,1,9.48,9.48
BGI3,20/01/25,198,SI011901,F,VS,1POUML,SP173624 - OUML,SP173624,OUML,FOO,EA,29,6,12.36,74.16
BGI3,20/01/25,198,SI011901,F,VS,FAN12,19381- MILK 100%,19381,FULL FAT MILK - PINT,STO,EA,29,4,4.805,19.22
BGI3,20/01/25,198,SI011901,F,VS,FAN13,19383- MILK 2%,19383,SEMI SKIMMED MILK - PINT,STO,EA,29,2,4.805,9.61
BGI3,20/01/25,198,SI011901,F,VS,FAN14,19385-LEMON HALVES,19385,LEMON WEDGES,FOO,EA,29,2,5.125,10.25
BGI3,20/01/25,198,SI011901,F,VS,FAN21,19379-WET ICE[6LB BAG],19379,WET ICE,WET,EA,29,3,2.942,8.83
BGI3,20/01/25,198,SI011901,F,VS,FAN23,LO7607-CUCUMBER SLICES,LO7607,CUCUMBER SLICES,FOO,EA,29,1,7.686,7.69
BGI3,20/01/25,198,SI011901,F,VS,FAN30,7041- LIME WEDGES,7041,LIME WEDGES,FOO,EA,29,2,4.78,9.56
BGI3,20/01/25,198,SI011901,F,VS,FAN33,23212 - BULK EQUIPMENT,23212,BULK EQUIPMENT,EQU,EA,29,18,1.779,32.02
BGI3,20/01/25,198,SI011901,F,VS,FBD91,LO7757 -WHOLE WHEAT - FLAXSEED,LO7757,WHOLE WHEAT - FLAXSEED KNOT ROLL,FOO,EA,29,15,2.446,36.69
BGI3,20/01/25,198,SI011901,F,VS,FBD92,LO7758 -BLACK OLIVE - GAR ROLL,LO7758,BLACK OLIVE AND GARLIC ROLL,FOO,EA,29,15,2.516,37.74
BGI3,20/01/25,198,SI011901,F,VS,FBD93,LO7759 -CHEDDAR - ONION ROLL,LO7759,CHEDDAR CHEESE AND ONION ROLL,FOO,EA,29,14,2.446,34.24
BGI3,20/01/25,198,SI011901,F,VS,FBT14,LO7770- FRUIT PLATE,LO7770,FRUIT PLATE,FOO,EA,29,15,6.598,98.97
BGI3,20/01/25,198,SI011901,F,VS,FBT16,LO7126 - PLAIN GREEK YOGH FULL,LO7126,PLAIN GREEK YOGHURT - 907 GRAMS,STO,EA,29,1,13.612,13.61
BGI3,20/01/25,198,SI011901,F,VS,FBT17,LO7127- GRANOLA FULL,LO7127,GRANOLA WHOLE GRAIN - 360 GRAMS,STO,EA,29,1,16.562,16.56
BGI3,20/01/25,198,SI011901,F,VS,FBT18,LO7771 - BANANA MUFFIN,LO7771,BANANA MUFFIN,FOO,EA,29,15,3.272,49.08
BGI3,20/01/25,198,SI011901,F,VS,FCE155,LO7764 -HERB CHIX W POT GRATIN,LO7764,HERBED CHIX POTATO GRATIN CORN AND PEPPER,FOO,EA,29,5,12.582,62.91
BGI3,20/01/25,198,SI011901,F,VS,FCE156,LO7765 - MAHI MAHI W WILD RICE,LO7765,SPICED MAHI TURMERIC WILD RICE COCONUT CURRY,FOO,EA,29,4,14.292,57.17
BGI3,20/01/25,198,SI011901,F,VS,FCE157,LO7766 - VEG LASAGNA,LO7766,VEGETABLE LASGNA DUO SCALES,FOO,EA,29,2,12.42,24.84
BGI3,20/01/25,198,SI011901,F,VS,FCF16,LO5500- PICK YOUR OWN,LO5500,CARIBBEAN FRUIT WHOLE [ASSORTED],FOO,EA,29,1,26.288,26.29
BGI3,20/01/25,198,SI011901,F,VS,FCS153,LO8803 - JERK PORK SATAYS,LO8803,,,EA,29,15,6.072,91.08
BGI3,20/01/25,198,SI011901,F,VS,FCS154,LO8804 - PUMKIN HUMMUS,LO8804,,,EA,29,17,5.176,87.99
BGI3,20/01/25,198,SI011901,F,VS,FDD106,LO7762 -SAVOURY CHEESE PLATE,LO7762,STILTON CHEEDAR GOAT GRAPE CHUTNEY,FOO,EA,29,17,7.53,128.01
BGI3,20/01/25,198,SI011901,F,VS,FDD108,LO8805 - DOUBLE CHOC CHE CAKE,LO8805,,,EA,29,12,5.38,64.56
BGI3,20/01/25,198,SI011901,F,VS,FDD109,LO8806 - CARAMEL - PUMKIN BREA,LO8806,,,EA,29,15,4.83,72.45
BGI3,20/01/25,198,SI011901,F,VS,FDT007,LO4801- BUTTER,LO4801,BUTTER [PIPED] BULK LOAED,FOO,EA,29,29,1.042,30.22
BGI3,20/01/25,198,SI011901,F,VS,FHB69,LO4240-BACON BAP,LO4240,BACON BAP,FOO,EA,29,10,5.18,51.8
BGI3,20/01/25,198,SI011901,F,VS,FHB83,LO7767 -SCRAM EGG BB SAUS,LO7767,SCRAMBLE EGGS BACK BACON SAUSAGE BAKED BEANS,FOO,EA,29,15,9.72,145.8
BGI3,20/01/25,198,SI011901,F,VS,FHB84,LO7768 - PEPP - CHEE OMELETTE,LO7768,PEPPER AND CHEESE OMELETTE SPINACH SWEET POTATO,FOO,EA,29,4,7.85,31.4
BGI3,20/01/25,198,SI011901,F,VS,FHB85,LO7769 - CHOCO CHIP PANCAKE,LO7769,CHOCOLATE CHIP PANCAKESPICED PINEAPPLE AND BERRY C,FOO,EA,29,6,6.31,37.86
BGI3,20/01/25,198,SI011901,F,VS,FPAX04,23234-PER PASSENGER CHARGE,23234,OVERHEAD - J PAX OVERHEAD - PER PAX,SER,EA,29,18,36.774,661.93
BGI3,20/01/25,198,SI011901,J,VS,1JGF01,SP124628 - GFML [J/C],SP124628,GFML,FOO,EA,46,1,22.504,22.5
BGI3,20/01/25,198,SI011901,J,VS,1JNL01,SP124634 - NLML [J/C],SP124634,NLML,FOO,EA,46,1,22.504,22.5
BGI3,20/01/25,198,SI011901,J,VS,1PWAM2,SP170105 - WAM2,SP170105,WAML,FOO,EA,46,15,8.69,130.35
BGI3,20/01/25,198,SI011901,J,VS,1PWBM2,SP170106 - WBM2,SP170106,WBML,FOO,EA,46,2,11.298,22.6
BGI3,20/01/25,198,SI011901,J,VS,1PWCM2,SP170107 - WCM2,SP170107,WCML,FOO,EA,46,2,7.248,14.5
BGI3,20/01/25,198,SI011901,J,VS,JBE41, PORK SAUG,LO7775,SCRAMBLE EGG PORK SAUSAGE BACK BACON BAKED BEANS,FOO,EA,46,21,6.378,133.94
BGI3,20/01/25,198,SI011901,J,VS,JBE42,LO7776 -EGG - VEG FRITATTA,LO7776,EGG - VEGETABLE FRITATTA SWEET POTATO BLISTERED CH,FOO,EA,46,8,7.518,60.14
BGI3,20/01/25,198,SI011901,J,VS,JBE43,LO7777 -CHOC CHIP PANCAKES,LO7777,CHOCOLATE CHIP PANCAKE CARMALIZED PINEAPPLE AND BE,FOO,EA,46,13,5.378,69.91
BGI3,20/01/25,198,SI011901,J,VS,JCE119,LO7772 -CREOLE CHIX W GAR ORZO,LO7772,SEARED CHIX CREOLE SAUCE GARLIZ ORZO,FOO,EA,46,15,8.69,130.35
BGI3,20/01/25,198,SI011901,J,VS,JCE121,LO7773 -MAHI MAHI W MAS POT,LO7773,SEARED MAHI GARLIC MASH BLISTETED TOMATO,FOO,EA,46,7,11.298,79.09
BGI3,20/01/25,198,SI011901,J,VS,JCE122,LO7774-WILD RICE COCO CURRY,LO7774,WILD RICE COCONUT CURRY SAUCE FRIED PLANTAIN,FOO,EA,46,4,7.248,28.99
BGI3,20/01/25,198,SI011901,J,VS,JDT33,LO2622- TRAY SET MM,LO2622,TRAY SET UP,SER,EA,46,42,16.138,677.8
BGI3,20/01/25,198,SI011901,J,VS,JPAX02,23237-PER PASSENGER CHARGE,23237,OVERHEAD - W PAX OVERHEAD - PER PAX,SER,EA,46,28,16.939,474.29
BGI3,20/01/25,198,SI011901,Y,VS,1YAV01,SP124700- AVML [Y/C],SP124700,AVML,FOO,EA,129,2,15.115,30.23
BGI3,20/01/25,198,SI011901,Y,VS,1YCH04,SP124709- CHML [Y/C],SP124709,CHML,FOO,EA,129,2,14.622,29.24
BGI3,20/01/25,198,SI011901,Y,VS,1YDB01,SP124707 - DBML [Y/C],SP124707,DBML,FOO,EA,129,1,22.504,22.5
BGI3,20/01/25,198,SI011901,Y,VS,1YGF01,SP124706 - GFML [Y/C],SP124706,GFML,FOO,EA,129,1,22.504,22.5
BGI3,20/01/25,198,SI011901,Y,VS,1YNL01,SP124712 - NLML [Y/C],SP124712,NLML,FOO,EA,129,1,22.504,22.5
BGI3,20/01/25,198,SI011901,Y,VS,1YSP03,SP124701 - JAIN [Y/C],SP124701,VJML,FOO,EA,129,1,16.278,16.28
BGI3,20/01/25,198,SI011901,Y,VS,1YVG01,SP124699- VGML [Y/C],SP124699,VGML,FOO,EA,129,3,14.694,44.08
BGI3,20/01/25,198,SI011901,Y,VS,3YDS01,3354- ORANGE JUICE-1LT,3354,BEVERAGES - ORANGE JUICE - 1 LT,STO,EA,129,26,2.124,55.22
BGI3,20/01/25,198,SI011901,Y,VS,3YDS02,3335-TOMATO JUICE 1LT,3335,BEVERAGES - TOMATO JUICE - 1 LT,STO,EA,129,2,4.057,8.11
BGI3,20/01/25,198,SI011901,Y,VS,3YDS03,3376-CRANBERRY JUICE,3376,BEVERAGES - CRANBERRY JUICE - 1 LT,STO,EA,129,3,5.101,15.3
BGI3,20/01/25,198,SI011901,Y,VS,3YDS04,3353-APPLE JUICE 1LTR,3353,BEVERAGES - APPLE JUICE - 1 LT,STO,EA,129,14,2.124,29.74
BGI3,20/01/25,198,SI011901,Y,VS,3YDS06,3476-MINERAL WATER 1.5LT,3476,BEVERAGES - MINERAL WATER STILL - 1 LT,STO,EA,129,49,2.36,115.64
BGI3,20/01/25,198,SI011901,Y,VS,3YDS07,33169-SPARKLING WATER 1LT,33169,BEVERAGES - MINERAL WATER SPARK - 1 LT,STO,EA,129,11,3.274,36.01
BGI3,20/01/25,198,SI011901,Y,VS,3YDS11,213774-PLASTIC BAG,213774,EQUIPMENT - BAG- PLASTIC BAG,EQU,EA,129,1,0.368,0.37
BGI3,20/01/25,198,SI011901,Y,VS,3YS022,ORANGE LINEN BAG,151383,LAUNDRY - BAG LINEN ORANGE 2014,LAU,EA,129,1,1.969,1.97
BGI3,20/01/25,198,SI011901,Y,VS,3YS023,LINEN TABLECLOTH,3526,LAUNDRY - TABLE CLOTH/RUNNER 2014,LAU,EA,129,1,0.652,0.65
BGI3,20/01/25,198,SI011901,Y,VS,3YS024,LINEN NAPKINS,3527,LAUNDRY - LINEN FOLDED NAPKIN 2014,LAU,EA,129,32,0.522,16.7
BGI3,20/01/25,198,SI011901,Y,VS,3YS032,145995-EQUIP PK - STORES 300,145995,PACKING - FLIGHT PACKING - A330-300,SER,EA,129,1,167.95,167.95
BGI3,20/01/25,198,SI011901,Y,VS,3YS035,145991-TRANS.- HANDLING 33J,145991,TURNAROUND - STRIP - LOAD - A330-300 - 3 FLIGHTS,SER,EA,129,1,483.897,483.9
BGI3,20/01/25,198,SI011901,Y,VS,3YS036,145994- WASH UP A330-300,145994,WASH UP - WASH UP - A330-900,SER,EA,129,1,404.383,404.38
BGI3,20/01/25,198,SI011901,Y,VS,3YS038,17.5% VAT ON LAUNDRY CHRG 33J,51069SALE,SALES TAX - LAUNDRY,VAT,EA,129,1,10.961,10.96
BGI3,20/01/25,198,SI011901,Y,VS,3YS063,25137-CUTLERY WRAP 1ST SERV 33,25137,PACKING - CUTLERY WRAPPING FIRST SERVICE - A330-30,SER,EA,129,1,8.435,8.44
BGI3,20/01/25,198,SI011901,Y,VS,3YS064,33819-CUTLERY WRAP 2ND SERV 33,33819,PACKING - CUTLERY WRAPPING SECOND SERVICE - A330-3,SER,EA,129,1,8.435,8.44
BGI3,20/01/25,198,SI011901,Y,VS,3YS071,32673-CULT WASH-PL 1SER 300,32673,PACKING - CUTLERY WASHUP - POLISHING FIRST SERVICE,SER,EA,129,1,27.272,27.27
BGI3,20/01/25,198,SI011901,Y,VS,3YS072,33141-CULT WASH-PL 2SER 300,33141,PACKING - CUTLERY WASHUP - POLISHING SECOND SERVIC,SER,EA,129,1,18.363,18.36
BGI3,20/01/25,198,SI011901,Y,VS,3YS095,25127- CUTL WSH-POL A330,25127,PACKING - CUTLERY WASHUP - POLISHING - A330-300,SER,EA,129,1,54.402,54.4
BGI3,20/01/25,198,SI011901,Y,VS,FAN17,19382-MILK 100% [Y],19382,FULL FAT MILK - PINT,STO,EA,129,2,4.805,9.61
BGI3,20/01/25,198,SI011901,Y,VS,FAN18,19384- MILK 2% [Y],19384,SEMI SKIMMED MILK - PINT,STO,EA,129,4,4.805,19.22
BGI3,20/01/25,198,SI011901,Y,VS,FAN19,7042-LEMON HALVES [Y],7042,LIME WEDGES,FOO,EA,129,6,5.125,30.75
BGI3,20/01/25,198,SI011901,Y,VS,FAN20,19380- WET ICE [6LB BAG] [Y],19380,WET ICE,WET,EA,129,6,2.942,17.65
BGI3,20/01/25,198,SI011901,Y,VS,YBE11,174148-BREAKFAST BOX,174148,,,EA,129,118,8.412,992.62
BGI3,20/01/25,198,SI011901,Y,VS,YBE24,LO6953-OTIS SPUNKMEYER MUFFIN,LO6953,OTIS SPUNKMEYER MUFFIN,FOO,EA,129,118,1.872,220.9
BGI3,20/01/25,198,SI011901,Y,VS,YDE116,LO7778 - RO CHIX W PEPPERCORN,LO7778,ROASTED CHIX PEPPER SAU MASHED POTATO VEG,FOO,EA,129,83,8.748,726.08
BGI3,20/01/25,198,SI011901,Y,VS,YDE117,LO7779 - MAC PIE W TOM SAUCE,LO7779,MACARONI PIE TOMATO ROSE CREAMY SAUCE,FOO,EA,129,35,5.378,188.23
BGI3,20/01/25,198,SI011901,Y,VS,YDT30,LO2623 - MAIN MEAL TRAY SET UP,LO2623,TRAY SET UP,SER,EA,129,118,8.72,1028.96
BGI3,20/01/25,198,SI011901,Y,VS,YPAX03,23240- PER PASSENGER CHARGE[Y],23240,OVERHEAD - Y PAX OVERHEAD - PER PAX,SER,EA,129,56,13.856,775.94
BGI3,20/01/25,198,SI011901,YC,VS,2CE069, COCO CURRY,LO8708,WILD RICE COCONUT CURRY SAUCE VEG,FOO,EA,12,3,6.438,19.31
BGI3,20/01/25,198,SI011901,YC,VS,2CE070,LO8709 - GARLIC MASH CHIX THIG,LO8709,GARLIC MASH SEARED CHIX GREEN PEPPERCORN SAUCE,FOO,EA,12,3,10.838,32.51
BGI3,20/01/25,198,SI011901,YC,VS,2CE071,LO8710 - MAHI W GARL ORZO PAS,LO8710,SEARED MAHI ORZO PASTA CREOLE SAUCE VEG,FOO,EA,12,2,12.378,24.76
BGI3,20/01/25,198,SI011901,YC,VS,2CE072,LO8711 - PORKLOIN W PO GRATIN,LO8711,SEARED PORK POTATO GRATIN VEG,FOO,EA,12,2,13.84,27.68
BGI3,20/01/25,198,SI011901,YC,VS,2CE073,LO8712 - CHEESE RAVIOLI,LO8712,CHEESE RAVIOLI,FOO,EA,12,2,8.718,17.44
BGI3,20/01/25,198,SI011901,YC,VS,2CFF11,LO4110-WHOLE FRUIT 1,LO4110,SEASONAL WHOLE FRUIT OPTION 1,FOO,EA,12,6,4.622,27.73
BGI3,20/01/25,198,SI011901,YC,VS,2CFF12,LO4111-WHOLE FRUIT 2,LO4111,SEASONAL WHOLE FRUIT OPT 2,FOO,EA,12,6,4.622,27.73
BGI3,20/01/25,198,SI011901,YC,VS,2CFS44,LO5113- EGG SALAD SANDWICH,LO5113,EGG SALAD SANDWICH,FOO,EA,12,3,5.374,16.12
BGI3,20/01/25,198,SI011901,YC,VS,2CFS45,LO5115- TUNASALAD SANDWICH,LO5115,TUNA SALAD SANDWICH,FOO,EA,12,2,6.734,13.47
BGI3,20/01/25,198,SI011901,YC,VS,2CFS49,LO5119- BAP - STREAKY BACON,LO5119,SCOTTISH BAP WITH BACON,FOO,EA,12,4,4.866,19.46
BGI3,20/01/25,198,SI011901,YC,VS,2CFS52,LO5368- PLAIN BAGEL -PC CR CH,LO5368,PLAIN BAGEL WITH PC CREAM CHEESE,FOO,EA,12,4,4.086,16.34
BGI3,20/01/25,198,SI011901,YC,VS,2CFS77,LO8713 - HAM SANDWICH,LO8713,HAM SANDWICH,FOO,EA,12,3,7.734,23.2
BGI3,20/01/25,198,SI011901,YC,VS,2CFS78,LO8714 - CHEESE TOMATO WRAP,LO8714,CHEESE TOMATO CUCUMBER WRAP,FOO,EA,12,2,6.694,13.39
BGI3,20/01/25,198,SI011901,YC,VS,2CFS79,LO8715 - CHICKEN CHEESE BAGEL,LO8715,CHICKEN AND CHEESE BAGEL,FOO,EA,12,2,5.014,10.03
BGI3,20/01/25,198,SI011901,YC,VS,2CFS80,LO8716 - TURKEY SANDWICH,LO8716,TURKEY SANDWICH,FOO,EA,12,4,7.896,31.58
BGI3,20/01/25,198,SI011901,YC,VS,2CFS81, CHUTNE,LO8718,TILLAMOOK CHEESE CARR TROPICAL CHUTNEY,FOO,EA,12,6,6.788,40.73
BGI3,20/01/25,198,SI011901,YC,VS,2CFS82,LO8717 - PROTEIN POT W OLIVES,LO8717,PUMPKIN HUMMUS C CHEESE BLACK OLIVES PITTA BREAD T,FOO,EA,12,6,6.904,41.42
BGI3,20/01/25,198,SI011901,YC,VS,CPAX02,28728- C CREW SVC CHARGE,28728,OVERHEAD - CC OVERHEAD - PER PAX,SER,EA,12,12,25.48,305.76
BGI3,20/01/25,78,SI011900,F,VS,1FGF01,SP124540- GFML [F/C],SP124540,GFML,FOO,EA,29,1,31.461,31.46
BGI3,20/01/25,78,SI011900,F,VS,1POAM2,SP170097 - OAML,SP170097,OAML,FOO,EA,29,1,12.582,12.58
BGI3,20/01/25,78,SI011900,F,VS,1POBM2,SP170098 - OBML,SP170098,OBML,FOO,EA,29,3,14.292,42.88
BGI3,20/01/25,78,SI011900,F,VS,1POSML,SP170101 - OSML,SP170101,OSML,FOO,EA,29,2,10.91,21.82
BGI3,20/01/25,78,SI011900,F,VS,1POTML,SP170102 - OTML,SP170102,OTML,FOO,EA,29,1,9.48,9.48
BGI3,20/01/25,78,SI011900,F,VS,1POUML,SP173624 - OUML,SP173624,OUML,FOO,EA,29,1,12.36,12.36
BGI3,20/01/25,78,SI011900,F,VS,FAN12,19381- MILK 100%,19381,FULL FAT MILK - PINT,STO,EA,29,3,4.805,14.42
BGI3,20/01/25,78,SI011900,F,VS,FAN13,19383- MILK 2%,19383,SEMI SKIMMED MILK - PINT,STO,EA,29,2,4.805,9.61
BGI3,20/01/25,78,SI011900,F,VS,FAN14,19385-LEMON HALVES,19385,LEMON WEDGES,FOO,EA,29,2,5.125,10.25
BGI3,20/01/25,78,SI011900,F,VS,FAN21,19379-WET ICE[6LB BAG],19379,WET ICE,WET,EA,29,4,2.942,11.77
BGI3,20/01/25,78,SI011900,F,VS,FAN23,LO7607-CUCUMBER SLICES,LO7607,CUCUMBER SLICES,FOO,EA,29,1,7.686,7.69
BGI3,20/01/25,78,SI011900,F,VS,FAN30,7041- LIME WEDGES,7041,LIME WEDGES,FOO,EA,29,2,4.78,9.56
BGI3,20/01/25,78,SI011900,F,VS,FAN33,23212 - BULK EQUIPMENT,23212,BULK EQUIPMENT,EQU,EA,29,27,1.779,48.03
BGI3,20/01/25,78,SI011900,F,VS,FBD91,LO7757 -WHOLE WHEAT - FLAXSEED,LO7757,WHOLE WHEAT - FLAXSEED KNOT ROLL,FOO,EA,29,14,2.446,34.24
BGI3,20/01/25,78,SI011900,F,VS,FBD92,LO7758 -BLACK OLIVE - GAR ROLL,LO7758,BLACK OLIVE AND GARLIC ROLL,FOO,EA,29,14,2.516,35.22
BGI3,20/01/25,78,SI011900,F,VS,FBD93,LO7759 -CHEDDAR - ONION ROLL,LO7759,CHEDDAR CHEESE AND ONION ROLL,FOO,EA,29,14,2.446,34.24
BGI3,20/01/25,78,SI011900,F,VS,FBT14,LO7770- FRUIT PLATE,LO7770,FRUIT PLATE,FOO,EA,29,6,6.598,39.59
BGI3,20/01/25,78,SI011900,F,VS,FBT16,LO7126 - PLAIN GREEK YOGH FULL,LO7126,PLAIN GREEK YOGHURT - 907 GRAMS,STO,EA,29,14,13.612,190.57
BGI3,20/01/25,78,SI011900,F,VS,FBT17,LO7127- GRANOLA FULL,LO7127,GRANOLA WHOLE GRAIN - 360 GRAMS,STO,EA,29,1,16.562,16.56
BGI3,20/01/25,78,SI011900,F,VS,FBT18,LO7771 - BANANA MUFFIN,LO7771,BANANA MUFFIN,FOO,EA,29,14,3.272,45.81
BGI3,20/01/25,78,SI011900,F,VS,FCE155,LO7764 -HERB CHIX W POT GRATIN,LO7764,HERBED CHIX POTATO GRATIN CORN AND PEPPER,FOO,EA,29,10,12.582,125.82
BGI3,20/01/25,78,SI011900,F,VS,FCE156,LO7765 - MAHI MAHI W WILD RICE,LO7765,SPICED MAHI TURMERIC WILD RICE COCONUT CURRY,FOO,EA,29,6,14.292,85.75
BGI3,20/01/25,78,SI011900,F,VS,FCE157,LO7766 - VEG LASAGNA,LO7766,VEGETABLE LASGNA DUO SCALES,FOO,EA,29,4,12.42,49.68
BGI3,20/01/25,78,SI011900,F,VS,FCF16,LO5500- PICK YOUR OWN,LO5500,CARIBBEAN FRUIT WHOLE [ASSORTED],FOO,EA,29,1,26.288,26.29
BGI3,20/01/25,78,SI011900,F,VS,FCS153,LO8803 - JERK PORK SATAYS,LO8803,,,EA,29,14,6.072,85.01
BGI3,20/01/25,78,SI011900,F,VS,FCS154,LO8804 - PUMKIN HUMMUS,LO8804,,,EA,29,17,5.176,87.99
BGI3,20/01/25,78,SI011900,F,VS,FDD106,LO7762 -SAVOURY CHEESE PLATE,LO7762,STILTON CHEEDAR GOAT GRAPE CHUTNEY,FOO,EA,29,17,7.53,128.01
BGI3,20/01/25,78,SI011900,F,VS,FDD108,LO8805 - DOUBLE CHOC CHE CAKE,LO8805,,,EA,29,11,5.38,59.18
BGI3,20/01/25,78,SI011900,F,VS,FDD109,LO8806 - CARAMEL - PUMKIN BREA,LO8806,,,EA,29,14,4.83,67.62
BGI3,20/01/25,78,SI011900,F,VS,FDT007,LO4801- BUTTER,LO4801,BUTTER [PIPED] BULK LOAED,FOO,EA,29,28,1.042,29.18
BGI3,20/01/25,78,SI011900,F,VS,FHB69,LO4240-BACON BAP,LO4240,BACON BAP,FOO,EA,29,8,5.18,41.44
BGI3,20/01/25,78,SI011900,F,VS,FHB83,LO7767 -SCRAM EGG BB SAUS,LO7767,SCRAMBLE EGGS BACK BACON SAUSAGE BAKED BEANS,FOO,EA,29,14,9.72,136.08
BGI3,20/01/25,78,SI011900,F,VS,FHB84,LO7768 - PEPP - CHEE OMELETTE,LO7768,PEPPER AND CHEESE OMELETTE SPINACH SWEET POTATO,FOO,EA,29,6,7.85,47.1
BGI3,20/01/25,78,SI011900,F,VS,FHB85,LO7769 - CHOCO CHIP PANCAKE,LO7769,CHOCOLATE CHIP PANCAKESPICED PINEAPPLE AND BERRY C,FOO,EA,29,6,6.31,37.86
BGI3,20/01/25,78,SI011900,F,VS,FPAX04,23234-PER PASSENGER CHARGE,23234,OVERHEAD - J PAX OVERHEAD - PER PAX,SER,EA,29,27,36.774,992.9
BGI3,20/01/25,78,SI011900,J,VS,1JGF01,SP124628 - GFML [J/C],SP124628,GFML,FOO,EA,39,1,22.504,22.5
BGI3,20/01/25,78,SI011900,J,VS,1PWAM2,SP170105 - WAM2,SP170105,WAML,FOO,EA,39,6,8.69,52.14
BGI3,20/01/25,78,SI011900,J,VS,1PWBM2,SP170106 - WBM2,SP170106,WBML,FOO,EA,39,4,11.298,45.19
BGI3,20/01/25,78,SI011900,J,VS,1PWCM2,SP170107 - WCM2,SP170107,WCML,FOO,EA,39,1,7.248,7.25
BGI3,20/01/25,78,SI011900,J,VS,JBE41, PORK SAUG,LO7775,SCRAMBLE EGG PORK SAUSAGE BACK BACON BAKED BEANS,FOO,EA,39,19,6.378,121.18
BGI3,20/01/25,78,SI011900,J,VS,JBE42,LO7776 -EGG - VEG FRITATTA,LO7776,EGG - VEGETABLE FRITATTA SWEET POTATO BLISTERED CH,FOO,EA,39,8,7.518,60.14
BGI3,20/01/25,78,SI011900,J,VS,JBE43,LO7777 -CHOC CHIP PANCAKES,LO7777,CHOCOLATE CHIP PANCAKE CARMALIZED PINEAPPLE AND BE,FOO,EA,39,11,5.378,59.16
BGI3,20/01/25,78,SI011900,J,VS,JCE119,LO7772 -CREOLE CHIX W GAR ORZO,LO7772,SEARED CHIX CREOLE SAUCE GARLIZ ORZO,FOO,EA,39,18,8.69,156.42
BGI3,20/01/25,78,SI011900,J,VS,JCE121,LO7773 -MAHI MAHI W MAS POT,LO7773,SEARED MAHI GARLIC MASH BLISTETED TOMATO,FOO,EA,39,8,11.298,90.38
BGI3,20/01/25,78,SI011900,J,VS,JCE122,LO7774-WILD RICE COCO CURRY,LO7774,WILD RICE COCONUT CURRY SAUCE FRIED PLANTAIN,FOO,EA,39,5,7.248,36.24
BGI3,20/01/25,78,SI011900,J,VS,JDT33,LO2622- TRAY SET MM,LO2622,TRAY SET UP,SER,EA,39,38,16.138,613.24
BGI3,20/01/25,78,SI011900,J,VS,JPAX02,23237-PER PASSENGER CHARGE,23237,OVERHEAD - W PAX OVERHEAD - PER PAX,SER,EA,39,33,16.939,558.99
BGI3,20/01/25,78,SI011900,Y,VS,1YCH04,SP124709- CHML [Y/C],SP124709,CHML,FOO,EA,98,2,14.622,29.24
BGI3,20/01/25,78,SI011900,Y,VS,1YVG01,SP124699- VGML [Y/C],SP124699,VGML,FOO,EA,98,2,14.694,29.39
BGI3,20/01/25,78,SI011900,Y,VS,3YDS01,3354- ORANGE JUICE-1LT,3354,BEVERAGES - ORANGE JUICE - 1 LT,STO,EA,98,23,2.124,48.85
BGI3,20/01/25,78,SI011900,Y,VS,3YDS02,3335-TOMATO JUICE 1LT,3335,BEVERAGES - TOMATO JUICE - 1 LT,STO,EA,98,1,4.057,4.06
BGI3,20/01/25,78,SI011900,Y,VS,3YDS03,3376-CRANBERRY JUICE,3376,BEVERAGES - CRANBERRY JUICE - 1 LT,STO,EA,98,2,5.101,10.2
BGI3,20/01/25,78,SI011900,Y,VS,3YDS04,3353-APPLE JUICE 1LTR,3353,BEVERAGES - APPLE JUICE - 1 LT,STO,EA,98,14,2.124,29.74
BGI3,20/01/25,78,SI011900,Y,VS,3YDS06,3476-MINERAL WATER 1.5LT,3476,BEVERAGES - MINERAL WATER STILL - 1 LT,STO,EA,98,42,2.36,99.12
BGI3,20/01/25,78,SI011900,Y,VS,3YDS07,33169-SPARKLING WATER 1LT,33169,BEVERAGES - MINERAL WATER SPARK - 1 LT,STO,EA,98,10,3.274,32.74
BGI3,20/01/25,78,SI011900,Y,VS,3YDS11,213774-PLASTIC BAG,213774,EQUIPMENT - BAG- PLASTIC BAG,EQU,EA,98,1,0.368,0.37
BGI3,20/01/25,78,SI011900,Y,VS,3YS022,ORANGE LINEN BAG,151383,LAUNDRY - BAG LINEN ORANGE 2014,LAU,EA,98,1,1.969,1.97
BGI3,20/01/25,78,SI011900,Y,VS,3YS023,LINEN TABLECLOTH,3526,LAUNDRY - TABLE CLOTH/RUNNER 2014,LAU,EA,98,33,0.652,21.52
BGI3,20/01/25,78,SI011900,Y,VS,3YS024,LINEN NAPKINS,3527,LAUNDRY - LINEN FOLDED NAPKIN 2014,LAU,EA,98,31,0.522,16.18
BGI3,20/01/25,78,SI011900,Y,VS,3YS032,145995-EQUIP PK - STORES 300,145995,PACKING - FLIGHT PACKING - A330-300,SER,EA,98,1,167.95,167.95
BGI3,20/01/25,78,SI011900,Y,VS,3YS035,145991-TRANS.- HANDLING 33J,145991,TURNAROUND - STRIP - LOAD - A330-300 - 3 FLIGHTS,SER,EA,98,1,483.897,483.9
BGI3,20/01/25,78,SI011900,Y,VS,3YS036,145994- WASH UP A330-300,145994,WASH UP - WASH UP - A330-900,SER,EA,98,1,404.383,404.38
BGI3,20/01/25,78,SI011900,Y,VS,3YS038,17.5% VAT ON LAUNDRY CHRG 33J,51069SALE,SALES TAX - LAUNDRY,VAT,EA,98,1,10.961,10.96
BGI3,20/01/25,78,SI011900,Y,VS,3YS063,25137-CUTLERY WRAP 1ST SERV 33,25137,PACKING - CUTLERY WRAPPING FIRST SERVICE - A330-30,SER,EA,98,1,8.435,8.44
BGI3,20/01/25,78,SI011900,Y,VS,3YS064,33819-CUTLERY WRAP 2ND SERV 33,33819,PACKING - CUTLERY WRAPPING SECOND SERVICE - A330-3,SER,EA,98,1,8.435,8.44
BGI3,20/01/25,78,SI011900,Y,VS,3YS071,32673-CULT WASH-PL 1SER 300,32673,PACKING - CUTLERY WASHUP - POLISHING FIRST SERVICE,SER,EA,98,1,27.272,27.27
BGI3,20/01/25,78,SI011900,Y,VS,3YS072,33141-CULT WASH-PL 2SER 300,33141,PACKING - CUTLERY WASHUP - POLISHING SECOND SERVIC,SER,EA,98,1,18.363,18.36
BGI3,20/01/25,78,SI011900,Y,VS,3YS095,25127- CUTL WSH-POL A330,25127,PACKING - CUTLERY WASHUP - POLISHING - A330-300,SER,EA,98,1,54.402,54.4
BGI3,20/01/25,78,SI011900,Y,VS,FAN17,19382-MILK 100% [Y],19382,FULL FAT MILK - PINT,STO,EA,98,2,4.805,9.61
BGI3,20/01/25,78,SI011900,Y,VS,FAN18,19384- MILK 2% [Y],19384,SEMI SKIMMED MILK - PINT,STO,EA,98,4,4.805,19.22
BGI3,20/01/25,78,SI011900,Y,VS,FAN19,7042-LEMON HALVES [Y],7042,LIME WEDGES,FOO,EA,98,4,5.125,20.5
BGI3,20/01/25,78,SI011900,Y,VS,FAN20,19380- WET ICE [6LB BAG] [Y],19380,WET ICE,WET,EA,98,4,2.942,11.77
BGI3,20/01/25,78,SI011900,Y,VS,YBE11,174148-BREAKFAST BOX,174148,,,EA,98,86,8.412,723.43
BGI3,20/01/25,78,SI011900,Y,VS,YBE24,LO6953-OTIS SPUNKMEYER MUFFIN,LO6953,OTIS SPUNKMEYER MUFFIN,FOO,EA,98,86,1.872,160.99
BGI3,20/01/25,78,SI011900,Y,VS,YDE116,LO7778 - RO CHIX W PEPPERCORN,LO7778,ROASTED CHIX PEPPER SAU MASHED POTATO VEG,FOO,EA,98,60,8.748,524.88
BGI3,20/01/25,78,SI011900,Y,VS,YDE117,LO7779 - MAC PIE W TOM SAUCE,LO7779,MACARONI PIE TOMATO ROSE CREAMY SAUCE,FOO,EA,98,26,5.378,139.83
BGI3,20/01/25,78,SI011900,Y,VS,YDT30,LO2623 - MAIN MEAL TRAY SET UP,LO2623,TRAY SET UP,SER,EA,98,86,8.72,749.92
BGI3,20/01/25,78,SI011900,Y,VS,YPAX03,23240- PER PASSENGER CHARGE[Y],23240,OVERHEAD - Y PAX OVERHEAD - PER PAX,SER,EA,98,87,13.856,1205.47
BGI3,20/01/25,78,SI011900,YC,VS,2CE069, COCO CURRY,LO8708,WILD RICE COCONUT CURRY SAUCE VEG,FOO,EA,12,3,6.438,19.31
BGI3,20/01/25,78,SI011900,YC,VS,2CE070,LO8709 - GARLIC MASH CHIX THIG,LO8709,GARLIC MASH SEARED CHIX GREEN PEPPERCORN SAUCE,FOO,EA,12,3,10.838,32.51
BGI3,20/01/25,78,SI011900,YC,VS,2CE071,LO8710 - MAHI W GARL ORZO PAS,LO8710,SEARED MAHI ORZO PASTA CREOLE SAUCE VEG,FOO,EA,12,2,12.378,24.76
BGI3,20/01/25,78,SI011900,YC,VS,2CE072,LO8711 - PORKLOIN W PO GRATIN,LO8711,SEARED PORK POTATO GRATIN VEG,FOO,EA,12,2,13.84,27.68
BGI3,20/01/25,78,SI011900,YC,VS,2CE073,LO8712 - CHEESE RAVIOLI,LO8712,CHEESE RAVIOLI,FOO,EA,12,2,8.718,17.44
BGI3,20/01/25,78,SI011900,YC,VS,2CFF11,LO4110-WHOLE FRUIT 1,LO4110,SEASONAL WHOLE FRUIT OPTION 1,FOO,EA,12,6,4.622,27.73
BGI3,20/01/25,78,SI011900,YC,VS,2CFF12,LO4111-WHOLE FRUIT 2,LO4111,SEASONAL WHOLE FRUIT OPT 2,FOO,EA,12,6,4.622,27.73
BGI3,20/01/25,78,SI011900,YC,VS,2CFS44,LO5113- EGG SALAD SANDWICH,LO5113,EGG SALAD SANDWICH,FOO,EA,12,3,5.374,16.12
BGI3,20/01/25,78,SI011900,YC,VS,2CFS45,LO5115- TUNASALAD SANDWICH,LO5115,TUNA SALAD SANDWICH,FOO,EA,12,2,6.734,13.47
BGI3,20/01/25,78,SI011900,YC,VS,2CFS49,LO5119- BAP - STREAKY BACON,LO5119,SCOTTISH BAP WITH BACON,FOO,EA,12,4,4.866,19.46
BGI3,20/01/25,78,SI011900,YC,VS,2CFS52,LO5368- PLAIN BAGEL -PC CR CH,LO5368,PLAIN BAGEL WITH PC CREAM CHEESE,FOO,EA,12,4,4.086,16.34
BGI3,20/01/25,78,SI011900,YC,VS,2CFS77,LO8713 - HAM SANDWICH,LO8713,HAM SANDWICH,FOO,EA,12,3,7.734,23.2
BGI3,20/01/25,78,SI011900,YC,VS,2CFS78,LO8714 - CHEESE TOMATO WRAP,LO8714,CHEESE TOMATO CUCUMBER WRAP,FOO,EA,12,2,6.694,13.39
BGI3,20/01/25,78,SI011900,YC,VS,2CFS79,LO8715 - CHICKEN CHEESE BAGEL,LO8715,CHICKEN AND CHEESE BAGEL,FOO,EA,12,2,5.014,10.03
BGI3,20/01/25,78,SI011900,YC,VS,2CFS80,LO8716 - TURKEY SANDWICH,LO8716,TURKEY SANDWICH,FOO,EA,12,4,7.896,31.58
BGI3,20/01/25,78,SI011900,YC,VS,2CFS81, CHUTNE,LO8718,TILLAMOOK CHEESE CARR TROPICAL CHUTNEY,FOO,EA,12,6,6.788,40.73
BGI3,20/01/25,78,SI011900,YC,VS,2CFS82,LO8717 - PROTEIN POT W OLIVES,LO8717,PUMPKIN HUMMUS C CHEESE BLACK OLIVES PITTA BREAD T,FOO,EA,12,6,6.904,41.42
BGI3,20/01/25,78,SI011900,YC,VS,CPAX02,28728- C CREW SVC CHARGE,28728,OVERHEAD - CC OVERHEAD - PER PAX,SER,EA,12,12,25.48,305.76
BGI3,20/01/25,132,SI011899,F,VS,1POAM2,SP170097 - OAML,SP170097,OAML,FOO,EA,44,7,12.582,88.07
BGI3,20/01/25,132,SI011899,F,VS,1POBM2,SP170098 - OBML,SP170098,OBML,FOO,EA,44,5,14.292,71.46
BGI3,20/01/25,132,SI011899,F,VS,1POSML,SP170101 - OSML,SP170101,OSML,FOO,EA,44,2,10.91,21.82
BGI3,20/01/25,132,SI011899,F,VS,1POTML,SP170102 - OTML,SP170102,OTML,FOO,EA,44,5,9.48,47.4
BGI3,20/01/25,132,SI011899,F,VS,1POUML,SP173624 - OUML,SP173624,OUML,FOO,EA,44,1,12.36,12.36
BGI3,20/01/25,132,SI011899,F,VS,1POVML,SP173625 - OVML,SP173625,OVML,FOO,EA,44,1,10.63,10.63
BGI3,20/01/25,132,SI011899,F,VS,FAN12,19381- MILK 100%,19381,FULL FAT MILK - PINT,STO,EA,44,5,4.805,24.03
BGI3,20/01/25,132,SI011899,F,VS,FAN13,19383- MILK 2%,19383,SEMI SKIMMED MILK - PINT,STO,EA,44,2,4.805,9.61
BGI3,20/01/25,132,SI011899,F,VS,FAN14,19385-LEMON HALVES,19385,LEMON WEDGES,FOO,EA,44,3,5.125,15.38
BGI3,20/01/25,132,SI011899,F,VS,FAN21,19379-WET ICE[6LB BAG],19379,WET ICE,WET,EA,44,6,2.942,17.65
BGI3,20/01/25,132,SI011899,F,VS,FAN23,LO7607-CUCUMBER SLICES,LO7607,CUCUMBER SLICES,FOO,EA,44,1,7.686,7.69
BGI3,20/01/25,132,SI011899,F,VS,FAN30,7041- LIME WEDGES,7041,LIME WEDGES,FOO,EA,44,2,4.78,9.56
BGI3,20/01/25,132,SI011899,F,VS,FAN33,23212 - BULK EQUIPMENT,23212,BULK EQUIPMENT,EQU,EA,44,39,1.779,69.38
BGI3,20/01/25,132,SI011899,F,VS,FBD91,LO7757 -WHOLE WHEAT - FLAXSEED,LO7757,WHOLE WHEAT - FLAXSEED KNOT ROLL,FOO,EA,44,22,2.446,53.81
BGI3,20/01/25,132,SI011899,F,VS,FBD92,LO7758 -BLACK OLIVE - GAR ROLL,LO7758,BLACK OLIVE AND GARLIC ROLL,FOO,EA,44,22,2.516,55.35
BGI3,20/01/25,132,SI011899,F,VS,FBD93,LO7759 -CHEDDAR - ONION ROLL,LO7759,CHEDDAR CHEESE AND ONION ROLL,FOO,EA,44,22,2.446,53.81
BGI3,20/01/25,132,SI011899,F,VS,FBT14,LO7770- FRUIT PLATE,LO7770,FRUIT PLATE,FOO,EA,44,22,6.598,145.16
BGI3,20/01/25,132,SI011899,F,VS,FBT16,LO7126 - PLAIN GREEK YOGH FULL,LO7126,PLAIN GREEK YOGHURT - 907 GRAMS,STO,EA,44,1,13.612,13.61
BGI3,20/01/25,132,SI011899,F,VS,FBT17,LO7127- GRANOLA FULL,LO7127,GRANOLA WHOLE GRAIN - 360 GRAMS,STO,EA,44,1,16.562,16.56
BGI3,20/01/25,132,SI011899,F,VS,FBT18,LO7771 - BANANA MUFFIN,LO7771,BANANA MUFFIN,FOO,EA,44,22,3.272,71.98
BGI3,20/01/25,132,SI011899,F,VS,FCE155,LO7764 -HERB CHIX W POT GRATIN,LO7764,HERBED CHIX POTATO GRATIN CORN AND PEPPER,FOO,EA,44,12,12.582,150.98
BGI3,20/01/25,132,SI011899,F,VS,FCE156,LO7765 - MAHI MAHI W WILD RICE,LO7765,SPICED MAHI TURMERIC WILD RICE COCONUT CURRY,FOO,EA,44,7,14.292,100.04
BGI3,20/01/25,132,SI011899,F,VS,FCE157,LO7766 - VEG LASAGNA,LO7766,VEGETABLE LASGNA DUO SCALES,FOO,EA,44,4,12.42,49.68
BGI3,20/01/25,132,SI011899,F,VS,FCF16,LO5500- PICK YOUR OWN,LO5500,CARIBBEAN FRUIT WHOLE [ASSORTED],FOO,EA,44,1,26.288,26.29
BGI3,20/01/25,132,SI011899,F,VS,FCS153,LO8803 - JERK PORK SATAYS,LO8803,,,EA,44,22,6.072,133.58
BGI3,20/01/25,132,SI011899,F,VS,FCS154,LO8804 - PUMKIN HUMMUS,LO8804,,,EA,44,26,5.176,134.58
BGI3,20/01/25,132,SI011899,F,VS,FDD106,LO7762 -SAVOURY CHEESE PLATE,LO7762,STILTON CHEEDAR GOAT GRAPE CHUTNEY,FOO,EA,44,26,7.53,195.78
BGI3,20/01/25,132,SI011899,F,VS,FDD108,LO8805 - DOUBLE CHOC CHE CAKE,LO8805,,,EA,44,18,5.38,96.84
BGI3,20/01/25,132,SI011899,F,VS,FDD109,LO8806 - CARAMEL - PUMKIN BREA,LO8806,,,EA,44,22,4.83,106.26
BGI3,20/01/25,132,SI011899,F,VS,FDT007,LO4801- BUTTER,LO4801,BUTTER [PIPED] BULK LOAED,FOO,EA,44,44,1.042,45.85
BGI3,20/01/25,132,SI011899,F,VS,FHB69,LO4240-BACON BAP,LO4240,BACON BAP,FOO,EA,44,15,5.18,77.7
BGI3,20/01/25,132,SI011899,F,VS,FHB83,LO7767 -SCRAM EGG BB SAUS,LO7767,SCRAMBLE EGGS BACK BACON SAUSAGE BAKED BEANS,FOO,EA,44,22,9.72,213.84
BGI3,20/01/25,132,SI011899,F,VS,FHB84,LO7768 - PEPP - CHEE OMELETTE,LO7768,PEPPER AND CHEESE OMELETTE SPINACH SWEET POTATO,FOO,EA,44,7,7.85,54.95
BGI3,20/01/25,132,SI011899,F,VS,FHB85,LO7769 - CHOCO CHIP PANCAKE,LO7769,CHOCOLATE CHIP PANCAKESPICED PINEAPPLE AND BERRY C,FOO,EA,44,9,6.31,56.79
BGI3,20/01/25,132,SI011899,F,VS,FPAX04,23234-PER PASSENGER CHARGE,23234,OVERHEAD - J PAX OVERHEAD - PER PAX,SER,EA,44,39,36.774,1434.19
BGI3,20/01/25,132,SI011899,J,VS,1JVL01,SP124620 - VLML [J/C],SP124620,VLML,FOO,EA,53,2,12.174,24.35
BGI3,20/01/25,132,SI011899,J,VS,1PWAM2,SP170105 - WAM2,SP170105,WAML,FOO,EA,53,9,8.69,78.21
BGI3,20/01/25,132,SI011899,J,VS,1PWBM2,SP170106 - WBM2,SP170106,WBML,FOO,EA,53,6,11.298,67.79
BGI3,20/01/25,132,SI011899,J,VS,1PWCM2,SP170107 - WCM2,SP170107,WCML,FOO,EA,53,3,7.248,21.74
BGI3,20/01/25,132,SI011899,J,VS,JBE41, PORK SAUG,LO7775,SCRAMBLE EGG PORK SAUSAGE BACK BACON BAKED BEANS,FOO,EA,53,26,6.378,165.83
BGI3,20/01/25,132,SI011899,J,VS,JBE42,LO7776 -EGG - VEG FRITATTA,LO7776,EGG - VEGETABLE FRITATTA SWEET POTATO BLISTERED CH,FOO,EA,53,10,7.518,75.18
BGI3,20/01/25,132,SI011899,J,VS,JBE43,LO7777 -CHOC CHIP PANCAKES,LO7777,CHOCOLATE CHIP PANCAKE CARMALIZED PINEAPPLE AND BE,FOO,EA,53,15,5.378,80.67
BGI3,20/01/25,132,SI011899,J,VS,JCE119,LO7772 -CREOLE CHIX W GAR ORZO,LO7772,SEARED CHIX CREOLE SAUCE GARLIZ ORZO,FOO,EA,53,21,8.69,182.49
BGI3,20/01/25,132,SI011899,J,VS,JCE121,LO7773 -MAHI MAHI W MAS POT,LO7773,SEARED MAHI GARLIC MASH BLISTETED TOMATO,FOO,EA,53,10,11.298,112.98
BGI3,20/01/25,132,SI011899,J,VS,JCE122,LO7774-WILD RICE COCO CURRY,LO7774,WILD RICE COCONUT CURRY SAUCE FRIED PLANTAIN,FOO,EA,53,7,7.248,50.74
BGI3,20/01/25,132,SI011899,J,VS,JDT33,LO2622- TRAY SET MM,LO2622,TRAY SET UP,SER,EA,53,51,16.138,823.04
BGI3,20/01/25,132,SI011899,J,VS,JPAX02,23237-PER PASSENGER CHARGE,23237,OVERHEAD - W PAX OVERHEAD - PER PAX,SER,EA,53,44,16.939,745.32
BGI3,20/01/25,132,SI011899,Y,VS,1YAV01,SP124700- AVML [Y/C],SP124700,AVML,FOO,EA,95,2,15.115,30.23
BGI3,20/01/25,132,SI011899,Y,VS,1YCH04,SP124709- CHML [Y/C],SP124709,CHML,FOO,EA,95,2,14.622,29.24
BGI3,20/01/25,132,SI011899,Y,VS,1YGF01,SP124706 - GFML [Y/C],SP124706,GFML,FOO,EA,95,1,22.504,22.5
BGI3,20/01/25,132,SI011899,Y,VS,1YNL01,SP124712 - NLML [Y/C],SP124712,NLML,FOO,EA,95,1,22.504,22.5
BGI3,20/01/25,132,SI011899,Y,VS,1YVG01,SP124699- VGML [Y/C],SP124699,VGML,FOO,EA,95,2,14.694,29.39
BGI3,20/01/25,132,SI011899,Y,VS,1YVL01,SP124698- VLML [Y/C],SP124698,VLML,FOO,EA,95,2,12.154,24.31
BGI3,20/01/25,132,SI011899,Y,VS,3YDS01,3354- ORANGE JUICE-1LT,3354,BEVERAGES - ORANGE JUICE - 1 LT,STO,EA,95,19,2.124,40.36
BGI3,20/01/25,132,SI011899,Y,VS,3YDS02,3335-TOMATO JUICE 1LT,3335,BEVERAGES - TOMATO JUICE - 1 LT,STO,EA,95,2,4.057,8.11
BGI3,20/01/25,132,SI011899,Y,VS,3YDS03,3376-CRANBERRY JUICE,3376,BEVERAGES - CRANBERRY JUICE - 1 LT,STO,EA,95,1,5.101,5.1
BGI3,20/01/25,132,SI011899,Y,VS,3YDS04,3353-APPLE JUICE 1LTR,3353,BEVERAGES - APPLE JUICE - 1 LT,STO,EA,95,16,2.124,33.98
BGI3,20/01/25,132,SI011899,Y,VS,3YDS06,3476-MINERAL WATER 1.5LT,3476,BEVERAGES - MINERAL WATER STILL - 1 LT,STO,EA,95,85,2.36,200.6
BGI3,20/01/25,132,SI011899,Y,VS,3YDS07,33169-SPARKLING WATER 1LT,33169,BEVERAGES - MINERAL WATER SPARK - 1 LT,STO,EA,95,9,3.274,29.47
BGI3,20/01/25,132,SI011899,Y,VS,3YDS11,213774-PLASTIC BAG,213774,EQUIPMENT - BAG- PLASTIC BAG,EQU,EA,95,1,0.368,0.37
BGI3,20/01/25,132,SI011899,Y,VS,3YS022,ORANGE LINEN BAG,151383,LAUNDRY - BAG LINEN ORANGE 2014,LAU,EA,95,1,1.969,1.97
BGI3,20/01/25,132,SI011899,Y,VS,3YS023,LINEN TABLECLOTH,3526,LAUNDRY - TABLE CLOTH/RUNNER 2014,LAU,EA,95,1,0.652,0.65
BGI3,20/01/25,132,SI011899,Y,VS,3YS024,LINEN NAPKINS,3527,LAUNDRY - LINEN FOLDED NAPKIN 2014,LAU,EA,95,44,0.522,22.97
BGI3,20/01/25,132,SI011899,Y,VS,3YS032,145995-EQUIP PK - STORES 300,145995,PACKING - FLIGHT PACKING - A330-300,SER,EA,95,1,167.95,167.95
BGI3,20/01/25,132,SI011899,Y,VS,3YS035,145991-TRANS.- HANDLING 33J,145991,TURNAROUND - STRIP - LOAD - A330-300 - 3 FLIGHTS,SER,EA,95,1,483.897,483.9
BGI3,20/01/25,132,SI011899,Y,VS,3YS036,145994- WASH UP A330-300,145994,WASH UP - WASH UP - A330-900,SER,EA,95,1,404.383,404.38
BGI3,20/01/25,132,SI011899,Y,VS,3YS038,17.5% VAT ON LAUNDRY CHRG 33J,51069SALE,SALES TAX - LAUNDRY,VAT,EA,95,1,10.961,10.96
BGI3,20/01/25,132,SI011899,Y,VS,3YS063,25137-CUTLERY WRAP 1ST SERV 33,25137,PACKING - CUTLERY WRAPPING FIRST SERVICE - A330-30,SER,EA,95,1,8.435,8.44
BGI3,20/01/25,132,SI011899,Y,VS,3YS064,33819-CUTLERY WRAP 2ND SERV 33,33819,PACKING - CUTLERY WRAPPING SECOND SERVICE - A330-3,SER,EA,95,1,8.435,8.44
BGI3,20/01/25,132,SI011899,Y,VS,3YS071,32673-CULT WASH-PL 1SER 300,32673,PACKING - CUTLERY WASHUP - POLISHING FIRST SERVICE,SER,EA,95,1,27.272,27.27
BGI3,20/01/25,132,SI011899,Y,VS,3YS072,33141-CULT WASH-PL 2SER 300,33141,PACKING - CUTLERY WASHUP - POLISHING SECOND SERVIC,SER,EA,95,1,18.363,18.36
BGI3,20/01/25,132,SI011899,Y,VS,3YS095,25127- CUTL WSH-POL A330,25127,PACKING - CUTLERY WASHUP - POLISHING - A330-300,SER,EA,95,1,54.402,54.4
BGI3,20/01/25,132,SI011899,Y,VS,FAN17,19382-MILK 100% [Y],19382,FULL FAT MILK - PINT,STO,EA,95,2,4.805,9.61
BGI3,20/01/25,132,SI011899,Y,VS,FAN18,19384- MILK 2% [Y],19384,SEMI SKIMMED MILK - PINT,STO,EA,95,4,4.805,19.22
BGI3,20/01/25,132,SI011899,Y,VS,FAN19,7042-LEMON HALVES [Y],7042,LIME WEDGES,FOO,EA,95,4,5.125,20.5
BGI3,20/01/25,132,SI011899,Y,VS,FAN20,19380- WET ICE [6LB BAG] [Y],19380,WET ICE,WET,EA,95,4,2.942,11.77
BGI3,20/01/25,132,SI011899,Y,VS,YBE11,174148-BREAKFAST BOX,174148,,,EA,95,85,8.412,715.02
BGI3,20/01/25,132,SI011899,Y,VS,YBE24,LO6953-OTIS SPUNKMEYER MUFFIN,LO6953,OTIS SPUNKMEYER MUFFIN,FOO,EA,95,85,1.872,159.12
BGI3,20/01/25,132,SI011899,Y,VS,YDE116,LO7778 - RO CHIX W PEPPERCORN,LO7778,ROASTED CHIX PEPPER SAU MASHED POTATO VEG,FOO,EA,95,59,8.748,516.13
BGI3,20/01/25,132,SI011899,Y,VS,YDE117,LO7779 - MAC PIE W TOM SAUCE,LO7779,MACARONI PIE TOMATO ROSE CREAMY SAUCE,FOO,EA,95,26,5.378,139.83
BGI3,20/01/25,132,SI011899,Y,VS,YDT30,LO2623 - MAIN MEAL TRAY SET UP,LO2623,TRAY SET UP,SER,EA,95,85,8.72,741.2
BGI3,20/01/25,132,SI011899,Y,VS,YPAX03,23240- PER PASSENGER CHARGE[Y],23240,OVERHEAD - Y PAX OVERHEAD - PER PAX,SER,EA,95,89,13.856,1233.18
BGI3,20/01/25,132,SI011899,YC,VS,2CE069, COCO CURRY,LO8708,WILD RICE COCONUT CURRY SAUCE VEG,FOO,EA,12,3,6.438,19.31
BGI3,20/01/25,132,SI011899,YC,VS,2CE070,LO8709 - GARLIC MASH CHIX THIG,LO8709,GARLIC MASH SEARED CHIX GREEN PEPPERCORN SAUCE,FOO,EA,12,3,10.838,32.51
BGI3,20/01/25,132,SI011899,YC,VS,2CE071,LO8710 - MAHI W GARL ORZO PAS,LO8710,SEARED MAHI ORZO PASTA CREOLE SAUCE VEG,FOO,EA,12,2,12.378,24.76
BGI3,20/01/25,132,SI011899,YC,VS,2CE072,LO8711 - PORKLOIN W PO GRATIN,LO8711,SEARED PORK POTATO GRATIN VEG,FOO,EA,12,2,13.84,27.68
BGI3,20/01/25,132,SI011899,YC,VS,2CE073,LO8712 - CHEESE RAVIOLI,LO8712,CHEESE RAVIOLI,FOO,EA,12,2,8.718,17.44
BGI3,20/01/25,132,SI011899,YC,VS,2CFF11,LO4110-WHOLE FRUIT 1,LO4110,SEASONAL WHOLE FRUIT OPTION 1,FOO,EA,12,6,4.622,27.73
BGI3,20/01/25,132,SI011899,YC,VS,2CFF12,LO4111-WHOLE FRUIT 2,LO4111,SEASONAL WHOLE FRUIT OPT 2,FOO,EA,12,6,4.622,27.73
BGI3,20/01/25,132,SI011899,YC,VS,2CFS44,LO5113- EGG SALAD SANDWICH,LO5113,EGG SALAD SANDWICH,FOO,EA,12,3,5.374,16.12
BGI3,20/01/25,132,SI011899,YC,VS,2CFS45,LO5115- TUNASALAD SANDWICH,LO5115,TUNA SALAD SANDWICH,FOO,EA,12,2,6.734,13.47
BGI3,20/01/25,132,SI011899,YC,VS,2CFS49,LO5119- BAP - STREAKY BACON,LO5119,SCOTTISH BAP WITH BACON,FOO,EA,12,4,4.866,19.46
BGI3,20/01/25,132,SI011899,YC,VS,2CFS52,LO5368- PLAIN BAGEL -PC CR CH,LO5368,PLAIN BAGEL WITH PC CREAM CHEESE,FOO,EA,12,4,4.086,16.34
BGI3,20/01/25,132,SI011899,YC,VS,2CFS77,LO8713 - HAM SANDWICH,LO8713,HAM SANDWICH,FOO,EA,12,3,7.734,23.2
BGI3,20/01/25,132,SI011899,YC,VS,2CFS78,LO8714 - CHEESE TOMATO WRAP,LO8714,CHEESE TOMATO CUCUMBER WRAP,FOO,EA,12,2,6.694,13.39
BGI3,20/01/25,132,SI011899,YC,VS,2CFS79,LO8715 - CHICKEN CHEESE BAGEL,LO8715,CHICKEN AND CHEESE BAGEL,FOO,EA,12,2,5.014,10.03
BGI3,20/01/25,132,SI011899,YC,VS,2CFS80,LO8716 - TURKEY SANDWICH,LO8716,TURKEY SANDWICH,FOO,EA,12,4,7.896,31.58
BGI3,20/01/25,132,SI011899,YC,VS,2CFS81, CHUTNE,LO8718,TILLAMOOK CHEESE CARR TROPICAL CHUTNEY,FOO,EA,12,6,6.788,40.73
BGI3,20/01/25,132,SI011899,YC,VS,2CFS82,LO8717 - PROTEIN POT W OLIVES,LO8717,PUMPKIN HUMMUS C CHEESE BLACK OLIVES PITTA BREAD T,FOO,EA,12,6,6.904,41.42
BGI3,20/01/25,132,SI011899,YC,VS,CPAX02,28728- C CREW SVC CHARGE,28728,OVERHEAD - CC OVERHEAD - PER PAX,SER,EA,12,12,25.48,305.76
BGI3,20/01/25,198A,SI011898,F,VS,FPAX06,F PAX CHG SHUTTLE,23234ISLAND,OVERHEAD - J INTERISLAND OVERHEAD - PER PAX,SER,EA,2,2,0.831,1.66
BGI3,20/01/25,198A,SI011898,F,VS,JSN04,LO7128 - ORIGINAL SHIRLEY,LO7128,ORIGINAL SHIRLEY BISCUIT,STO,EA,2,2,1.096,2.19
BGI3,20/01/25,198A,SI011898,J,VS,JPAX03,J PAX CHG SHUTTLE,23237ISLAND,OVERHEAD - W INTERISLAND OVERHEAD - PER PAX,SER,EA,9,9,0.831,7.48
BGI3,20/01/25,198A,SI011898,J,VS,JSN05,LO7135 - ORIGINAL SHIRLEY,LO7135,ORIGINAL SHIRLEY BISCUIT,STO,EA,9,9,1.096,9.86
BGI3,20/01/25,198A,SI011898,Y,VS,JSN06,LO7138 - ORIGINAL SHIRLEY,LO7138,ORIGINAL SHIRLEY BISCUIT,STO,EA,81,81,1.096,88.78
BGI3,20/01/25,198A,SI011898,Y,VS,YPAX04,Y PAX CHG SHUTTLE,23240ISLAND,OVERHEAD - Y INTERISLAND OVERHEAD - PER PAX,SER,EA,81,81,0.831,67.31
BGI3,20/01/25,198A,SI011898,YC,VS,FAN35,WATER 1.5LT,LO2664,INTERISLAND 1.5 LTR WATER,STO,EA,12,12,2.36,28.32
BGI3,21/01/25,672,SI011902,F,VS,FAN12,19381- MILK 100%,19381,FULL FAT MILK - PINT,STO,EA,16,4,4.805,19.22
BGI3,21/01/25,672,SI011902,F,VS,FAN13,19383- MILK 2%,19383,SEMI SKIMMED MILK - PINT,STO,EA,16,2,4.805,9.61
BGI3,21/01/25,672,SI011902,F,VS,FAN14,19385-LEMON HALVES,19385,LEMON WEDGES,FOO,EA,16,2,5.125,10.25
BGI3,21/01/25,672,SI011902,F,VS,FAN21,19379-WET ICE[6LB BAG],19379,WET ICE,WET,EA,16,4,2.942,11.77
BGI3,21/01/25,672,SI011902,F,VS,FAN23,LO7607-CUCUMBER SLICES,LO7607,CUCUMBER SLICES,FOO,EA,16,1,7.686,7.69
BGI3,21/01/25,672,SI011902,F,VS,FAN30,7041- LIME WEDGES,7041,LIME WEDGES,FOO,EA,16,2,4.78,9.56
BGI3,21/01/25,672,SI011902,F,VS,FAN33,23212 - BULK EQUIPMENT,23212,BULK EQUIPMENT,EQU,EA,16,16,1.779,28.46
BGI3,21/01/25,672,SI011902,F,VS,FBD91,LO7757 -WHOLE WHEAT - FLAXSEED,LO7757,WHOLE WHEAT - FLAXSEED KNOT ROLL,FOO,EA,16,8,2.446,19.57
BGI3,21/01/25,672,SI011902,F,VS,FBD92,LO7758 -BLACK OLIVE - GAR ROLL,LO7758,BLACK OLIVE AND GARLIC ROLL,FOO,EA,16,8,2.516,20.13
BGI3,21/01/25,672,SI011902,F,VS,FBD93,LO7759 -CHEDDAR - ONION ROLL,LO7759,CHEDDAR CHEESE AND ONION ROLL,FOO,EA,16,8,2.446,19.57
BGI3,21/01/25,672,SI011902,F,VS,FBT14,LO7770- FRUIT PLATE,LO7770,FRUIT PLATE,FOO,EA,16,8,6.598,52.78
BGI3,21/01/25,672,SI011902,F,VS,FBT16,LO7126 - PLAIN GREEK YOGH FULL,LO7126,PLAIN GREEK YOGHURT - 907 GRAMS,STO,EA,16,1,13.612,13.61
BGI3,21/01/25,672,SI011902,F,VS,FBT17,LO7127- GRANOLA FULL,LO7127,GRANOLA WHOLE GRAIN - 360 GRAMS,STO,EA,16,1,16.562,16.56
BGI3,21/01/25,672,SI011902,F,VS,FBT18,LO7771 - BANANA MUFFIN,LO7771,BANANA MUFFIN,FOO,EA,16,8,3.272,26.18
BGI3,21/01/25,672,SI011902,F,VS,FCE155,LO7764 -HERB CHIX W POT GRATIN,LO7764,HERBED CHIX POTATO GRATIN CORN AND PEPPER,FOO,EA,16,8,12.582,100.66
BGI3,21/01/25,672,SI011902,F,VS,FCE156,LO7765 - MAHI MAHI W WILD RICE,LO7765,SPICED MAHI TURMERIC WILD RICE COCONUT CURRY,FOO,EA,16,5,14.292,71.46
BGI3,21/01/25,672,SI011902,F,VS,FCE157,LO7766 - VEG LASAGNA,LO7766,VEGETABLE LASGNA DUO SCALES,FOO,EA,16,3,12.42,37.26
BGI3,21/01/25,672,SI011902,F,VS,FCF16,LO5500- PICK YOUR OWN,LO5500,CARIBBEAN FRUIT WHOLE [ASSORTED],FOO,EA,16,1,26.288,26.29
BGI3,21/01/25,672,SI011902,F,VS,FCS153,LO8803 - JERK PORK SATAYS,LO8803,,,EA,16,8,6.072,48.58
BGI3,21/01/25,672,SI011902,F,VS,FCS154,LO8804 - PUMKIN HUMMUS,LO8804,,,EA,16,10,5.176,51.76
BGI3,21/01/25,672,SI011902,F,VS,FDD106,LO7762 -SAVOURY CHEESE PLATE,LO7762,STILTON CHEEDAR GOAT GRAPE CHUTNEY,FOO,EA,16,10,7.53,75.3
BGI3,21/01/25,672,SI011902,F,VS,FDD108,LO8805 - DOUBLE CHOC CHE CAKE,LO8805,,,EA,16,6,5.38,32.28
BGI3,21/01/25,672,SI011902,F,VS,FDD109,LO8806 - CARAMEL - PUMKIN BREA,LO8806,,,EA,16,8,4.83,38.64
BGI3,21/01/25,672,SI011902,F,VS,FDT007,LO4801- BUTTER,LO4801,BUTTER [PIPED] BULK LOAED,FOO,EA,16,16,1.042,16.67
BGI3,21/01/25,672,SI011902,F,VS,FHB69,LO4240-BACON BAP,LO4240,BACON BAP,FOO,EA,16,3,5.18,15.54
BGI3,21/01/25,672,SI011902,F,VS,FHB83,LO7767 -SCRAM EGG BB SAUS,LO7767,SCRAMBLE EGGS BACK BACON SAUSAGE BAKED BEANS,FOO,EA,16,8,9.72,77.76
BGI3,21/01/25,672,SI011902,F,VS,FHB84,LO7768 - PEPP - CHEE OMELETTE,LO7768,PEPPER AND CHEESE OMELETTE SPINACH SWEET POTATO,FOO,EA,16,3,7.85,23.55
BGI3,21/01/25,672,SI011902,F,VS,FHB85,LO7769 - CHOCO CHIP PANCAKE,LO7769,CHOCOLATE CHIP PANCAKESPICED PINEAPPLE AND BERRY C,FOO,EA,16,5,6.31,31.55
BGI3,21/01/25,672,SI011902,F,VS,FPAX04,23234-PER PASSENGER CHARGE,23234,OVERHEAD - J PAX OVERHEAD - PER PAX,SER,EA,16,16,36.774,588.38
BGI3,21/01/25,672,SI011902,J,VS,JBE41, PORK SAUG,LO7775,SCRAMBLE EGG PORK SAUSAGE BACK BACON BAKED BEANS,FOO,EA,56,28,6.378,178.58
BGI3,21/01/25,672,SI011902,J,VS,JBE42,LO7776 -EGG - VEG FRITATTA,LO7776,EGG - VEGETABLE FRITATTA SWEET POTATO BLISTERED CH,FOO,EA,56,17,7.518,127.81
BGI3,21/01/25,672,SI011902,J,VS,JBE43,LO7777 -CHOC CHIP PANCAKES,LO7777,CHOCOLATE CHIP PANCAKE CARMALIZED PINEAPPLE AND BE,FOO,EA,56,11,5.378,59.16
BGI3,21/01/25,672,SI011902,J,VS,JCE119,LO7772 -CREOLE CHIX W GAR ORZO,LO7772,SEARED CHIX CREOLE SAUCE GARLIZ ORZO,FOO,EA,56,36,8.69,312.84
BGI3,21/01/25,672,SI011902,J,VS,JCE121,LO7773 -MAHI MAHI W MAS POT,LO7773,SEARED MAHI GARLIC MASH BLISTETED TOMATO,FOO,EA,56,17,11.298,192.07
BGI3,21/01/25,672,SI011902,J,VS,JCE122,LO7774-WILD RICE COCO CURRY,LO7774,WILD RICE COCONUT CURRY SAUCE FRIED PLANTAIN,FOO,EA,56,11,7.248,79.73
BGI3,21/01/25,672,SI011902,J,VS,JDT33,LO2622- TRAY SET MM,LO2622,TRAY SET UP,SER,EA,56,56,16.138,903.73
BGI3,21/01/25,672,SI011902,J,VS,JPAX02,23237-PER PASSENGER CHARGE,23237,OVERHEAD - W PAX OVERHEAD - PER PAX,SER,EA,56,56,16.939,948.58
BGI3,21/01/25,672,SI011902,Y,VS,1YGF01,SP124706 - GFML [Y/C],SP124706,GFML,FOO,EA,325,2,22.504,45.01
BGI3,21/01/25,672,SI011902,Y,VS,1YKO04,SP124708 - KSML [Y/C],SP124708,KSML,FOO,EA,325,1,14.178,14.18
BGI3,21/01/25,672,SI011902,Y,VS,1YLF01,SP124704 - LFML [Y/C],SP124704,LFML,FOO,EA,325,1,22.504,22.5
BGI3,21/01/25,672,SI011902,Y,VS,1YPU01,SP124714 - PUML [Y/C],SP124714,PUML,FOO,EA,325,1,29.251,29.25
BGI3,21/01/25,672,SI011902,Y,VS,3YS022,ORANGE LINEN BAG,151383,LAUNDRY - BAG LINEN ORANGE 2014,LAU,EA,325,1,1.969,1.97
BGI3,21/01/25,672,SI011902,Y,VS,3YS023,LINEN TABLECLOTH,3526,LAUNDRY - TABLE CLOTH/RUNNER 2014,LAU,EA,325,1,0.652,0.65
BGI3,21/01/25,672,SI011902,Y,VS,3YS024,LINEN NAPKINS,3527,LAUNDRY - LINEN FOLDED NAPKIN 2014,LAU,EA,325,32,0.522,16.7
BGI3,21/01/25,672,SI011902,Y,VS,3YS032,145995-EQUIP PK - STORES 300,145995,PACKING - FLIGHT PACKING - A330-300,SER,EA,325,1,167.95,167.95
BGI3,21/01/25,672,SI011902,Y,VS,3YS035,145991-TRANS.- HANDLING 33J,145991,TURNAROUND - STRIP - LOAD - A330-300 - 3 FLIGHTS,SER,EA,325,1,483.897,483.9
BGI3,21/01/25,672,SI011902,Y,VS,3YS036,145994- WASH UP A330-300,145994,WASH UP - WASH UP - A330-900,SER,EA,325,1,404.383,404.38
BGI3,21/01/25,672,SI011902,Y,VS,3YS038,17.5% VAT ON LAUNDRY CHRG 33J,51069SALE,SALES TAX - LAUNDRY,VAT,EA,325,1,10.961,10.96
BGI3,21/01/25,672,SI011902,Y,VS,3YS063,25137-CUTLERY WRAP 1ST SERV 33,25137,PACKING - CUTLERY WRAPPING FIRST SERVICE - A330-30,SER,EA,325,1,8.435,8.44
BGI3,21/01/25,672,SI011902,Y,VS,3YS064,33819-CUTLERY WRAP 2ND SERV 33,33819,PACKING - CUTLERY WRAPPING SECOND SERVICE - A330-3,SER,EA,325,1,8.435,8.44
BGI3,21/01/25,672,SI011902,Y,VS,3YS071,32673-CULT WASH-PL 1SER 300,32673,PACKING - CUTLERY WASHUP - POLISHING FIRST SERVICE,SER,EA,325,1,27.272,27.27
BGI3,21/01/25,672,SI011902,Y,VS,3YS072,33141-CULT WASH-PL 2SER 300,33141,PACKING - CUTLERY WASHUP - POLISHING SECOND SERVIC,SER,EA,325,1,18.363,18.36
BGI3,21/01/25,672,SI011902,Y,VS,3YS095,25127- CUTL WSH-POL A330,25127,PACKING - CUTLERY WASHUP - POLISHING - A330-300,SER,EA,325,1,54.402,54.4
BGI3,21/01/25,672,SI011902,Y,VS,FAN17,19382-MILK 100% [Y],19382,FULL FAT MILK - PINT,STO,EA,325,2,4.805,9.61
BGI3,21/01/25,672,SI011902,Y,VS,FAN18,19384- MILK 2% [Y],19384,SEMI SKIMMED MILK - PINT,STO,EA,325,4,4.805,19.22
BGI3,21/01/25,672,SI011902,Y,VS,FAN19,7042-LEMON HALVES [Y],7042,LIME WEDGES,FOO,EA,325,8,5.125,41
BGI3,21/01/25,672,SI011902,Y,VS,FAN20,19380- WET ICE [6LB BAG] [Y],19380,WET ICE,WET,EA,325,8,2.942,23.54
BGI3,21/01/25,672,SI011902,Y,VS,YBE11,174148-BREAKFAST BOX,174148,,,EA,325,320,8.412,2691.84
BGI3,21/01/25,672,SI011902,Y,VS,YBE24,LO6953-OTIS SPUNKMEYER MUFFIN,LO6953,OTIS SPUNKMEYER MUFFIN,FOO,EA,325,320,1.872,599.04
BGI3,21/01/25,672,SI011902,Y,VS,YDE116,LO7778 - RO CHIX W PEPPERCORN,LO7778,ROASTED CHIX PEPPER SAU MASHED POTATO VEG,FOO,EA,325,224,8.748,1959.55
BGI3,21/01/25,672,SI011902,Y,VS,YDE117,LO7779 - MAC PIE W TOM SAUCE,LO7779,MACARONI PIE TOMATO ROSE CREAMY SAUCE,FOO,EA,325,95,5.378,510.91
BGI3,21/01/25,672,SI011902,Y,VS,YDT30,LO2623 - MAIN MEAL TRAY SET UP,LO2623,TRAY SET UP,SER,EA,325,320,8.72,2790.4
BGI3,21/01/25,672,SI011902,Y,VS,YPAX03,23240- PER PASSENGER CHARGE[Y],23240,OVERHEAD - Y PAX OVERHEAD - PER PAX,SER,EA,325,320,13.856,4433.92
BGI3,21/01/25,672,SI011902,YC,VS,2CE069, COCO CURRY,LO8708,WILD RICE COCONUT CURRY SAUCE VEG,FOO,EA,12,3,6.438,19.31
BGI3,21/01/25,672,SI011902,YC,VS,2CE070,LO8709 - GARLIC MASH CHIX THIG,LO8709,GARLIC MASH SEARED CHIX GREEN PEPPERCORN SAUCE,FOO,EA,12,3,10.838,32.51
BGI3,21/01/25,672,SI011902,YC,VS,2CE071,LO8710 - MAHI W GARL ORZO PAS,LO8710,SEARED MAHI ORZO PASTA CREOLE SAUCE VEG,FOO,EA,12,2,12.378,24.76
BGI3,21/01/25,672,SI011902,YC,VS,2CE072,LO8711 - PORKLOIN W PO GRATIN,LO8711,SEARED PORK POTATO GRATIN VEG,FOO,EA,12,2,13.84,27.68
BGI3,21/01/25,672,SI011902,YC,VS,2CE073,LO8712 - CHEESE RAVIOLI,LO8712,CHEESE RAVIOLI,FOO,EA,12,2,8.718,17.44
BGI3,21/01/25,672,SI011902,YC,VS,2CFF11,LO4110-WHOLE FRUIT 1,LO4110,SEASONAL WHOLE FRUIT OPTION 1,FOO,EA,12,6,4.622,27.73
BGI3,21/01/25,672,SI011902,YC,VS,2CFF12,LO4111-WHOLE FRUIT 2,LO4111,SEASONAL WHOLE FRUIT OPT 2,FOO,EA,12,6,4.622,27.73
BGI3,21/01/25,672,SI011902,YC,VS,2CFS44,LO5113- EGG SALAD SANDWICH,LO5113,EGG SALAD SANDWICH,FOO,EA,12,3,5.374,16.12
BGI3,21/01/25,672,SI011902,YC,VS,2CFS45,LO5115- TUNASALAD SANDWICH,LO5115,TUNA SALAD SANDWICH,FOO,EA,12,2,6.734,13.47
BGI3,21/01/25,672,SI011902,YC,VS,2CFS49,LO5119- BAP - STREAKY BACON,LO5119,SCOTTISH BAP WITH BACON,FOO,EA,12,4,4.866,19.46
BGI3,21/01/25,672,SI011902,YC,VS,2CFS52,LO5368- PLAIN BAGEL -PC CR CH,LO5368,PLAIN BAGEL WITH PC CREAM CHEESE,FOO,EA,12,4,4.086,16.34
BGI3,21/01/25,672,SI011902,YC,VS,2CFS77,LO8713 - HAM SANDWICH,LO8713,HAM SANDWICH,FOO,EA,12,3,7.734,23.2
BGI3,21/01/25,672,SI011902,YC,VS,2CFS78,LO8714 - CHEESE TOMATO WRAP,LO8714,CHEESE TOMATO CUCUMBER WRAP,FOO,EA,12,2,6.694,13.39
BGI3,21/01/25,672,SI011902,YC,VS,2CFS79,LO8715 - CHICKEN CHEESE BAGEL,LO8715,CHICKEN AND CHEESE BAGEL,FOO,EA,12,2,5.014,10.03
BGI3,21/01/25,672,SI011902,YC,VS,2CFS80,LO8716 - TURKEY SANDWICH,LO8716,TURKEY SANDWICH,FOO,EA,12,4,7.896,31.58
BGI3,21/01/25,672,SI011902,YC,VS,2CFS81, CHUTNE,LO8718,TILLAMOOK CHEESE CARR TROPICAL CHUTNEY,FOO,EA,12,6,6.788,40.73
BGI3,21/01/25,672,SI011902,YC,VS,2CFS82,LO8717 - PROTEIN POT W OLIVES,LO8717,PUMPKIN HUMMUS C CHEESE BLACK OLIVES PITTA BREAD T,FOO,EA,12,6,6.904,41.42
BGI3,21/01/25,672,SI011902,YC,VS,CPAX02,28728- C CREW SVC CHARGE,28728,OVERHEAD - CC OVERHEAD - PER PAX,SER,EA,12,12,25.48,305.76
BGI3,22/01/25,197,SI011903,F,VS,FPAX06,F PAX CHG SHUTTLE,23234ISLAND,OVERHEAD - J INTERISLAND OVERHEAD - PER PAX,SER,EA,11,11,0.831,9.14
BGI3,22/01/25,197,SI011903,F,VS,JSN04,LO7128 - ORIGINAL SHIRLEY,LO7128,ORIGINAL SHIRLEY BISCUIT,STO,EA,11,11,1.096,12.06
BGI3,22/01/25,197,SI011903,J,VS,JPAX03,J PAX CHG SHUTTLE,23237ISLAND,OVERHEAD - W INTERISLAND OVERHEAD - PER PAX,SER,EA,19,19,0.831,15.79
BGI3,22/01/25,197,SI011903,J,VS,JSN05,LO7135 - ORIGINAL SHIRLEY,LO7135,ORIGINAL SHIRLEY BISCUIT,STO,EA,19,19,1.096,20.82
BGI3,22/01/25,197,SI011903,Y,VS,3YS035,145991-TRANS.- HANDLING 33J,145991,TURNAROUND - STRIP - LOAD - A330-300 - 3 FLIGHTS,SER,EA,99,1,483.897,483.9
BGI3,22/01/25,197,SI011903,Y,VS,FAN35,WATER 1.5LT,LO2664,INTERISLAND 1.5 LTR WATER,STO,EA,99,18,2.36,42.48
BGI3,22/01/25,197,SI011903,Y,VS,FAN36,ORANGE JUICE 1LT,3354,BEVERAGE- ORANGE JUICE - 1 LT,STO,EA,99,5,2.124,10.62
BGI3,22/01/25,197,SI011903,Y,VS,JSN06,LO7138 - ORIGINAL SHIRLEY,LO7138,ORIGINAL SHIRLEY BISCUIT,STO,EA,99,99,1.096,108.5
BGI3,22/01/25,197,SI011903,Y,VS,YPAX04,Y PAX CHG SHUTTLE,23240ISLAND,OVERHEAD - Y INTERISLAND OVERHEAD - PER PAX,SER,EA,99,99,0.831,82.27
BGI3,22/01/25,197,SI011903,YC,VS,2CFF12,LO4111-WHOLE FRUIT 2,LO4111,SEASONAL WHOLE FRUIT OPT 2,FOO,EA,12,5,4.622,23.11
BGI3,22/01/25,197,SI011903,YC,VS,2CFF13,LO4268 - WHOLE FRUIT 1,LO4268,SEASONAL WHOLE FRUIT OPT 1,FOO,EA,12,7,4.662,32.63
BGI3,22/01/25,197,SI011903,YC,VS,2CFS55,LO6303 - TUNA SANDWICH,LO6303,TUNA SANDWICH,FOO,EA,12,5,6.734,33.67
BGI3,22/01/25,197,SI011903,YC,VS,2CFS83,LO7721 - EGG SANDWICH,LO7721,EGG SALAD SANDWICH,FOO,EA,12,7,5.374,37.62
BGI3,22/01/25,197,SI011903,YC,VS,CPAX04,C PAX CHG SHUTTLE,28728,OVERHEAD - CC OVERHEAD - PER PAX,SER,EA,12,12,22.261,267.13
BGI3,22/01/25,197,SI011903,YC,VS,FAN37,LO2664 - CREW WATER 1.5 LT,LO2664,INTERISLAND 1.5 LTR WATER,STO,EA,12,12,2.272,27.26
BGI3,22/01/25,197,SI011903,YC,VS,JSN07,LO7722 - ORIG SHIRLEY CREW,LO7722,ORIGINAL SHIRLEY BISCUIT,STO,EA,12,12,1.096,13.15
BGI3,22/01/25,198,SI011907,F,VS,1POAM2,SP170097 - OAML,SP170097,OAML,FOO,EA,31,1,12.582,12.58
BGI3,22/01/25,198,SI011907,F,VS,1POTML,SP170102 - OTML,SP170102,OTML,FOO,EA,31,2,9.48,18.96
BGI3,22/01/25,198,SI011907,F,VS,1POUML,SP173624 - OUML,SP173624,OUML,FOO,EA,31,2,12.36,24.72
BGI3,22/01/25,198,SI011907,F,VS,1YBA02,BABY MEAL - CATERER OWNED,SP124710,BBML,STO,EA,31,1,15.93,15.93
BGI3,22/01/25,198,SI011907,F,VS,FAN12,19381- MILK 100%,19381,FULL FAT MILK - PINT,STO,EA,31,4,4.805,19.22
BGI3,22/01/25,198,SI011907,F,VS,FAN13,19383- MILK 2%,19383,SEMI SKIMMED MILK - PINT,STO,EA,31,2,4.805,9.61
BGI3,22/01/25,198,SI011907,F,VS,FAN14,19385-LEMON HALVES,19385,LEMON WEDGES,FOO,EA,31,2,5.125,10.25
BGI3,22/01/25,198,SI011907,F,VS,FAN21,19379-WET ICE[6LB BAG],19379,WET ICE,WET,EA,31,4,2.942,11.77
BGI3,22/01/25,198,SI011907,F,VS,FAN23,LO7607-CUCUMBER SLICES,LO7607,CUCUMBER SLICES,FOO,EA,31,1,7.686,7.69
BGI3,22/01/25,198,SI011907,F,VS,FAN30,7041- LIME WEDGES,7041,LIME WEDGES,FOO,EA,31,2,4.78,9.56
BGI3,22/01/25,198,SI011907,F,VS,FAN33,23212 - BULK EQUIPMENT,23212,BULK EQUIPMENT,EQU,EA,31,25,1.779,44.48
BGI3,22/01/25,198,SI011907,F,VS,FBD91,LO7757 -WHOLE WHEAT - FLAXSEED,LO7757,WHOLE WHEAT - FLAXSEED KNOT ROLL,FOO,EA,31,16,2.446,39.14
BGI3,22/01/25,198,SI011907,F,VS,FBD92,LO7758 -BLACK OLIVE - GAR ROLL,LO7758,BLACK OLIVE AND GARLIC ROLL,FOO,EA,31,16,2.516,40.26
BGI3,22/01/25,198,SI011907,F,VS,FBD93,LO7759 -CHEDDAR - ONION ROLL,LO7759,CHEDDAR CHEESE AND ONION ROLL,FOO,EA,31,15,2.446,36.69
BGI3,22/01/25,198,SI011907,F,VS,FBT14,LO7770- FRUIT PLATE,LO7770,FRUIT PLATE,FOO,EA,31,16,6.598,105.57
BGI3,22/01/25,198,SI011907,F,VS,FBT16,LO7126 - PLAIN GREEK YOGH FULL,LO7126,PLAIN GREEK YOGHURT - 907 GRAMS,STO,EA,31,1,13.612,13.61
BGI3,22/01/25,198,SI011907,F,VS,FBT17,LO7127- GRANOLA FULL,LO7127,GRANOLA WHOLE GRAIN - 360 GRAMS,STO,EA,31,1,16.562,16.56
BGI3,22/01/25,198,SI011907,F,VS,FBT18,LO7771 - BANANA MUFFIN,LO7771,BANANA MUFFIN,FOO,EA,31,16,3.272,52.35
BGI3,22/01/25,198,SI011907,F,VS,FCE155,LO7764 -HERB CHIX W POT GRATIN,LO7764,HERBED CHIX POTATO GRATIN CORN AND PEPPER,FOO,EA,31,11,12.582,138.4
BGI3,22/01/25,198,SI011907,F,VS,FCE156,LO7765 - MAHI MAHI W WILD RICE,LO7765,SPICED MAHI TURMERIC WILD RICE COCONUT CURRY,FOO,EA,31,8,14.292,114.34
BGI3,22/01/25,198,SI011907,F,VS,FCE157,LO7766 - VEG LASAGNA,LO7766,VEGETABLE LASGNA DUO SCALES,FOO,EA,31,5,12.42,62.1
BGI3,22/01/25,198,SI011907,F,VS,FCF16,LO5500- PICK YOUR OWN,LO5500,CARIBBEAN FRUIT WHOLE [ASSORTED],FOO,EA,31,1,26.288,26.29
BGI3,22/01/25,198,SI011907,F,VS,FCS153,LO8803 - JERK PORK SATAYS,LO8803,,,EA,31,16,6.072,97.15
BGI3,22/01/25,198,SI011907,F,VS,FCS154,LO8804 - PUMKIN HUMMUS,LO8804,,,EA,31,18,5.176,93.17
BGI3,22/01/25,198,SI011907,F,VS,FDD106,LO7762 -SAVOURY CHEESE PLATE,LO7762,STILTON CHEEDAR GOAT GRAPE CHUTNEY,FOO,EA,31,19,7.53,143.07
BGI3,22/01/25,198,SI011907,F,VS,FDD108,LO8805 - DOUBLE CHOC CHE CAKE,LO8805,,,EA,31,12,5.38,64.56
BGI3,22/01/25,198,SI011907,F,VS,FDD109,LO8806 - CARAMEL - PUMKIN BREA,LO8806,,,EA,31,16,4.83,77.28
BGI3,22/01/25,198,SI011907,F,VS,FDT007,LO4801- BUTTER,LO4801,BUTTER [PIPED] BULK LOAED,FOO,EA,31,31,1.042,32.3
BGI3,22/01/25,198,SI011907,F,VS,FHB69,LO4240-BACON BAP,LO4240,BACON BAP,FOO,EA,31,11,5.18,56.98
BGI3,22/01/25,198,SI011907,F,VS,FHB83,LO7767 -SCRAM EGG BB SAUS,LO7767,SCRAMBLE EGGS BACK BACON SAUSAGE BAKED BEANS,FOO,EA,31,16,9.72,155.52
BGI3,22/01/25,198,SI011907,F,VS,FHB84,LO7768 - PEPP - CHEE OMELETTE,LO7768,PEPPER AND CHEESE OMELETTE SPINACH SWEET POTATO,FOO,EA,31,4,7.85,31.4
BGI3,22/01/25,198,SI011907,F,VS,FHB85,LO7769 - CHOCO CHIP PANCAKE,LO7769,CHOCOLATE CHIP PANCAKESPICED PINEAPPLE AND BERRY C,FOO,EA,31,6,6.31,37.86
BGI3,22/01/25,198,SI011907,F,VS,FPAX04,23234-PER PASSENGER CHARGE,23234,OVERHEAD - J PAX OVERHEAD - PER PAX,SER,EA,31,25,36.774,919.35
BGI3,22/01/25,198,SI011907,J,VS,1JVG01,SP124621 - VGML [J/C],SP124621,VGML,FOO,EA,48,1,14.694,14.69
BGI3,22/01/25,198,SI011907,J,VS,1PWAM2,SP170105 - WAM2,SP170105,WAML,FOO,EA,48,18,8.69,156.42
BGI3,22/01/25,198,SI011907,J,VS,1PWCM2,SP170107 - WCM2,SP170107,WCML,FOO,EA,48,1,7.248,7.25
BGI3,22/01/25,198,SI011907,J,VS,JBE41, PORK SAUG,LO7775,SCRAMBLE EGG PORK SAUSAGE BACK BACON BAKED BEANS,FOO,EA,48,24,6.378,153.07
BGI3,22/01/25,198,SI011907,J,VS,JBE42,LO7776 -EGG - VEG FRITATTA,LO7776,EGG - VEGETABLE FRITATTA SWEET POTATO BLISTERED CH,FOO,EA,48,9,7.518,67.66
BGI3,22/01/25,198,SI011907,J,VS,JBE43,LO7777 -CHOC CHIP PANCAKES,LO7777,CHOCOLATE CHIP PANCAKE CARMALIZED PINEAPPLE AND BE,FOO,EA,48,14,5.378,75.29
BGI3,22/01/25,198,SI011907,J,VS,JCE119,LO7772 -CREOLE CHIX W GAR ORZO,LO7772,SEARED CHIX CREOLE SAUCE GARLIZ ORZO,FOO,EA,48,18,8.69,156.42
BGI3,22/01/25,198,SI011907,J,VS,JCE121,LO7773 -MAHI MAHI W MAS POT,LO7773,SEARED MAHI GARLIC MASH BLISTETED TOMATO,FOO,EA,48,8,11.298,90.38
BGI3,22/01/25,198,SI011907,J,VS,JCE122,LO7774-WILD RICE COCO CURRY,LO7774,WILD RICE COCONUT CURRY SAUCE FRIED PLANTAIN,FOO,EA,48,6,7.248,43.49
BGI3,22/01/25,198,SI011907,J,VS,JDT33,LO2622- TRAY SET MM,LO2622,TRAY SET UP,SER,EA,48,47,16.138,758.49
BGI3,22/01/25,198,SI011907,J,VS,JPAX02,23237-PER PASSENGER CHARGE,23237,OVERHEAD - W PAX OVERHEAD - PER PAX,SER,EA,48,48,16.939,813.07
BGI3,22/01/25,198,SI011907,Y,VS,1YAV01,SP124700- AVML [Y/C],SP124700,AVML,FOO,EA,185,4,15.115,60.46
BGI3,22/01/25,198,SI011907,Y,VS,1YDB01,SP124707 - DBML [Y/C],SP124707,DBML,FOO,EA,185,2,22.504,45.01
BGI3,22/01/25,198,SI011907,Y,VS,1YMO01,SP124702 - MOML [Y/C],SP124702,MOML,FOO,EA,185,4,12.154,48.62
BGI3,22/01/25,198,SI011907,Y,VS,1YSP03,SP124701 - JAIN [Y/C],SP124701,VJML,FOO,EA,185,1,16.278,16.28
BGI3,22/01/25,198,SI011907,Y,VS,1YVG01,SP124699- VGML [Y/C],SP124699,VGML,FOO,EA,185,3,14.694,44.08
BGI3,22/01/25,198,SI011907,Y,VS,1YVL01,SP124698- VLML [Y/C],SP124698,VLML,FOO,EA,185,2,12.154,24.31
BGI3,22/01/25,198,SI011907,Y,VS,3YDS01,3354- ORANGE JUICE-1LT,3354,BEVERAGES - ORANGE JUICE - 1 LT,STO,EA,185,29,2.124,61.6
BGI3,22/01/25,198,SI011907,Y,VS,3YDS02,3335-TOMATO JUICE 1LT,3335,BEVERAGES - TOMATO JUICE - 1 LT,STO,EA,185,1,4.057,4.06
BGI3,22/01/25,198,SI011907,Y,VS,3YDS03,3376-CRANBERRY JUICE,3376,BEVERAGES - CRANBERRY JUICE - 1 LT,STO,EA,185,2,5.101,10.2
BGI3,22/01/25,198,SI011907,Y,VS,3YDS04,3353-APPLE JUICE 1LTR,3353,BEVERAGES - APPLE JUICE - 1 LT,STO,EA,185,17,2.124,36.11
BGI3,22/01/25,198,SI011907,Y,VS,3YDS06,3476-MINERAL WATER 1.5LT,3476,BEVERAGES - MINERAL WATER STILL - 1 LT,STO,EA,185,48,2.36,113.28
BGI3,22/01/25,198,SI011907,Y,VS,3YDS07,33169-SPARKLING WATER 1LT,33169,BEVERAGES - MINERAL WATER SPARK - 1 LT,STO,EA,185,14,3.274,45.84
BGI3,22/01/25,198,SI011907,Y,VS,3YDS11,213774-PLASTIC BAG,213774,EQUIPMENT - BAG- PLASTIC BAG,EQU,EA,185,1,0.368,0.37
BGI3,22/01/25,198,SI011907,Y,VS,3YS022,ORANGE LINEN BAG,151383,LAUNDRY - BAG LINEN ORANGE 2014,LAU,EA,185,1,1.969,1.97
BGI3,22/01/25,198,SI011907,Y,VS,3YS023,LINEN TABLECLOTH,3526,LAUNDRY - TABLE CLOTH/RUNNER 2014,LAU,EA,185,33,0.652,21.52
BGI3,22/01/25,198,SI011907,Y,VS,3YS024,LINEN NAPKINS,3527,LAUNDRY - LINEN FOLDED NAPKIN 2014,LAU,EA,185,31,0.522,16.18
BGI3,22/01/25,198,SI011907,Y,VS,3YS032,145995-EQUIP PK - STORES 300,145995,PACKING - FLIGHT PACKING - A330-300,SER,EA,185,1,167.95,167.95
BGI3,22/01/25,198,SI011907,Y,VS,3YS035,145991-TRANS.- HANDLING 33J,145991,TURNAROUND - STRIP - LOAD - A330-300 - 3 FLIGHTS,SER,EA,185,1,483.897,483.9
BGI3,22/01/25,198,SI011907,Y,VS,3YS036,145994- WASH UP A330-300,145994,WASH UP - WASH UP - A330-900,SER,EA,185,1,404.383,404.38
BGI3,22/01/25,198,SI011907,Y,VS,3YS038,17.5% VAT ON LAUNDRY CHRG 33J,51069SALE,SALES TAX - LAUNDRY,VAT,EA,185,1,10.961,10.96
BGI3,22/01/25,198,SI011907,Y,VS,3YS063,25137-CUTLERY WRAP 1ST SERV 33,25137,PACKING - CUTLERY WRAPPING FIRST SERVICE - A330-30,SER,EA,185,1,8.435,8.44
BGI3,22/01/25,198,SI011907,Y,VS,3YS064,33819-CUTLERY WRAP 2ND SERV 33,33819,PACKING - CUTLERY WRAPPING SECOND SERVICE - A330-3,SER,EA,185,1,8.435,8.44
BGI3,22/01/25,198,SI011907,Y,VS,3YS071,32673-CULT WASH-PL 1SER 300,32673,PACKING - CUTLERY WASHUP - POLISHING FIRST SERVICE,SER,EA,185,1,27.272,27.27
BGI3,22/01/25,198,SI011907,Y,VS,3YS072,33141-CULT WASH-PL 2SER 300,33141,PACKING - CUTLERY WASHUP - POLISHING SECOND SERVIC,SER,EA,185,1,18.363,18.36
BGI3,22/01/25,198,SI011907,Y,VS,3YS095,25127- CUTL WSH-POL A330,25127,PACKING - CUTLERY WASHUP - POLISHING - A330-300,SER,EA,185,1,54.402,54.4
BGI3,22/01/25,198,SI011907,Y,VS,FAN17,19382-MILK 100% [Y],19382,FULL FAT MILK - PINT,STO,EA,185,2,4.805,9.61
BGI3,22/01/25,198,SI011907,Y,VS,FAN18,19384- MILK 2% [Y],19384,SEMI SKIMMED MILK - PINT,STO,EA,185,4,4.805,19.22
BGI3,22/01/25,198,SI011907,Y,VS,FAN19,7042-LEMON HALVES [Y],7042,LIME WEDGES,FOO,EA,185,8,5.125,41
BGI3,22/01/25,198,SI011907,Y,VS,FAN20,19380- WET ICE [6LB BAG] [Y],19380,WET ICE,WET,EA,185,8,2.942,23.54
BGI3,22/01/25,198,SI011907,Y,VS,YBE11,174148-BREAKFAST BOX,174148,,,EA,185,169,8.412,1421.63
BGI3,22/01/25,198,SI011907,Y,VS,YBE24,LO6953-OTIS SPUNKMEYER MUFFIN,LO6953,OTIS SPUNKMEYER MUFFIN,FOO,EA,185,169,1.872,316.37
BGI3,22/01/25,198,SI011907,Y,VS,YDE116,LO7778 - RO CHIX W PEPPERCORN,LO7778,ROASTED CHIX PEPPER SAU MASHED POTATO VEG,FOO,EA,185,118,8.748,1032.26
BGI3,22/01/25,198,SI011907,Y,VS,YDE117,LO7779 - MAC PIE W TOM SAUCE,LO7779,MACARONI PIE TOMATO ROSE CREAMY SAUCE,FOO,EA,185,51,5.378,274.28
BGI3,22/01/25,198,SI011907,Y,VS,YDT30,LO2623 - MAIN MEAL TRAY SET UP,LO2623,TRAY SET UP,SER,EA,185,169,8.72,1473.68
BGI3,22/01/25,198,SI011907,Y,VS,YPAX03,23240- PER PASSENGER CHARGE[Y],23240,OVERHEAD - Y PAX OVERHEAD - PER PAX,SER,EA,185,176,13.856,2438.66
BGI3,22/01/25,198,SI011907,YC,VS,2CE069, COCO CURRY,LO8708,WILD RICE COCONUT CURRY SAUCE VEG,FOO,EA,12,3,6.438,19.31
BGI3,22/01/25,198,SI011907,YC,VS,2CE070,LO8709 - GARLIC MASH CHIX THIG,LO8709,GARLIC MASH SEARED CHIX GREEN PEPPERCORN SAUCE,FOO,EA,12,3,10.838,32.51
BGI3,22/01/25,198,SI011907,YC,VS,2CE071,LO8710 - MAHI W GARL ORZO PAS,LO8710,SEARED MAHI ORZO PASTA CREOLE SAUCE VEG,FOO,EA,12,2,12.378,24.76
BGI3,22/01/25,198,SI011907,YC,VS,2CE072,LO8711 - PORKLOIN W PO GRATIN,LO8711,SEARED PORK POTATO GRATIN VEG,FOO,EA,12,2,13.84,27.68
BGI3,22/01/25,198,SI011907,YC,VS,2CE073,LO8712 - CHEESE RAVIOLI,LO8712,CHEESE RAVIOLI,FOO,EA,12,2,8.718,17.44
BGI3,22/01/25,198,SI011907,YC,VS,2CFF11,LO4110-WHOLE FRUIT 1,LO4110,SEASONAL WHOLE FRUIT OPTION 1,FOO,EA,12,6,4.622,27.73
BGI3,22/01/25,198,SI011907,YC,VS,2CFF12,LO4111-WHOLE FRUIT 2,LO4111,SEASONAL WHOLE FRUIT OPT 2,FOO,EA,12,6,4.622,27.73
BGI3,22/01/25,198,SI011907,YC,VS,2CFS44,LO5113- EGG SALAD SANDWICH,LO5113,EGG SALAD SANDWICH,FOO,EA,12,3,5.374,16.12
BGI3,22/01/25,198,SI011907,YC,VS,2CFS45,LO5115- TUNASALAD SANDWICH,LO5115,TUNA SALAD SANDWICH,FOO,EA,12,2,6.734,13.47
BGI3,22/01/25,198,SI011907,YC,VS,2CFS49,LO5119- BAP - STREAKY BACON,LO5119,SCOTTISH BAP WITH BACON,FOO,EA,12,4,4.866,19.46
BGI3,22/01/25,198,SI011907,YC,VS,2CFS52,LO5368- PLAIN BAGEL -PC CR CH,LO5368,PLAIN BAGEL WITH PC CREAM CHEESE,FOO,EA,12,4,4.086,16.34
BGI3,22/01/25,198,SI011907,YC,VS,2CFS77,LO8713 - HAM SANDWICH,LO8713,HAM SANDWICH,FOO,EA,12,3,7.734,23.2
BGI3,22/01/25,198,SI011907,YC,VS,2CFS78,LO8714 - CHEESE TOMATO WRAP,LO8714,CHEESE TOMATO CUCUMBER WRAP,FOO,EA,12,2,6.694,13.39
BGI3,22/01/25,198,SI011907,YC,VS,2CFS79,LO8715 - CHICKEN CHEESE BAGEL,LO8715,CHICKEN AND CHEESE BAGEL,FOO,EA,12,2,5.014,10.03
BGI3,22/01/25,198,SI011907,YC,VS,2CFS80,LO8716 - TURKEY SANDWICH,LO8716,TURKEY SANDWICH,FOO,EA,12,4,7.896,31.58
BGI3,22/01/25,198,SI011907,YC,VS,2CFS81, CHUTNE,LO8718,TILLAMOOK CHEESE CARR TROPICAL CHUTNEY,FOO,EA,12,6,6.788,40.73
BGI3,22/01/25,198,SI011907,YC,VS,2CFS82,LO8717 - PROTEIN POT W OLIVES,LO8717,PUMPKIN HUMMUS C CHEESE BLACK OLIVES PITTA BREAD T,FOO,EA,12,6,6.904,41.42
BGI3,22/01/25,198,SI011907,YC,VS,CPAX02,28728- C CREW SVC CHARGE,28728,OVERHEAD - CC OVERHEAD - PER PAX,SER,EA,12,12,25.48,305.76
BGI3,22/01/25,78,SI011906,F,VS,1POAM2,SP170097 - OAML,SP170097,OAML,FOO,EA,31,2,12.582,25.16
BGI3,22/01/25,78,SI011906,F,VS,1POBM2,SP170098 - OBML,SP170098,OBML,FOO,EA,31,1,14.292,14.29
BGI3,22/01/25,78,SI011906,F,VS,1POSML,SP170101 - OSML,SP170101,OSML,FOO,EA,31,2,10.91,21.82
BGI3,22/01/25,78,SI011906,F,VS,1POTML,SP170102 - OTML,SP170102,OTML,FOO,EA,31,5,9.48,47.4
BGI3,22/01/25,78,SI011906,F,VS,1POUML,SP173624 - OUML,SP173624,OUML,FOO,EA,31,1,12.36,12.36
BGI3,22/01/25,78,SI011906,F,VS,FAN12,19381- MILK 100%,19381,FULL FAT MILK - PINT,STO,EA,31,4,4.805,19.22
BGI3,22/01/25,78,SI011906,F,VS,FAN13,19383- MILK 2%,19383,SEMI SKIMMED MILK - PINT,STO,EA,31,2,4.805,9.61
BGI3,22/01/25,78,SI011906,F,VS,FAN14,19385-LEMON HALVES,19385,LEMON WEDGES,FOO,EA,31,2,5.125,10.25
BGI3,22/01/25,78,SI011906,F,VS,FAN21,19379-WET ICE[6LB BAG],19379,WET ICE,WET,EA,31,4,2.942,11.77
BGI3,22/01/25,78,SI011906,F,VS,FAN23,LO7607-CUCUMBER SLICES,LO7607,CUCUMBER SLICES,FOO,EA,31,1,7.686,7.69
BGI3,22/01/25,78,SI011906,F,VS,FAN30,7041- LIME WEDGES,7041,LIME WEDGES,FOO,EA,31,2,4.78,9.56
BGI3,22/01/25,78,SI011906,F,VS,FAN33,23212 - BULK EQUIPMENT,23212,BULK EQUIPMENT,EQU,EA,31,31,1.779,55.15
BGI3,22/01/25,78,SI011906,F,VS,FBD91,LO7757 -WHOLE WHEAT - FLAXSEED,LO7757,WHOLE WHEAT - FLAXSEED KNOT ROLL,FOO,EA,31,16,2.446,39.14
BGI3,22/01/25,78,SI011906,F,VS,FBD92,LO7758 -BLACK OLIVE - GAR ROLL,LO7758,BLACK OLIVE AND GARLIC ROLL,FOO,EA,31,16,2.516,40.26
BGI3,22/01/25,78,SI011906,F,VS,FBD93,LO7759 -CHEDDAR - ONION ROLL,LO7759,CHEDDAR CHEESE AND ONION ROLL,FOO,EA,31,15,2.446,36.69
BGI3,22/01/25,78,SI011906,F,VS,FBT14,LO7770- FRUIT PLATE,LO7770,FRUIT PLATE,FOO,EA,31,16,6.598,105.57
BGI3,22/01/25,78,SI011906,F,VS,FBT16,LO7126 - PLAIN GREEK YOGH FULL,LO7126,PLAIN GREEK YOGHURT - 907 GRAMS,STO,EA,31,1,13.612,13.61
BGI3,22/01/25,78,SI011906,F,VS,FBT17,LO7127- GRANOLA FULL,LO7127,GRANOLA WHOLE GRAIN - 360 GRAMS,STO,EA,31,1,16.562,16.56
BGI3,22/01/25,78,SI011906,F,VS,FBT18,LO7771 - BANANA MUFFIN,LO7771,BANANA MUFFIN,FOO,EA,31,16,3.272,52.35
BGI3,22/01/25,78,SI011906,F,VS,FCE155,LO7764 -HERB CHIX W POT GRATIN,LO7764,HERBED CHIX POTATO GRATIN CORN AND PEPPER,FOO,EA,31,10,12.582,125.82
BGI3,22/01/25,78,SI011906,F,VS,FCE156,LO7765 - MAHI MAHI W WILD RICE,LO7765,SPICED MAHI TURMERIC WILD RICE COCONUT CURRY,FOO,EA,31,6,14.292,85.75
BGI3,22/01/25,78,SI011906,F,VS,FCE157,LO7766 - VEG LASAGNA,LO7766,VEGETABLE LASGNA DUO SCALES,FOO,EA,31,4,12.42,49.68
BGI3,22/01/25,78,SI011906,F,VS,FCF16,LO5500- PICK YOUR OWN,LO5500,CARIBBEAN FRUIT WHOLE [ASSORTED],FOO,EA,31,1,26.288,26.29
BGI3,22/01/25,78,SI011906,F,VS,FCS153,LO8803 - JERK PORK SATAYS,LO8803,,,EA,31,16,6.072,97.15
BGI3,22/01/25,78,SI011906,F,VS,FCS154,LO8804 - PUMKIN HUMMUS,LO8804,,,EA,31,18,5.176,93.17
BGI3,22/01/25,78,SI011906,F,VS,FDD106,LO7762 -SAVOURY CHEESE PLATE,LO7762,STILTON CHEEDAR GOAT GRAPE CHUTNEY,FOO,EA,31,19,7.53,143.07
BGI3,22/01/25,78,SI011906,F,VS,FDD108,LO8805 - DOUBLE CHOC CHE CAKE,LO8805,,,EA,31,12,5.38,64.56
BGI3,22/01/25,78,SI011906,F,VS,FDD109,LO8806 - CARAMEL - PUMKIN BREA,LO8806,,,EA,31,16,4.83,77.28
BGI3,22/01/25,78,SI011906,F,VS,FDT007,LO4801- BUTTER,LO4801,BUTTER [PIPED] BULK LOAED,FOO,EA,31,31,1.042,32.3
BGI3,22/01/25,78,SI011906,F,VS,FHB69,LO4240-BACON BAP,LO4240,BACON BAP,FOO,EA,31,6,5.18,31.08
BGI3,22/01/25,78,SI011906,F,VS,FHB83,LO7767 -SCRAM EGG BB SAUS,LO7767,SCRAMBLE EGGS BACK BACON SAUSAGE BAKED BEANS,FOO,EA,31,16,9.72,155.52
BGI3,22/01/25,78,SI011906,F,VS,FHB84,LO7768 - PEPP - CHEE OMELETTE,LO7768,PEPPER AND CHEESE OMELETTE SPINACH SWEET POTATO,FOO,EA,31,6,7.85,47.1
BGI3,22/01/25,78,SI011906,F,VS,FHB85,LO7769 - CHOCO CHIP PANCAKE,LO7769,CHOCOLATE CHIP PANCAKESPICED PINEAPPLE AND BERRY C,FOO,EA,31,9,6.31,56.79
BGI3,22/01/25,78,SI011906,F,VS,FPAX04,23234-PER PASSENGER CHARGE,23234,OVERHEAD - J PAX OVERHEAD - PER PAX,SER,EA,31,31,36.774,1139.99
BGI3,22/01/25,78,SI011906,J,VS,1JGF01,SP124628 - GFML [J/C],SP124628,GFML,FOO,EA,48,1,22.504,22.5
BGI3,22/01/25,78,SI011906,J,VS,1JNL01,SP124634 - NLML [J/C],SP124634,NLML,FOO,EA,48,1,22.504,22.5
BGI3,22/01/25,78,SI011906,J,VS,1PWAM2,SP170105 - WAM2,SP170105,WAML,FOO,EA,48,9,8.69,78.21
BGI3,22/01/25,78,SI011906,J,VS,1PWBM2,SP170106 - WBM2,SP170106,WBML,FOO,EA,48,5,11.298,56.49
BGI3,22/01/25,78,SI011906,J,VS,1PWCM2,SP170107 - WCM2,SP170107,WCML,FOO,EA,48,1,7.248,7.25
BGI3,22/01/25,78,SI011906,J,VS,JBE41, PORK SAUG,LO7775,SCRAMBLE EGG PORK SAUSAGE BACK BACON BAKED BEANS,FOO,EA,48,23,6.378,146.69
BGI3,22/01/25,78,SI011906,J,VS,JBE42,LO7776 -EGG - VEG FRITATTA,LO7776,EGG - VEGETABLE FRITATTA SWEET POTATO BLISTERED CH,FOO,EA,48,9,7.518,67.66
BGI3,22/01/25,78,SI011906,J,VS,JBE43,LO7777 -CHOC CHIP PANCAKES,LO7777,CHOCOLATE CHIP PANCAKE CARMALIZED PINEAPPLE AND BE,FOO,EA,48,14,5.378,75.29
BGI3,22/01/25,78,SI011906,J,VS,JCE119,LO7772 -CREOLE CHIX W GAR ORZO,LO7772,SEARED CHIX CREOLE SAUCE GARLIZ ORZO,FOO,EA,48,21,8.69,182.49
BGI3,22/01/25,78,SI011906,J,VS,JCE121,LO7773 -MAHI MAHI W MAS POT,LO7773,SEARED MAHI GARLIC MASH BLISTETED TOMATO,FOO,EA,48,9,11.298,101.68
BGI3,22/01/25,78,SI011906,J,VS,JCE122,LO7774-WILD RICE COCO CURRY,LO7774,WILD RICE COCONUT CURRY SAUCE FRIED PLANTAIN,FOO,EA,48,6,7.248,43.49
BGI3,22/01/25,78,SI011906,J,VS,JDT33,LO2622- TRAY SET MM,LO2622,TRAY SET UP,SER,EA,48,46,16.138,742.35
BGI3,22/01/25,78,SI011906,J,VS,JPAX02,23237-PER PASSENGER CHARGE,23237,OVERHEAD - W PAX OVERHEAD - PER PAX,SER,EA,48,48,16.939,813.07
BGI3,22/01/25,78,SI011906,Y,VS,1YGF01,SP124706 - GFML [Y/C],SP124706,GFML,FOO,EA,101,2,22.504,45.01
BGI3,22/01/25,78,SI011906,Y,VS,1YNL01,SP124712 - NLML [Y/C],SP124712,NLML,FOO,EA,101,2,22.504,45.01
BGI3,22/01/25,78,SI011906,Y,VS,1YSP03,SP124701 - JAIN [Y/C],SP124701,VJML,FOO,EA,101,2,16.278,32.56
BGI3,22/01/25,78,SI011906,Y,VS,3YDS01,3354- ORANGE JUICE-1LT,3354,BEVERAGES - ORANGE JUICE - 1 LT,STO,EA,101,29,2.124,61.6
BGI3,22/01/25,78,SI011906,Y,VS,3YDS02,3335-TOMATO JUICE 1LT,3335,BEVERAGES - TOMATO JUICE - 1 LT,STO,EA,101,1,4.057,4.06
BGI3,22/01/25,78,SI011906,Y,VS,3YDS03,3376-CRANBERRY JUICE,3376,BEVERAGES - CRANBERRY JUICE - 1 LT,STO,EA,101,2,5.101,10.2
BGI3,22/01/25,78,SI011906,Y,VS,3YDS04,3353-APPLE JUICE 1LTR,3353,BEVERAGES - APPLE JUICE - 1 LT,STO,EA,101,17,2.124,36.11
BGI3,22/01/25,78,SI011906,Y,VS,3YDS06,3476-MINERAL WATER 1.5LT,3476,BEVERAGES - MINERAL WATER STILL - 1 LT,STO,EA,101,48,2.36,113.28
BGI3,22/01/25,78,SI011906,Y,VS,3YDS07,33169-SPARKLING WATER 1LT,33169,BEVERAGES - MINERAL WATER SPARK - 1 LT,STO,EA,101,14,3.274,45.84
BGI3,22/01/25,78,SI011906,Y,VS,3YDS11,213774-PLASTIC BAG,213774,EQUIPMENT - BAG- PLASTIC BAG,EQU,EA,101,1,0.368,0.37
BGI3,22/01/25,78,SI011906,Y,VS,3YS022,ORANGE LINEN BAG,151383,LAUNDRY - BAG LINEN ORANGE 2014,LAU,EA,101,1,1.969,1.97
BGI3,22/01/25,78,SI011906,Y,VS,3YS023,LINEN TABLECLOTH,3526,LAUNDRY - TABLE CLOTH/RUNNER 2014,LAU,EA,101,33,0.652,21.52
BGI3,22/01/25,78,SI011906,Y,VS,3YS024,LINEN NAPKINS,3527,LAUNDRY - LINEN FOLDED NAPKIN 2014,LAU,EA,101,31,0.522,16.18
BGI3,22/01/25,78,SI011906,Y,VS,3YS032,145995-EQUIP PK - STORES 300,145995,PACKING - FLIGHT PACKING - A330-300,SER,EA,101,1,167.95,167.95
BGI3,22/01/25,78,SI011906,Y,VS,3YS035,145991-TRANS.- HANDLING 33J,145991,TURNAROUND - STRIP - LOAD - A330-300 - 3 FLIGHTS,SER,EA,101,1,483.897,483.9
BGI3,22/01/25,78,SI011906,Y,VS,3YS036,145994- WASH UP A330-300,145994,WASH UP - WASH UP - A330-900,SER,EA,101,1,404.383,404.38
BGI3,22/01/25,78,SI011906,Y,VS,3YS038,17.5% VAT ON LAUNDRY CHRG 33J,51069SALE,SALES TAX - LAUNDRY,VAT,EA,101,1,10.961,10.96
BGI3,22/01/25,78,SI011906,Y,VS,3YS063,25137-CUTLERY WRAP 1ST SERV 33,25137,PACKING - CUTLERY WRAPPING FIRST SERVICE - A330-30,SER,EA,101,1,8.435,8.44
BGI3,22/01/25,78,SI011906,Y,VS,3YS064,33819-CUTLERY WRAP 2ND SERV 33,33819,PACKING - CUTLERY WRAPPING SECOND SERVICE - A330-3,SER,EA,101,1,8.435,8.44
BGI3,22/01/25,78,SI011906,Y,VS,3YS071,32673-CULT WASH-PL 1SER 300,32673,PACKING - CUTLERY WASHUP - POLISHING FIRST SERVICE,SER,EA,101,1,27.272,27.27
BGI3,22/01/25,78,SI011906,Y,VS,3YS072,33141-CULT WASH-PL 2SER 300,33141,PACKING - CUTLERY WASHUP - POLISHING SECOND SERVIC,SER,EA,101,1,18.363,18.36
BGI3,22/01/25,78,SI011906,Y,VS,3YS095,25127- CUTL WSH-POL A330,25127,PACKING - CUTLERY WASHUP - POLISHING - A330-300,SER,EA,101,1,54.402,54.4
BGI3,22/01/25,78,SI011906,Y,VS,FAN17,19382-MILK 100% [Y],19382,FULL FAT MILK - PINT,STO,EA,101,2,4.805,9.61
BGI3,22/01/25,78,SI011906,Y,VS,FAN18,19384- MILK 2% [Y],19384,SEMI SKIMMED MILK - PINT,STO,EA,101,4,4.805,19.22
BGI3,22/01/25,78,SI011906,Y,VS,FAN19,7042-LEMON HALVES [Y],7042,LIME WEDGES,FOO,EA,101,5,5.125,25.63
BGI3,22/01/25,78,SI011906,Y,VS,FAN20,19380- WET ICE [6LB BAG] [Y],19380,WET ICE,WET,EA,101,5,2.942,14.71
BGI3,22/01/25,78,SI011906,Y,VS,YBE11,174148-BREAKFAST BOX,174148,,,EA,101,95,8.412,799.14
BGI3,22/01/25,78,SI011906,Y,VS,YBE24,LO6953-OTIS SPUNKMEYER MUFFIN,LO6953,OTIS SPUNKMEYER MUFFIN,FOO,EA,101,95,1.872,177.84
BGI3,22/01/25,78,SI011906,Y,VS,YDE116,LO7778 - RO CHIX W PEPPERCORN,LO7778,ROASTED CHIX PEPPER SAU MASHED POTATO VEG,FOO,EA,101,67,8.748,586.12
BGI3,22/01/25,78,SI011906,Y,VS,YDE117,LO7779 - MAC PIE W TOM SAUCE,LO7779,MACARONI PIE TOMATO ROSE CREAMY SAUCE,FOO,EA,101,28,5.378,150.58
BGI3,22/01/25,78,SI011906,Y,VS,YDT30,LO2623 - MAIN MEAL TRAY SET UP,LO2623,TRAY SET UP,SER,EA,101,95,8.72,828.4
BGI3,22/01/25,78,SI011906,Y,VS,YPAX03,23240- PER PASSENGER CHARGE[Y],23240,OVERHEAD - Y PAX OVERHEAD - PER PAX,SER,EA,101,95,13.856,1316.32
BGI3,22/01/25,78,SI011906,YC,VS,2CE069, COCO CURRY,LO8708,WILD RICE COCONUT CURRY SAUCE VEG,FOO,EA,12,3,6.438,19.31
BGI3,22/01/25,78,SI011906,YC,VS,2CE070,LO8709 - GARLIC MASH CHIX THIG,LO8709,GARLIC MASH SEARED CHIX GREEN PEPPERCORN SAUCE,FOO,EA,12,3,10.838,32.51
BGI3,22/01/25,78,SI011906,YC,VS,2CE071,LO8710 - MAHI W GARL ORZO PAS,LO8710,SEARED MAHI ORZO PASTA CREOLE SAUCE VEG,FOO,EA,12,2,12.378,24.76
BGI3,22/01/25,78,SI011906,YC,VS,2CE072,LO8711 - PORKLOIN W PO GRATIN,LO8711,SEARED PORK POTATO GRATIN VEG,FOO,EA,12,2,13.84,27.68
BGI3,22/01/25,78,SI011906,YC,VS,2CE073,LO8712 - CHEESE RAVIOLI,LO8712,CHEESE RAVIOLI,FOO,EA,12,2,8.718,17.44
BGI3,22/01/25,78,SI011906,YC,VS,2CFF11,LO4110-WHOLE FRUIT 1,LO4110,SEASONAL WHOLE FRUIT OPTION 1,FOO,EA,12,6,4.622,27.73
BGI3,22/01/25,78,SI011906,YC,VS,2CFF12,LO4111-WHOLE FRUIT 2,LO4111,SEASONAL WHOLE FRUIT OPT 2,FOO,EA,12,6,4.622,27.73
BGI3,22/01/25,78,SI011906,YC,VS,2CFS44,LO5113- EGG SALAD SANDWICH,LO5113,EGG SALAD SANDWICH,FOO,EA,12,3,5.374,16.12
BGI3,22/01/25,78,SI011906,YC,VS,2CFS45,LO5115- TUNASALAD SANDWICH,LO5115,TUNA SALAD SANDWICH,FOO,EA,12,2,6.734,13.47
BGI3,22/01/25,78,SI011906,YC,VS,2CFS49,LO5119- BAP - STREAKY BACON,LO5119,SCOTTISH BAP WITH BACON,FOO,EA,12,4,4.866,19.46
BGI3,22/01/25,78,SI011906,YC,VS,2CFS52,LO5368- PLAIN BAGEL -PC CR CH,LO5368,PLAIN BAGEL WITH PC CREAM CHEESE,FOO,EA,12,4,4.086,16.34
BGI3,22/01/25,78,SI011906,YC,VS,2CFS77,LO8713 - HAM SANDWICH,LO8713,HAM SANDWICH,FOO,EA,12,3,7.734,23.2
BGI3,22/01/25,78,SI011906,YC,VS,2CFS78,LO8714 - CHEESE TOMATO WRAP,LO8714,CHEESE TOMATO CUCUMBER WRAP,FOO,EA,12,2,6.694,13.39
BGI3,22/01/25,78,SI011906,YC,VS,2CFS79,LO8715 - CHICKEN CHEESE BAGEL,LO8715,CHICKEN AND CHEESE BAGEL,FOO,EA,12,2,5.014,10.03
BGI3,22/01/25,78,SI011906,YC,VS,2CFS80,LO8716 - TURKEY SANDWICH,LO8716,TURKEY SANDWICH,FOO,EA,12,4,7.896,31.58
BGI3,22/01/25,78,SI011906,YC,VS,2CFS81, CHUTNE,LO8718,TILLAMOOK CHEESE CARR TROPICAL CHUTNEY,FOO,EA,12,6,6.788,40.73
BGI3,22/01/25,78,SI011906,YC,VS,2CFS82,LO8717 - PROTEIN POT W OLIVES,LO8717,PUMPKIN HUMMUS C CHEESE BLACK OLIVES PITTA BREAD T,FOO,EA,12,6,6.904,41.42
BGI3,22/01/25,78,SI011906,YC,VS,CPAX02,28728- C CREW SVC CHARGE,28728,OVERHEAD - CC OVERHEAD - PER PAX,SER,EA,12,12,25.48,305.76
BGI3,22/01/25,132,SI011905,F,VS,1POAM2,SP170097 - OAML,SP170097,OAML,FOO,EA,44,5,12.582,62.91
BGI3,22/01/25,132,SI011905,F,VS,1POBM2,SP170098 - OBML,SP170098,OBML,FOO,EA,44,1,14.292,14.29
BGI3,22/01/25,132,SI011905,F,VS,1POSML,SP170101 - OSML,SP170101,OSML,FOO,EA,44,1,10.91,10.91
BGI3,22/01/25,132,SI011905,F,VS,1POTML,SP170102 - OTML,SP170102,OTML,FOO,EA,44,1,9.48,9.48
BGI3,22/01/25,132,SI011905,F,VS,1POUML,SP173624 - OUML,SP173624,OUML,FOO,EA,44,3,12.36,37.08
BGI3,22/01/25,132,SI011905,F,VS,1POVML,SP173625 - OVML,SP173625,OVML,FOO,EA,44,1,10.63,10.63
BGI3,22/01/25,132,SI011905,F,VS,FAN12,19381- MILK 100%,19381,FULL FAT MILK - PINT,STO,EA,44,5,4.805,24.03
BGI3,22/01/25,132,SI011905,F,VS,FAN13,19383- MILK 2%,19383,SEMI SKIMMED MILK - PINT,STO,EA,44,2,4.805,9.61
BGI3,22/01/25,132,SI011905,F,VS,FAN14,19385-LEMON HALVES,19385,LEMON WEDGES,FOO,EA,44,3,5.125,15.38
BGI3,22/01/25,132,SI011905,F,VS,FAN21,19379-WET ICE[6LB BAG],19379,WET ICE,WET,EA,44,6,2.942,17.65
BGI3,22/01/25,132,SI011905,F,VS,FAN23,LO7607-CUCUMBER SLICES,LO7607,CUCUMBER SLICES,FOO,EA,44,1,7.686,7.69
BGI3,22/01/25,132,SI011905,F,VS,FAN30,7041- LIME WEDGES,7041,LIME WEDGES,FOO,EA,44,2,4.78,9.56
BGI3,22/01/25,132,SI011905,F,VS,FAN33,23212 - BULK EQUIPMENT,23212,BULK EQUIPMENT,EQU,EA,44,44,1.779,78.28
BGI3,22/01/25,132,SI011905,F,VS,FBD91,LO7757 -WHOLE WHEAT - FLAXSEED,LO7757,WHOLE WHEAT - FLAXSEED KNOT ROLL,FOO,EA,44,22,2.446,53.81
BGI3,22/01/25,132,SI011905,F,VS,FBD92,LO7758 -BLACK OLIVE - GAR ROLL,LO7758,BLACK OLIVE AND GARLIC ROLL,FOO,EA,44,22,2.516,55.35
BGI3,22/01/25,132,SI011905,F,VS,FBD93,LO7759 -CHEDDAR - ONION ROLL,LO7759,CHEDDAR CHEESE AND ONION ROLL,FOO,EA,44,22,2.446,53.81
BGI3,22/01/25,132,SI011905,F,VS,FBT14,LO7770- FRUIT PLATE,LO7770,FRUIT PLATE,FOO,EA,44,22,6.598,145.16
BGI3,22/01/25,132,SI011905,F,VS,FBT16,LO7126 - PLAIN GREEK YOGH FULL,LO7126,PLAIN GREEK YOGHURT - 907 GRAMS,STO,EA,44,1,13.612,13.61
BGI3,22/01/25,132,SI011905,F,VS,FBT17,LO7127- GRANOLA FULL,LO7127,GRANOLA WHOLE GRAIN - 360 GRAMS,STO,EA,44,1,16.562,16.56
BGI3,22/01/25,132,SI011905,F,VS,FBT18,LO7771 - BANANA MUFFIN,LO7771,BANANA MUFFIN,FOO,EA,44,22,3.272,71.98
BGI3,22/01/25,132,SI011905,F,VS,FCE155,LO7764 -HERB CHIX W POT GRATIN,LO7764,HERBED CHIX POTATO GRATIN CORN AND PEPPER,FOO,EA,44,16,12.582,201.31
BGI3,22/01/25,132,SI011905,F,VS,FCE156,LO7765 - MAHI MAHI W WILD RICE,LO7765,SPICED MAHI TURMERIC WILD RICE COCONUT CURRY,FOO,EA,44,10,14.292,142.92
BGI3,22/01/25,132,SI011905,F,VS,FCE157,LO7766 - VEG LASAGNA,LO7766,VEGETABLE LASGNA DUO SCALES,FOO,EA,44,6,12.42,74.52
BGI3,22/01/25,132,SI011905,F,VS,FCF16,LO5500- PICK YOUR OWN,LO5500,CARIBBEAN FRUIT WHOLE [ASSORTED],FOO,EA,44,1,26.288,26.29
BGI3,22/01/25,132,SI011905,F,VS,FCS153,LO8803 - JERK PORK SATAYS,LO8803,,,EA,44,22,6.072,133.58
BGI3,22/01/25,132,SI011905,F,VS,FCS154,LO8804 - PUMKIN HUMMUS,LO8804,,,EA,44,26,5.176,134.58
BGI3,22/01/25,132,SI011905,F,VS,FDD106,LO7762 -SAVOURY CHEESE PLATE,LO7762,STILTON CHEEDAR GOAT GRAPE CHUTNEY,FOO,EA,44,26,7.53,195.78
BGI3,22/01/25,132,SI011905,F,VS,FDD108,LO8805 - DOUBLE CHOC CHE CAKE,LO8805,,,EA,44,18,5.38,96.84
BGI3,22/01/25,132,SI011905,F,VS,FDD109,LO8806 - CARAMEL - PUMKIN BREA,LO8806,,,EA,44,22,4.83,106.26
BGI3,22/01/25,132,SI011905,F,VS,FDT007,LO4801- BUTTER,LO4801,BUTTER [PIPED] BULK LOAED,FOO,EA,44,44,1.042,45.85
BGI3,22/01/25,132,SI011905,F,VS,FHB69,LO4240-BACON BAP,LO4240,BACON BAP,FOO,EA,44,15,5.18,77.7
BGI3,22/01/25,132,SI011905,F,VS,FHB83,LO7767 -SCRAM EGG BB SAUS,LO7767,SCRAMBLE EGGS BACK BACON SAUSAGE BAKED BEANS,FOO,EA,44,22,9.72,213.84
BGI3,22/01/25,132,SI011905,F,VS,FHB84,LO7768 - PEPP - CHEE OMELETTE,LO7768,PEPPER AND CHEESE OMELETTE SPINACH SWEET POTATO,FOO,EA,44,7,7.85,54.95
BGI3,22/01/25,132,SI011905,F,VS,FHB85,LO7769 - CHOCO CHIP PANCAKE,LO7769,CHOCOLATE CHIP PANCAKESPICED PINEAPPLE AND BERRY C,FOO,EA,44,9,6.31,56.79
BGI3,22/01/25,132,SI011905,F,VS,FPAX04,23234-PER PASSENGER CHARGE,23234,OVERHEAD - J PAX OVERHEAD - PER PAX,SER,EA,44,44,36.774,1618.06
BGI3,22/01/25,132,SI011905,J,VS,1PWAM2,SP170105 - WAM2,SP170105,WAML,FOO,EA,56,12,8.69,104.28
BGI3,22/01/25,132,SI011905,J,VS,1PWBM2,SP170106 - WBM2,SP170106,WBML,FOO,EA,56,8,11.298,90.38
BGI3,22/01/25,132,SI011905,J,VS,1PWCM2,SP170107 - WCM2,SP170107,WCML,FOO,EA,56,1,7.248,7.25
BGI3,22/01/25,132,SI011905,J,VS,JBE41, PORK SAUG,LO7775,SCRAMBLE EGG PORK SAUSAGE BACK BACON BAKED BEANS,FOO,EA,56,28,6.378,178.58
BGI3,22/01/25,132,SI011905,J,VS,JBE42,LO7776 -EGG - VEG FRITATTA,LO7776,EGG - VEGETABLE FRITATTA SWEET POTATO BLISTERED CH,FOO,EA,56,11,7.518,82.7
BGI3,22/01/25,132,SI011905,J,VS,JBE43,LO7777 -CHOC CHIP PANCAKES,LO7777,CHOCOLATE CHIP PANCAKE CARMALIZED PINEAPPLE AND BE,FOO,EA,56,17,5.378,91.43
BGI3,22/01/25,132,SI011905,J,VS,JCE119,LO7772 -CREOLE CHIX W GAR ORZO,LO7772,SEARED CHIX CREOLE SAUCE GARLIZ ORZO,FOO,EA,56,23,8.69,199.87
BGI3,22/01/25,132,SI011905,J,VS,JCE121,LO7773 -MAHI MAHI W MAS POT,LO7773,SEARED MAHI GARLIC MASH BLISTETED TOMATO,FOO,EA,56,11,11.298,124.28
BGI3,22/01/25,132,SI011905,J,VS,JCE122,LO7774-WILD RICE COCO CURRY,LO7774,WILD RICE COCONUT CURRY SAUCE FRIED PLANTAIN,FOO,EA,56,6,7.248,43.49
BGI3,22/01/25,132,SI011905,J,VS,JDT33,LO2622- TRAY SET MM,LO2622,TRAY SET UP,SER,EA,56,56,16.138,903.73
BGI3,22/01/25,132,SI011905,J,VS,JPAX02,23237-PER PASSENGER CHARGE,23237,OVERHEAD - W PAX OVERHEAD - PER PAX,SER,EA,56,55,16.939,931.65
BGI3,22/01/25,132,SI011905,Y,VS,1YAV01,SP124700- AVML [Y/C],SP124700,AVML,FOO,EA,195,2,15.115,30.23
BGI3,22/01/25,132,SI011905,Y,VS,1YCH04,SP124709- CHML [Y/C],SP124709,CHML,FOO,EA,195,3,14.622,43.87
BGI3,22/01/25,132,SI011905,Y,VS,1YFP01,SP124713 - FPML [Y/C],SP124713,FPML,FOO,EA,195,1,18.156,18.16
BGI3,22/01/25,132,SI011905,Y,VS,1YGF01,SP124706 - GFML [Y/C],SP124706,GFML,FOO,EA,195,1,22.504,22.5
BGI3,22/01/25,132,SI011905,Y,VS,1YHN01,SP124703 - HNML [Y/C],SP124703,HNML,FOO,EA,195,1,17.178,17.18
BGI3,22/01/25,132,SI011905,Y,VS,1YMO01,SP124702 - MOML [Y/C],SP124702,MOML,FOO,EA,195,2,12.154,24.31
BGI3,22/01/25,132,SI011905,Y,VS,1YNL01,SP124712 - NLML [Y/C],SP124712,NLML,FOO,EA,195,2,22.504,45.01
BGI3,22/01/25,132,SI011905,Y,VS,1YVL01,SP124698- VLML [Y/C],SP124698,VLML,FOO,EA,195,1,12.154,12.15
BGI3,22/01/25,132,SI011905,Y,VS,3YDS01,3354- ORANGE JUICE-1LT,3354,BEVERAGES - ORANGE JUICE - 1 LT,STO,EA,195,18,2.124,38.23
BGI3,22/01/25,132,SI011905,Y,VS,3YDS04,3353-APPLE JUICE 1LTR,3353,BEVERAGES - APPLE JUICE - 1 LT,STO,EA,195,15,2.124,31.86
BGI3,22/01/25,132,SI011905,Y,VS,3YDS06,3476-MINERAL WATER 1.5LT,3476,BEVERAGES - MINERAL WATER STILL - 1 LT,STO,EA,195,85,2.36,200.6
BGI3,22/01/25,132,SI011905,Y,VS,3YDS07,33169-SPARKLING WATER 1LT,33169,BEVERAGES - MINERAL WATER SPARK - 1 LT,STO,EA,195,8,3.274,26.19
BGI3,22/01/25,132,SI011905,Y,VS,3YDS11,213774-PLASTIC BAG,213774,EQUIPMENT - BAG- PLASTIC BAG,EQU,EA,195,1,0.368,0.37
BGI3,22/01/25,132,SI011905,Y,VS,3YS022,ORANGE LINEN BAG,151383,LAUNDRY - BAG LINEN ORANGE 2014,LAU,EA,195,1,1.969,1.97
BGI3,22/01/25,132,SI011905,Y,VS,3YS023,LINEN TABLECLOTH,3526,LAUNDRY - TABLE CLOTH/RUNNER 2014,LAU,EA,195,1,0.652,0.65
BGI3,22/01/25,132,SI011905,Y,VS,3YS024,LINEN NAPKINS,3527,LAUNDRY - LINEN FOLDED NAPKIN 2014,LAU,EA,195,44,0.522,22.97
BGI3,22/01/25,132,SI011905,Y,VS,3YS032,145995-EQUIP PK - STORES 300,145995,PACKING - FLIGHT PACKING - A330-300,SER,EA,195,1,167.95,167.95
BGI3,22/01/25,132,SI011905,Y,VS,3YS035,145991-TRANS.- HANDLING 33J,145991,TURNAROUND - STRIP - LOAD - A330-300 - 3 FLIGHTS,SER,EA,195,1,483.897,483.9
BGI3,22/01/25,132,SI011905,Y,VS,3YS036,145994- WASH UP A330-300,145994,WASH UP - WASH UP - A330-900,SER,EA,195,1,404.383,404.38
BGI3,22/01/25,132,SI011905,Y,VS,3YS038,17.5% VAT ON LAUNDRY CHRG 33J,51069SALE,SALES TAX - LAUNDRY,VAT,EA,195,1,10.961,10.96
BGI3,22/01/25,132,SI011905,Y,VS,3YS063,25137-CUTLERY WRAP 1ST SERV 33,25137,PACKING - CUTLERY WRAPPING FIRST SERVICE - A330-30,SER,EA,195,1,8.435,8.44
BGI3,22/01/25,132,SI011905,Y,VS,3YS064,33819-CUTLERY WRAP 2ND SERV 33,33819,PACKING - CUTLERY WRAPPING SECOND SERVICE - A330-3,SER,EA,195,1,8.435,8.44
BGI3,22/01/25,132,SI011905,Y,VS,3YS071,32673-CULT WASH-PL 1SER 300,32673,PACKING - CUTLERY WASHUP - POLISHING FIRST SERVICE,SER,EA,195,1,27.272,27.27
BGI3,22/01/25,132,SI011905,Y,VS,3YS072,33141-CULT WASH-PL 2SER 300,33141,PACKING - CUTLERY WASHUP - POLISHING SECOND SERVIC,SER,EA,195,1,18.363,18.36
BGI3,22/01/25,132,SI011905,Y,VS,3YS095,25127- CUTL WSH-POL A330,25127,PACKING - CUTLERY WASHUP - POLISHING - A330-300,SER,EA,195,1,54.402,54.4
BGI3,22/01/25,132,SI011905,Y,VS,FAN17,19382-MILK 100% [Y],19382,FULL FAT MILK - PINT,STO,EA,195,2,4.805,9.61
BGI3,22/01/25,132,SI011905,Y,VS,FAN18,19384- MILK 2% [Y],19384,SEMI SKIMMED MILK - PINT,STO,EA,195,4,4.805,19.22
BGI3,22/01/25,132,SI011905,Y,VS,FAN19,7042-LEMON HALVES [Y],7042,LIME WEDGES,FOO,EA,195,8,5.125,41
BGI3,22/01/25,132,SI011905,Y,VS,FAN20,19380- WET ICE [6LB BAG] [Y],19380,WET ICE,WET,EA,195,8,2.942,23.54
BGI3,22/01/25,132,SI011905,Y,VS,YBE11,174148-BREAKFAST BOX,174148,,,EA,195,182,8.412,1530.98
BGI3,22/01/25,132,SI011905,Y,VS,YBE24,LO6953-OTIS SPUNKMEYER MUFFIN,LO6953,OTIS SPUNKMEYER MUFFIN,FOO,EA,195,182,1.872,340.7
BGI3,22/01/25,132,SI011905,Y,VS,YDE116,LO7778 - RO CHIX W PEPPERCORN,LO7778,ROASTED CHIX PEPPER SAU MASHED POTATO VEG,FOO,EA,195,127,8.748,1111
BGI3,22/01/25,132,SI011905,Y,VS,YDE117,LO7779 - MAC PIE W TOM SAUCE,LO7779,MACARONI PIE TOMATO ROSE CREAMY SAUCE,FOO,EA,195,55,5.378,295.79
BGI3,22/01/25,132,SI011905,Y,VS,YDT30,LO2623 - MAIN MEAL TRAY SET UP,LO2623,TRAY SET UP,SER,EA,195,182,8.72,1587.04
BGI3,22/01/25,132,SI011905,Y,VS,YPAX03,23240- PER PASSENGER CHARGE[Y],23240,OVERHEAD - Y PAX OVERHEAD - PER PAX,SER,EA,195,181,13.856,2507.94
BGI3,22/01/25,132,SI011905,YC,VS,2CE069, COCO CURRY,LO8708,WILD RICE COCONUT CURRY SAUCE VEG,FOO,EA,12,3,6.438,19.31
BGI3,22/01/25,132,SI011905,YC,VS,2CE070,LO8709 - GARLIC MASH CHIX THIG,LO8709,GARLIC MASH SEARED CHIX GREEN PEPPERCORN SAUCE,FOO,EA,12,3,10.838,32.51
BGI3,22/01/25,132,SI011905,YC,VS,2CE071,LO8710 - MAHI W GARL ORZO PAS,LO8710,SEARED MAHI ORZO PASTA CREOLE SAUCE VEG,FOO,EA,12,2,12.378,24.76
BGI3,22/01/25,132,SI011905,YC,VS,2CE072,LO8711 - PORKLOIN W PO GRATIN,LO8711,SEARED PORK POTATO GRATIN VEG,FOO,EA,12,2,13.84,27.68
BGI3,22/01/25,132,SI011905,YC,VS,2CE073,LO8712 - CHEESE RAVIOLI,LO8712,CHEESE RAVIOLI,FOO,EA,12,2,8.718,17.44
BGI3,22/01/25,132,SI011905,YC,VS,2CFF11,LO4110-WHOLE FRUIT 1,LO4110,SEASONAL WHOLE FRUIT OPTION 1,FOO,EA,12,6,4.622,27.73
BGI3,22/01/25,132,SI011905,YC,VS,2CFF12,LO4111-WHOLE FRUIT 2,LO4111,SEASONAL WHOLE FRUIT OPT 2,FOO,EA,12,6,4.622,27.73
BGI3,22/01/25,132,SI011905,YC,VS,2CFS44,LO5113- EGG SALAD SANDWICH,LO5113,EGG SALAD SANDWICH,FOO,EA,12,3,5.374,16.12
BGI3,22/01/25,132,SI011905,YC,VS,2CFS45,LO5115- TUNASALAD SANDWICH,LO5115,TUNA SALAD SANDWICH,FOO,EA,12,2,6.734,13.47
BGI3,22/01/25,132,SI011905,YC,VS,2CFS49,LO5119- BAP - STREAKY BACON,LO5119,SCOTTISH BAP WITH BACON,FOO,EA,12,4,4.866,19.46
BGI3,22/01/25,132,SI011905,YC,VS,2CFS52,LO5368- PLAIN BAGEL -PC CR CH,LO5368,PLAIN BAGEL WITH PC CREAM CHEESE,FOO,EA,12,4,4.086,16.34
BGI3,22/01/25,132,SI011905,YC,VS,2CFS77,LO8713 - HAM SANDWICH,LO8713,HAM SANDWICH,FOO,EA,12,3,7.734,23.2
BGI3,22/01/25,132,SI011905,YC,VS,2CFS78,LO8714 - CHEESE TOMATO WRAP,LO8714,CHEESE TOMATO CUCUMBER WRAP,FOO,EA,12,2,6.694,13.39
BGI3,22/01/25,132,SI011905,YC,VS,2CFS79,LO8715 - CHICKEN CHEESE BAGEL,LO8715,CHICKEN AND CHEESE BAGEL,FOO,EA,12,2,5.014,10.03
BGI3,22/01/25,132,SI011905,YC,VS,2CFS80,LO8716 - TURKEY SANDWICH,LO8716,TURKEY SANDWICH,FOO,EA,12,4,7.896,31.58
BGI3,22/01/25,132,SI011905,YC,VS,2CFS81, CHUTNE,LO8718,TILLAMOOK CHEESE CARR TROPICAL CHUTNEY,FOO,EA,12,6,6.788,40.73
BGI3,22/01/25,132,SI011905,YC,VS,2CFS82,LO8717 - PROTEIN POT W OLIVES,LO8717,PUMPKIN HUMMUS C CHEESE BLACK OLIVES PITTA BREAD T,FOO,EA,12,6,6.904,41.42
BGI3,22/01/25,132,SI011905,YC,VS,CPAX02,28728- C CREW SVC CHARGE,28728,OVERHEAD - CC OVERHEAD - PER PAX,SER,EA,12,12,25.48,305.76
BGI3,22/01/25,198A,SI011904,F,VS,FPAX06,F PAX CHG SHUTTLE,23234ISLAND,OVERHEAD - J INTERISLAND OVERHEAD - PER PAX,SER,EA,15,15,0.831,12.47
BGI3,22/01/25,198A,SI011904,F,VS,JSN04,LO7128 - ORIGINAL SHIRLEY,LO7128,ORIGINAL SHIRLEY BISCUIT,STO,EA,15,15,1.096,16.44
BGI3,22/01/25,198A,SI011904,J,VS,JPAX03,J PAX CHG SHUTTLE,23237ISLAND,OVERHEAD - W INTERISLAND OVERHEAD - PER PAX,SER,EA,25,25,0.831,20.78
BGI3,22/01/25,198A,SI011904,J,VS,JSN05,LO7135 - ORIGINAL SHIRLEY,LO7135,ORIGINAL SHIRLEY BISCUIT,STO,EA,25,25,1.096,27.4
BGI3,22/01/25,198A,SI011904,Y,VS,JSN06,LO7138 - ORIGINAL SHIRLEY,LO7138,ORIGINAL SHIRLEY BISCUIT,STO,EA,151,151,1.096,165.5
BGI3,22/01/25,198A,SI011904,Y,VS,YPAX04,Y PAX CHG SHUTTLE,23240ISLAND,OVERHEAD - Y INTERISLAND OVERHEAD - PER PAX,SER,EA,151,151,0.831,125.48
BGI3,22/01/25,198A,SI011904,YC,VS,FAN35,WATER 1.5LT,LO2664,INTERISLAND 1.5 LTR WATER,STO,EA,12,12,2.36,28.32
BGI3,23/01/25,78,SI011909,F,VS,1POAM2,SP170097 - OAML,SP170097,OAML,FOO,EA,31,9,12.582,113.24
BGI3,23/01/25,78,SI011909,F,VS,1POBM2,SP170098 - OBML,SP170098,OBML,FOO,EA,31,3,14.292,42.88
BGI3,23/01/25,78,SI011909,F,VS,1POSML,SP170101 - OSML,SP170101,OSML,FOO,EA,31,1,10.91,10.91
BGI3,23/01/25,78,SI011909,F,VS,1POTML,SP170102 - OTML,SP170102,OTML,FOO,EA,31,3,9.48,28.44
BGI3,23/01/25,78,SI011909,F,VS,FAN12,19381- MILK 100%,19381,FULL FAT MILK - PINT,STO,EA,31,4,4.805,19.22
BGI3,23/01/25,78,SI011909,F,VS,FAN13,19383- MILK 2%,19383,SEMI SKIMMED MILK - PINT,STO,EA,31,2,4.805,9.61
BGI3,23/01/25,78,SI011909,F,VS,FAN14,19385-LEMON HALVES,19385,LEMON WEDGES,FOO,EA,31,2,5.125,10.25
BGI3,23/01/25,78,SI011909,F,VS,FAN21,19379-WET ICE[6LB BAG],19379,WET ICE,WET,EA,31,4,2.942,11.77
BGI3,23/01/25,78,SI011909,F,VS,FAN23,LO7607-CUCUMBER SLICES,LO7607,CUCUMBER SLICES,FOO,EA,31,1,7.686,7.69
BGI3,23/01/25,78,SI011909,F,VS,FAN30,7041- LIME WEDGES,7041,LIME WEDGES,FOO,EA,31,2,4.78,9.56
BGI3,23/01/25,78,SI011909,F,VS,FAN33,23212 - BULK EQUIPMENT,23212,BULK EQUIPMENT,EQU,EA,31,30,1.779,53.37
BGI3,23/01/25,78,SI011909,F,VS,FBD91,LO7757 -WHOLE WHEAT - FLAXSEED,LO7757,WHOLE WHEAT - FLAXSEED KNOT ROLL,FOO,EA,31,16,2.446,39.14
BGI3,23/01/25,78,SI011909,F,VS,FBD92,LO7758 -BLACK OLIVE - GAR ROLL,LO7758,BLACK OLIVE AND GARLIC ROLL,FOO,EA,31,16,2.516,40.26
BGI3,23/01/25,78,SI011909,F,VS,FBD93,LO7759 -CHEDDAR - ONION ROLL,LO7759,CHEDDAR CHEESE AND ONION ROLL,FOO,EA,31,15,2.446,36.69
BGI3,23/01/25,78,SI011909,F,VS,FBT14,LO7770- FRUIT PLATE,LO7770,FRUIT PLATE,FOO,EA,31,16,6.598,105.57
BGI3,23/01/25,78,SI011909,F,VS,FBT16,LO7126 - PLAIN GREEK YOGH FULL,LO7126,PLAIN GREEK YOGHURT - 907 GRAMS,STO,EA,31,1,13.612,13.61
BGI3,23/01/25,78,SI011909,F,VS,FBT17,LO7127- GRANOLA FULL,LO7127,GRANOLA WHOLE GRAIN - 360 GRAMS,STO,EA,31,1,16.562,16.56
BGI3,23/01/25,78,SI011909,F,VS,FBT18,LO7771 - BANANA MUFFIN,LO7771,BANANA MUFFIN,FOO,EA,31,16,3.272,52.35
BGI3,23/01/25,78,SI011909,F,VS,FCE155,LO7764 -HERB CHIX W POT GRATIN,LO7764,HERBED CHIX POTATO GRATIN CORN AND PEPPER,FOO,EA,31,8,12.582,100.66
BGI3,23/01/25,78,SI011909,F,VS,FCE156,LO7765 - MAHI MAHI W WILD RICE,LO7765,SPICED MAHI TURMERIC WILD RICE COCONUT CURRY,FOO,EA,31,5,14.292,71.46
BGI3,23/01/25,78,SI011909,F,VS,FCE157,LO7766 - VEG LASAGNA,LO7766,VEGETABLE LASGNA DUO SCALES,FOO,EA,31,2,12.42,24.84
BGI3,23/01/25,78,SI011909,F,VS,FCF16,LO5500- PICK YOUR OWN,LO5500,CARIBBEAN FRUIT WHOLE [ASSORTED],FOO,EA,31,1,26.288,26.29
BGI3,23/01/25,78,SI011909,F,VS,FCS153,LO8803 - JERK PORK SATAYS,LO8803,,,EA,31,16,6.072,97.15
BGI3,23/01/25,78,SI011909,F,VS,FCS154,LO8804 - PUMKIN HUMMUS,LO8804,,,EA,31,18,5.176,93.17
BGI3,23/01/25,78,SI011909,F,VS,FDD106,LO7762 -SAVOURY CHEESE PLATE,LO7762,STILTON CHEEDAR GOAT GRAPE CHUTNEY,FOO,EA,31,16,7.53,120.48
BGI3,23/01/25,78,SI011909,F,VS,FDD108,LO8805 - DOUBLE CHOC CHE CAKE,LO8805,,,EA,31,15,5.38,80.7
BGI3,23/01/25,78,SI011909,F,VS,FDD109,LO8806 - CARAMEL - PUMKIN BREA,LO8806,,,EA,31,12,4.83,57.96
BGI3,23/01/25,78,SI011909,F,VS,FDT007,LO4801- BUTTER,LO4801,BUTTER [PIPED] BULK LOAED,FOO,EA,31,31,1.042,32.3
BGI3,23/01/25,78,SI011909,F,VS,FHB69,LO4240-BACON BAP,LO4240,BACON BAP,FOO,EA,31,6,5.18,31.08
BGI3,23/01/25,78,SI011909,F,VS,FHB83,LO7767 -SCRAM EGG BB SAUS,LO7767,SCRAMBLE EGGS BACK BACON SAUSAGE BAKED BEANS,FOO,EA,31,16,9.72,155.52
BGI3,23/01/25,78,SI011909,F,VS,FHB84,LO7768 - PEPP - CHEE OMELETTE,LO7768,PEPPER AND CHEESE OMELETTE SPINACH SWEET POTATO,FOO,EA,31,6,7.85,47.1
BGI3,23/01/25,78,SI011909,F,VS,FHB85,LO7769 - CHOCO CHIP PANCAKE,LO7769,CHOCOLATE CHIP PANCAKESPICED PINEAPPLE AND BERRY C,FOO,EA,31,9,6.31,56.79
BGI3,23/01/25,78,SI011909,F,VS,FPAX04,23234-PER PASSENGER CHARGE,23234,OVERHEAD - J PAX OVERHEAD - PER PAX,SER,EA,31,30,36.774,1103.22
BGI3,23/01/25,78,SI011909,J,VS,1JAV01,SP124622 - AVML [J/C],SP124622,AVML,FOO,EA,48,1,15.115,15.12
BGI3,23/01/25,78,SI011909,J,VS,1JCH03,SP124631 - CHILD MEAL [J/C],SP124631,CHML,FOO,EA,48,1,14.622,14.62
BGI3,23/01/25,78,SI011909,J,VS,1JFP01,SP124635 - FPML [J/C],SP124635,FPML,FOO,EA,48,1,18.156,18.16
BGI3,23/01/25,78,SI011909,J,VS,1JGF01,SP124628 - GFML [J/C],SP124628,GFML,FOO,EA,48,1,22.504,22.5
BGI3,23/01/25,78,SI011909,J,VS,1PWAM2,SP170105 - WAM2,SP170105,WAML,FOO,EA,48,14,8.69,121.66
BGI3,23/01/25,78,SI011909,J,VS,1PWBM2,SP170106 - WBM2,SP170106,WBML,FOO,EA,48,4,11.298,45.19
BGI3,23/01/25,78,SI011909,J,VS,JBE41, PORK SAUG,LO7775,SCRAMBLE EGG PORK SAUSAGE BACK BACON BAKED BEANS,FOO,EA,48,22,6.378,140.32
BGI3,23/01/25,78,SI011909,J,VS,JBE42,LO7776 -EGG - VEG FRITATTA,LO7776,EGG - VEGETABLE FRITATTA SWEET POTATO BLISTERED CH,FOO,EA,48,9,7.518,67.66
BGI3,23/01/25,78,SI011909,J,VS,JBE43,LO7777 -CHOC CHIP PANCAKES,LO7777,CHOCOLATE CHIP PANCAKE CARMALIZED PINEAPPLE AND BE,FOO,EA,48,13,5.378,69.91
BGI3,23/01/25,78,SI011909,J,VS,JCE119,LO7772 -CREOLE CHIX W GAR ORZO,LO7772,SEARED CHIX CREOLE SAUCE GARLIZ ORZO,FOO,EA,48,17,8.69,147.73
BGI3,23/01/25,78,SI011909,J,VS,JCE121,LO7773 -MAHI MAHI W MAS POT,LO7773,SEARED MAHI GARLIC MASH BLISTETED TOMATO,FOO,EA,48,8,11.298,90.38
BGI3,23/01/25,78,SI011909,J,VS,JCE122,LO7774-WILD RICE COCO CURRY,LO7774,WILD RICE COCONUT CURRY SAUCE FRIED PLANTAIN,FOO,EA,48,5,7.248,36.24
BGI3,23/01/25,78,SI011909,J,VS,JDT33,LO2622- TRAY SET MM,LO2622,TRAY SET UP,SER,EA,48,44,16.138,710.07
BGI3,23/01/25,78,SI011909,J,VS,JPAX02,23237-PER PASSENGER CHARGE,23237,OVERHEAD - W PAX OVERHEAD - PER PAX,SER,EA,48,48,16.939,813.07
BGI3,23/01/25,78,SI011909,Y,VS,1YAV01,SP124700- AVML [Y/C],SP124700,AVML,FOO,EA,135,1,15.115,15.12
BGI3,23/01/25,78,SI011909,Y,VS,1YGF01,SP124706 - GFML [Y/C],SP124706,GFML,FOO,EA,135,2,22.504,45.01
BGI3,23/01/25,78,SI011909,Y,VS,1YLF01,SP124704 - LFML [Y/C],SP124704,LFML,FOO,EA,135,1,22.504,22.5
BGI3,23/01/25,78,SI011909,Y,VS,1YNL01,SP124712 - NLML [Y/C],SP124712,NLML,FOO,EA,135,2,22.504,45.01
BGI3,23/01/25,78,SI011909,Y,VS,1YSP03,SP124701 - JAIN [Y/C],SP124701,VJML,FOO,EA,135,2,16.278,32.56
BGI3,23/01/25,78,SI011909,Y,VS,1YVL01,SP124698- VLML [Y/C],SP124698,VLML,FOO,EA,135,2,12.154,24.31
BGI3,23/01/25,78,SI011909,Y,VS,3YDS01,3354- ORANGE JUICE-1LT,3354,BEVERAGES - ORANGE JUICE - 1 LT,STO,EA,135,29,2.124,61.6
BGI3,23/01/25,78,SI011909,Y,VS,3YDS02,3335-TOMATO JUICE 1LT,3335,BEVERAGES - TOMATO JUICE - 1 LT,STO,EA,135,1,4.057,4.06
BGI3,23/01/25,78,SI011909,Y,VS,3YDS03,3376-CRANBERRY JUICE,3376,BEVERAGES - CRANBERRY JUICE - 1 LT,STO,EA,135,2,5.101,10.2
BGI3,23/01/25,78,SI011909,Y,VS,3YDS04,3353-APPLE JUICE 1LTR,3353,BEVERAGES - APPLE JUICE - 1 LT,STO,EA,135,17,2.124,36.11
BGI3,23/01/25,78,SI011909,Y,VS,3YDS06,3476-MINERAL WATER 1.5LT,3476,BEVERAGES - MINERAL WATER STILL - 1 LT,STO,EA,135,48,2.36,113.28
BGI3,23/01/25,78,SI011909,Y,VS,3YDS07,33169-SPARKLING WATER 1LT,33169,BEVERAGES - MINERAL WATER SPARK - 1 LT,STO,EA,135,14,3.274,45.84
BGI3,23/01/25,78,SI011909,Y,VS,3YDS11,213774-PLASTIC BAG,213774,EQUIPMENT - BAG- PLASTIC BAG,EQU,EA,135,1,0.368,0.37
BGI3,23/01/25,78,SI011909,Y,VS,3YS022,ORANGE LINEN BAG,151383,LAUNDRY - BAG LINEN ORANGE 2014,LAU,EA,135,1,1.969,1.97
BGI3,23/01/25,78,SI011909,Y,VS,3YS023,LINEN TABLECLOTH,3526,LAUNDRY - TABLE CLOTH/RUNNER 2014,LAU,EA,135,33,0.652,21.52
BGI3,23/01/25,78,SI011909,Y,VS,3YS024,LINEN NAPKINS,3527,LAUNDRY - LINEN FOLDED NAPKIN 2014,LAU,EA,135,31,0.522,16.18
BGI3,23/01/25,78,SI011909,Y,VS,3YS032,145995-EQUIP PK - STORES 300,145995,PACKING - FLIGHT PACKING - A330-300,SER,EA,135,1,167.95,167.95
BGI3,23/01/25,78,SI011909,Y,VS,3YS035,145991-TRANS.- HANDLING 33J,145991,TURNAROUND - STRIP - LOAD - A330-300 - 3 FLIGHTS,SER,EA,135,1,483.897,483.9
BGI3,23/01/25,78,SI011909,Y,VS,3YS036,145994- WASH UP A330-300,145994,WASH UP - WASH UP - A330-900,SER,EA,135,1,404.383,404.38
BGI3,23/01/25,78,SI011909,Y,VS,3YS038,17.5% VAT ON LAUNDRY CHRG 33J,51069SALE,SALES TAX - LAUNDRY,VAT,EA,135,1,10.961,10.96
BGI3,23/01/25,78,SI011909,Y,VS,3YS063,25137-CUTLERY WRAP 1ST SERV 33,25137,PACKING - CUTLERY WRAPPING FIRST SERVICE - A330-30,SER,EA,135,1,8.435,8.44
BGI3,23/01/25,78,SI011909,Y,VS,3YS064,33819-CUTLERY WRAP 2ND SERV 33,33819,PACKING - CUTLERY WRAPPING SECOND SERVICE - A330-3,SER,EA,135,1,8.435,8.44
BGI3,23/01/25,78,SI011909,Y,VS,3YS071,32673-CULT WASH-PL 1SER 300,32673,PACKING - CUTLERY WASHUP - POLISHING FIRST SERVICE,SER,EA,135,1,27.272,27.27
BGI3,23/01/25,78,SI011909,Y,VS,3YS072,33141-CULT WASH-PL 2SER 300,33141,PACKING - CUTLERY WASHUP - POLISHING SECOND SERVIC,SER,EA,135,1,18.363,18.36
BGI3,23/01/25,78,SI011909,Y,VS,3YS095,25127- CUTL WSH-POL A330,25127,PACKING - CUTLERY WASHUP - POLISHING - A330-300,SER,EA,135,1,54.402,54.4
BGI3,23/01/25,78,SI011909,Y,VS,FAN17,19382-MILK 100% [Y],19382,FULL FAT MILK - PINT,STO,EA,135,2,4.805,9.61
BGI3,23/01/25,78,SI011909,Y,VS,FAN18,19384- MILK 2% [Y],19384,SEMI SKIMMED MILK - PINT,STO,EA,135,4,4.805,19.22
BGI3,23/01/25,78,SI011909,Y,VS,FAN19,7042-LEMON HALVES [Y],7042,LIME WEDGES,FOO,EA,135,6,5.125,30.75
BGI3,23/01/25,78,SI011909,Y,VS,FAN20,19380- WET ICE [6LB BAG] [Y],19380,WET ICE,WET,EA,135,6,2.942,17.65
BGI3,23/01/25,78,SI011909,Y,VS,YBE11,174148-BREAKFAST BOX,174148,,,EA,135,124,8.412,1043.09
BGI3,23/01/25,78,SI011909,Y,VS,YBE24,LO6953-OTIS SPUNKMEYER MUFFIN,LO6953,OTIS SPUNKMEYER MUFFIN,FOO,EA,135,124,1.872,232.13
BGI3,23/01/25,78,SI011909,Y,VS,YDE116,LO7778 - RO CHIX W PEPPERCORN,LO7778,ROASTED CHIX PEPPER SAU MASHED POTATO VEG,FOO,EA,135,87,8.748,761.08
BGI3,23/01/25,78,SI011909,Y,VS,YDE117,LO7779 - MAC PIE W TOM SAUCE,LO7779,MACARONI PIE TOMATO ROSE CREAMY SAUCE,FOO,EA,135,37,5.378,198.99
BGI3,23/01/25,78,SI011909,Y,VS,YDT30,LO2623 - MAIN MEAL TRAY SET UP,LO2623,TRAY SET UP,SER,EA,135,124,8.72,1081.28
BGI3,23/01/25,78,SI011909,Y,VS,YPAX03,23240- PER PASSENGER CHARGE[Y],23240,OVERHEAD - Y PAX OVERHEAD - PER PAX,SER,EA,135,129,13.856,1787.42
BGI3,23/01/25,78,SI011909,YC,VS,2CE069, COCO CURRY,LO8708,WILD RICE COCONUT CURRY SAUCE VEG,FOO,EA,12,3,6.438,19.31
BGI3,23/01/25,78,SI011909,YC,VS,2CE070,LO8709 - GARLIC MASH CHIX THIG,LO8709,GARLIC MASH SEARED CHIX GREEN PEPPERCORN SAUCE,FOO,EA,12,3,10.838,32.51
BGI3,23/01/25,78,SI011909,YC,VS,2CE071,LO8710 - MAHI W GARL ORZO PAS,LO8710,SEARED MAHI ORZO PASTA CREOLE SAUCE VEG,FOO,EA,12,2,12.378,24.76
BGI3,23/01/25,78,SI011909,YC,VS,2CE072,LO8711 - PORKLOIN W PO GRATIN,LO8711,SEARED PORK POTATO GRATIN VEG,FOO,EA,12,2,13.84,27.68
BGI3,23/01/25,78,SI011909,YC,VS,2CE073,LO8712 - CHEESE RAVIOLI,LO8712,CHEESE RAVIOLI,FOO,EA,12,2,8.718,17.44
BGI3,23/01/25,78,SI011909,YC,VS,2CFF11,LO4110-WHOLE FRUIT 1,LO4110,SEASONAL WHOLE FRUIT OPTION 1,FOO,EA,12,6,4.622,27.73
BGI3,23/01/25,78,SI011909,YC,VS,2CFF12,LO4111-WHOLE FRUIT 2,LO4111,SEASONAL WHOLE FRUIT OPT 2,FOO,EA,12,6,4.622,27.73
BGI3,23/01/25,78,SI011909,YC,VS,2CFS44,LO5113- EGG SALAD SANDWICH,LO5113,EGG SALAD SANDWICH,FOO,EA,12,3,5.374,16.12
BGI3,23/01/25,78,SI011909,YC,VS,2CFS45,LO5115- TUNASALAD SANDWICH,LO5115,TUNA SALAD SANDWICH,FOO,EA,12,2,6.734,13.47
BGI3,23/01/25,78,SI011909,YC,VS,2CFS49,LO5119- BAP - STREAKY BACON,LO5119,SCOTTISH BAP WITH BACON,FOO,EA,12,4,4.866,19.46
BGI3,23/01/25,78,SI011909,YC,VS,2CFS52,LO5368- PLAIN BAGEL -PC CR CH,LO5368,PLAIN BAGEL WITH PC CREAM CHEESE,FOO,EA,12,4,4.086,16.34
BGI3,23/01/25,78,SI011909,YC,VS,2CFS77,LO8713 - HAM SANDWICH,LO8713,HAM SANDWICH,FOO,EA,12,3,7.734,23.2
BGI3,23/01/25,78,SI011909,YC,VS,2CFS78,LO8714 - CHEESE TOMATO WRAP,LO8714,CHEESE TOMATO CUCUMBER WRAP,FOO,EA,12,2,6.694,13.39
BGI3,23/01/25,78,SI011909,YC,VS,2CFS79,LO8715 - CHICKEN CHEESE BAGEL,LO8715,CHICKEN AND CHEESE BAGEL,FOO,EA,12,2,5.014,10.03
BGI3,23/01/25,78,SI011909,YC,VS,2CFS80,LO8716 - TURKEY SANDWICH,LO8716,TURKEY SANDWICH,FOO,EA,12,4,7.896,31.58
BGI3,23/01/25,78,SI011909,YC,VS,2CFS81, CHUTNE,LO8718,TILLAMOOK CHEESE CARR TROPICAL CHUTNEY,FOO,EA,12,6,6.788,40.73
BGI3,23/01/25,78,SI011909,YC,VS,2CFS82,LO8717 - PROTEIN POT W OLIVES,LO8717,PUMPKIN HUMMUS C CHEESE BLACK OLIVES PITTA BREAD T,FOO,EA,12,6,6.904,41.42
BGI3,23/01/25,78,SI011909,YC,VS,CPAX02,28728- C CREW SVC CHARGE,28728,OVERHEAD - CC OVERHEAD - PER PAX,SER,EA,12,12,25.48,305.76
BGI3,23/01/25,132,SI011908,F,VS,1FFP01,SP124547- FPML,SP124547,FPML,FOO,EA,43,1,31.932,31.93
BGI3,23/01/25,132,SI011908,F,VS,1OCM2,SP170099 - OCML,SP170099,OCML,FOO,EA,43,2,12.42,24.84
BGI3,23/01/25,132,SI011908,F,VS,1POAM2,SP170097 - OAML,SP170097,OAML,FOO,EA,43,3,12.582,37.75
BGI3,23/01/25,132,SI011908,F,VS,1POBM2,SP170098 - OBML,SP170098,OBML,FOO,EA,43,5,14.292,71.46
BGI3,23/01/25,132,SI011908,F,VS,1POTML,SP170102 - OTML,SP170102,OTML,FOO,EA,43,2,9.48,18.96
BGI3,23/01/25,132,SI011908,F,VS,1POUML,SP173624 - OUML,SP173624,OUML,FOO,EA,43,1,12.36,12.36
BGI3,23/01/25,132,SI011908,F,VS,1YBA02,BABY MEAL - CATERER OWNED,SP124710,BBML,STO,EA,43,1,15.93,15.93
BGI3,23/01/25,132,SI011908,F,VS,FAN12,19381- MILK 100%,19381,FULL FAT MILK - PINT,STO,EA,43,5,4.805,24.03
BGI3,23/01/25,132,SI011908,F,VS,FAN13,19383- MILK 2%,19383,SEMI SKIMMED MILK - PINT,STO,EA,43,2,4.805,9.61
BGI3,23/01/25,132,SI011908,F,VS,FAN14,19385-LEMON HALVES,19385,LEMON WEDGES,FOO,EA,43,3,5.125,15.38
BGI3,23/01/25,132,SI011908,F,VS,FAN21,19379-WET ICE[6LB BAG],19379,WET ICE,WET,EA,43,6,2.942,17.65
BGI3,23/01/25,132,SI011908,F,VS,FAN23,LO7607-CUCUMBER SLICES,LO7607,CUCUMBER SLICES,FOO,EA,43,1,7.686,7.69
BGI3,23/01/25,132,SI011908,F,VS,FAN30,7041- LIME WEDGES,7041,LIME WEDGES,FOO,EA,43,2,4.78,9.56
BGI3,23/01/25,132,SI011908,F,VS,FAN33,23212 - BULK EQUIPMENT,23212,BULK EQUIPMENT,EQU,EA,43,39,1.779,69.38
BGI3,23/01/25,132,SI011908,F,VS,FBD91,LO7757 -WHOLE WHEAT - FLAXSEED,LO7757,WHOLE WHEAT - FLAXSEED KNOT ROLL,FOO,EA,43,22,2.446,53.81
BGI3,23/01/25,132,SI011908,F,VS,FBD92,LO7758 -BLACK OLIVE - GAR ROLL,LO7758,BLACK OLIVE AND GARLIC ROLL,FOO,EA,43,22,2.516,55.35
BGI3,23/01/25,132,SI011908,F,VS,FBD93,LO7759 -CHEDDAR - ONION ROLL,LO7759,CHEDDAR CHEESE AND ONION ROLL,FOO,EA,43,21,2.446,51.37
BGI3,23/01/25,132,SI011908,F,VS,FBT14,LO7770- FRUIT PLATE,LO7770,FRUIT PLATE,FOO,EA,43,22,6.598,145.16
BGI3,23/01/25,132,SI011908,F,VS,FBT16,LO7126 - PLAIN GREEK YOGH FULL,LO7126,PLAIN GREEK YOGHURT - 907 GRAMS,STO,EA,43,1,13.612,13.61
BGI3,23/01/25,132,SI011908,F,VS,FBT17,LO7127- GRANOLA FULL,LO7127,GRANOLA WHOLE GRAIN - 360 GRAMS,STO,EA,43,1,16.562,16.56
BGI3,23/01/25,132,SI011908,F,VS,FBT18,LO7771 - BANANA MUFFIN,LO7771,BANANA MUFFIN,FOO,EA,43,22,3.272,71.98
BGI3,23/01/25,132,SI011908,F,VS,FCE155,LO7764 -HERB CHIX W POT GRATIN,LO7764,HERBED CHIX POTATO GRATIN CORN AND PEPPER,FOO,EA,43,15,12.582,188.73
BGI3,23/01/25,132,SI011908,F,VS,FCE156,LO7765 - MAHI MAHI W WILD RICE,LO7765,SPICED MAHI TURMERIC WILD RICE COCONUT CURRY,FOO,EA,43,9,14.292,128.63
BGI3,23/01/25,132,SI011908,F,VS,FCE157,LO7766 - VEG LASAGNA,LO7766,VEGETABLE LASGNA DUO SCALES,FOO,EA,43,6,12.42,74.52
BGI3,23/01/25,132,SI011908,F,VS,FCF16,LO5500- PICK YOUR OWN,LO5500,CARIBBEAN FRUIT WHOLE [ASSORTED],FOO,EA,43,1,26.288,26.29
BGI3,23/01/25,132,SI011908,F,VS,FCS153,LO8803 - JERK PORK SATAYS,LO8803,,,EA,43,22,6.072,133.58
BGI3,23/01/25,132,SI011908,F,VS,FCS154,LO8804 - PUMKIN HUMMUS,LO8804,,,EA,43,25,5.176,129.4
BGI3,23/01/25,132,SI011908,F,VS,FDD106,LO7762 -SAVOURY CHEESE PLATE,LO7762,STILTON CHEEDAR GOAT GRAPE CHUTNEY,FOO,EA,43,26,7.53,195.78
BGI3,23/01/25,132,SI011908,F,VS,FDD108,LO8805 - DOUBLE CHOC CHE CAKE,LO8805,,,EA,43,17,5.38,91.46
BGI3,23/01/25,132,SI011908,F,VS,FDD109,LO8806 - CARAMEL - PUMKIN BREA,LO8806,,,EA,43,22,4.83,106.26
BGI3,23/01/25,132,SI011908,F,VS,FDT007,LO4801- BUTTER,LO4801,BUTTER [PIPED] BULK LOAED,FOO,EA,43,43,1.042,44.81
BGI3,23/01/25,132,SI011908,F,VS,FHB69,LO4240-BACON BAP,LO4240,BACON BAP,FOO,EA,43,15,5.18,77.7
BGI3,23/01/25,132,SI011908,F,VS,FHB83,LO7767 -SCRAM EGG BB SAUS,LO7767,SCRAMBLE EGGS BACK BACON SAUSAGE BAKED BEANS,FOO,EA,43,22,9.72,213.84
BGI3,23/01/25,132,SI011908,F,VS,FHB84,LO7768 - PEPP - CHEE OMELETTE,LO7768,PEPPER AND CHEESE OMELETTE SPINACH SWEET POTATO,FOO,EA,43,6,7.85,47.1
BGI3,23/01/25,132,SI011908,F,VS,FHB85,LO7769 - CHOCO CHIP PANCAKE,LO7769,CHOCOLATE CHIP PANCAKESPICED PINEAPPLE AND BERRY C,FOO,EA,43,9,6.31,56.79
BGI3,23/01/25,132,SI011908,F,VS,FPAX04,23234-PER PASSENGER CHARGE,23234,OVERHEAD - J PAX OVERHEAD - PER PAX,SER,EA,43,39,36.774,1434.19
BGI3,23/01/25,132,SI011908,J,VS,1JCH03,SP124631 - CHILD MEAL [J/C],SP124631,CHML,FOO,EA,51,1,14.622,14.62
BGI3,23/01/25,132,SI011908,J,VS,1JGF01,SP124628 - GFML [J/C],SP124628,GFML,FOO,EA,51,1,22.504,22.5
BGI3,23/01/25,132,SI011908,J,VS,1PWAM2,SP170105 - WAM2,SP170105,WAML,FOO,EA,51,12,8.69,104.28
BGI3,23/01/25,132,SI011908,J,VS,1PWBM2,SP170106 - WBM2,SP170106,WBML,FOO,EA,51,8,11.298,90.38
BGI3,23/01/25,132,SI011908,J,VS,1PWCM2,SP170107 - WCM2,SP170107,WCML,FOO,EA,51,6,7.248,43.49
BGI3,23/01/25,132,SI011908,J,VS,JBE41, PORK SAUG,LO7775,SCRAMBLE EGG PORK SAUSAGE BACK BACON BAKED BEANS,FOO,EA,51,27,6.378,172.21
BGI3,23/01/25,132,SI011908,J,VS,JBE42,LO7776 -EGG - VEG FRITATTA,LO7776,EGG - VEGETABLE FRITATTA SWEET POTATO BLISTERED CH,FOO,EA,51,11,7.518,82.7
BGI3,23/01/25,132,SI011908,J,VS,JBE43,LO7777 -CHOC CHIP PANCAKES,LO7777,CHOCOLATE CHIP PANCAKE CARMALIZED PINEAPPLE AND BE,FOO,EA,51,16,5.378,86.05
BGI3,23/01/25,132,SI011908,J,VS,JCE119,LO7772 -CREOLE CHIX W GAR ORZO,LO7772,SEARED CHIX CREOLE SAUCE GARLIZ ORZO,FOO,EA,51,18,8.69,156.42
BGI3,23/01/25,132,SI011908,J,VS,JCE121,LO7773 -MAHI MAHI W MAS POT,LO7773,SEARED MAHI GARLIC MASH BLISTETED TOMATO,FOO,EA,51,8,11.298,90.38
BGI3,23/01/25,132,SI011908,J,VS,JCE122,LO7774-WILD RICE COCO CURRY,LO7774,WILD RICE COCONUT CURRY SAUCE FRIED PLANTAIN,FOO,EA,51,6,7.248,43.49
BGI3,23/01/25,132,SI011908,J,VS,JDT33,LO2622- TRAY SET MM,LO2622,TRAY SET UP,SER,EA,51,54,16.138,871.45
BGI3,23/01/25,132,SI011908,J,VS,JPAX02,23237-PER PASSENGER CHARGE,23237,OVERHEAD - W PAX OVERHEAD - PER PAX,SER,EA,51,53,16.939,897.77
BGI3,23/01/25,132,SI011908,Y,VS,1YAV01,SP124700- AVML [Y/C],SP124700,AVML,FOO,EA,115,1,15.115,15.12
BGI3,23/01/25,132,SI011908,Y,VS,1YCH04,SP124709- CHML [Y/C],SP124709,CHML,FOO,EA,115,1,14.622,14.62
BGI3,23/01/25,132,SI011908,Y,VS,1YGF01,SP124706 - GFML [Y/C],SP124706,GFML,FOO,EA,115,1,22.504,22.5
BGI3,23/01/25,132,SI011908,Y,VS,1YHN01,SP124703 - HNML [Y/C],SP124703,HNML,FOO,EA,115,2,17.178,34.36
BGI3,23/01/25,132,SI011908,Y,VS,1YVL01,SP124698- VLML [Y/C],SP124698,VLML,FOO,EA,115,3,12.154,36.46
BGI3,23/01/25,132,SI011908,Y,VS,3YDS01,3354- ORANGE JUICE-1LT,3354,BEVERAGES - ORANGE JUICE - 1 LT,STO,EA,115,29,2.124,61.6
BGI3,23/01/25,132,SI011908,Y,VS,3YDS02,3335-TOMATO JUICE 1LT,3335,BEVERAGES - TOMATO JUICE - 1 LT,STO,EA,115,3,4.057,12.17
BGI3,23/01/25,132,SI011908,Y,VS,3YDS03,3376-CRANBERRY JUICE,3376,BEVERAGES - CRANBERRY JUICE - 1 LT,STO,EA,115,1,5.101,5.1
BGI3,23/01/25,132,SI011908,Y,VS,3YDS04,3353-APPLE JUICE 1LTR,3353,BEVERAGES - APPLE JUICE - 1 LT,STO,EA,115,20,2.124,42.48
BGI3,23/01/25,132,SI011908,Y,VS,3YDS06,3476-MINERAL WATER 1.5LT,3476,BEVERAGES - MINERAL WATER STILL - 1 LT,STO,EA,115,100,2.36,236
BGI3,23/01/25,132,SI011908,Y,VS,3YDS07,33169-SPARKLING WATER 1LT,33169,BEVERAGES - MINERAL WATER SPARK - 1 LT,STO,EA,115,13,3.274,42.56
BGI3,23/01/25,132,SI011908,Y,VS,3YDS11,213774-PLASTIC BAG,213774,EQUIPMENT - BAG- PLASTIC BAG,EQU,EA,115,1,0.368,0.37
BGI3,23/01/25,132,SI011908,Y,VS,3YS022,ORANGE LINEN BAG,151383,LAUNDRY - BAG LINEN ORANGE 2014,LAU,EA,115,1,1.969,1.97
BGI3,23/01/25,132,SI011908,Y,VS,3YS023,LINEN TABLECLOTH,3526,LAUNDRY - TABLE CLOTH/RUNNER 2014,LAU,EA,115,1,0.652,0.65
BGI3,23/01/25,132,SI011908,Y,VS,3YS024,LINEN NAPKINS,3527,LAUNDRY - LINEN FOLDED NAPKIN 2014,LAU,EA,115,44,0.522,22.97
BGI3,23/01/25,132,SI011908,Y,VS,3YS032,145995-EQUIP PK - STORES 300,145995,PACKING - FLIGHT PACKING - A330-300,SER,EA,115,1,167.95,167.95
BGI3,23/01/25,132,SI011908,Y,VS,3YS035,145991-TRANS.- HANDLING 33J,145991,TURNAROUND - STRIP - LOAD - A330-300 - 3 FLIGHTS,SER,EA,115,1,483.897,483.9
BGI3,23/01/25,132,SI011908,Y,VS,3YS036,145994- WASH UP A330-300,145994,WASH UP - WASH UP - A330-900,SER,EA,115,1,404.383,404.38
BGI3,23/01/25,132,SI011908,Y,VS,3YS038,17.5% VAT ON LAUNDRY CHRG 33J,51069SALE,SALES TAX - LAUNDRY,VAT,EA,115,1,10.961,10.96
BGI3,23/01/25,132,SI011908,Y,VS,3YS063,25137-CUTLERY WRAP 1ST SERV 33,25137,PACKING - CUTLERY WRAPPING FIRST SERVICE - A330-30,SER,EA,115,1,8.435,8.44
BGI3,23/01/25,132,SI011908,Y,VS,3YS064,33819-CUTLERY WRAP 2ND SERV 33,33819,PACKING - CUTLERY WRAPPING SECOND SERVICE - A330-3,SER,EA,115,1,8.435,8.44
BGI3,23/01/25,132,SI011908,Y,VS,3YS071,32673-CULT WASH-PL 1SER 300,32673,PACKING - CUTLERY WASHUP - POLISHING FIRST SERVICE,SER,EA,115,1,27.272,27.27
BGI3,23/01/25,132,SI011908,Y,VS,3YS072,33141-CULT WASH-PL 2SER 300,33141,PACKING - CUTLERY WASHUP - POLISHING SECOND SERVIC,SER,EA,115,1,18.363,18.36
BGI3,23/01/25,132,SI011908,Y,VS,3YS095,25127- CUTL WSH-POL A330,25127,PACKING - CUTLERY WASHUP - POLISHING - A330-300,SER,EA,115,1,54.402,54.4
BGI3,23/01/25,132,SI011908,Y,VS,FAN17,19382-MILK 100% [Y],19382,FULL FAT MILK - PINT,STO,EA,115,2,4.805,9.61
BGI3,23/01/25,132,SI011908,Y,VS,FAN18,19384- MILK 2% [Y],19384,SEMI SKIMMED MILK - PINT,STO,EA,115,4,4.805,19.22
BGI3,23/01/25,132,SI011908,Y,VS,FAN19,7042-LEMON HALVES [Y],7042,LIME WEDGES,FOO,EA,115,8,5.125,41
BGI3,23/01/25,132,SI011908,Y,VS,FAN20,19380- WET ICE [6LB BAG] [Y],19380,WET ICE,WET,EA,115,8,2.942,23.54
BGI3,23/01/25,132,SI011908,Y,VS,YBE11,174148-BREAKFAST BOX,174148,,,EA,115,107,8.412,900.08
BGI3,23/01/25,132,SI011908,Y,VS,YBE24,LO6953-OTIS SPUNKMEYER MUFFIN,LO6953,OTIS SPUNKMEYER MUFFIN,FOO,EA,115,107,1.872,200.3
BGI3,23/01/25,132,SI011908,Y,VS,YDE116,LO7778 - RO CHIX W PEPPERCORN,LO7778,ROASTED CHIX PEPPER SAU MASHED POTATO VEG,FOO,EA,115,75,8.748,656.1
BGI3,23/01/25,132,SI011908,Y,VS,YDE117,LO7779 - MAC PIE W TOM SAUCE,LO7779,MACARONI PIE TOMATO ROSE CREAMY SAUCE,FOO,EA,115,32,5.378,172.1
BGI3,23/01/25,132,SI011908,Y,VS,YDT30,LO2623 - MAIN MEAL TRAY SET UP,LO2623,TRAY SET UP,SER,EA,115,107,8.72,933.04
BGI3,23/01/25,132,SI011908,Y,VS,YPAX03,23240- PER PASSENGER CHARGE[Y],23240,OVERHEAD - Y PAX OVERHEAD - PER PAX,SER,EA,115,107,13.856,1482.59
BGI3,23/01/25,132,SI011908,YC,VS,2CE069, COCO CURRY,LO8708,WILD RICE COCONUT CURRY SAUCE VEG,FOO,EA,12,3,6.438,19.31
BGI3,23/01/25,132,SI011908,YC,VS,2CE070,LO8709 - GARLIC MASH CHIX THIG,LO8709,GARLIC MASH SEARED CHIX GREEN PEPPERCORN SAUCE,FOO,EA,12,3,10.838,32.51
BGI3,23/01/25,132,SI011908,YC,VS,2CE071,LO8710 - MAHI W GARL ORZO PAS,LO8710,SEARED MAHI ORZO PASTA CREOLE SAUCE VEG,FOO,EA,12,2,12.378,24.76
BGI3,23/01/25,132,SI011908,YC,VS,2CE072,LO8711 - PORKLOIN W PO GRATIN,LO8711,SEARED PORK POTATO GRATIN VEG,FOO,EA,12,2,13.84,27.68
BGI3,23/01/25,132,SI011908,YC,VS,2CE073,LO8712 - CHEESE RAVIOLI,LO8712,CHEESE RAVIOLI,FOO,EA,12,2,8.718,17.44
BGI3,23/01/25,132,SI011908,YC,VS,2CFF11,LO4110-WHOLE FRUIT 1,LO4110,SEASONAL WHOLE FRUIT OPTION 1,FOO,EA,12,6,4.622,27.73
BGI3,23/01/25,132,SI011908,YC,VS,2CFF12,LO4111-WHOLE FRUIT 2,LO4111,SEASONAL WHOLE FRUIT OPT 2,FOO,EA,12,6,4.622,27.73
BGI3,23/01/25,132,SI011908,YC,VS,2CFS44,LO5113- EGG SALAD SANDWICH,LO5113,EGG SALAD SANDWICH,FOO,EA,12,3,5.374,16.12
BGI3,23/01/25,132,SI011908,YC,VS,2CFS45,LO5115- TUNASALAD SANDWICH,LO5115,TUNA SALAD SANDWICH,FOO,EA,12,2,6.734,13.47
BGI3,23/01/25,132,SI011908,YC,VS,2CFS49,LO5119- BAP - STREAKY BACON,LO5119,SCOTTISH BAP WITH BACON,FOO,EA,12,4,4.866,19.46
BGI3,23/01/25,132,SI011908,YC,VS,2CFS52,LO5368- PLAIN BAGEL -PC CR CH,LO5368,PLAIN BAGEL WITH PC CREAM CHEESE,FOO,EA,12,4,4.086,16.34
BGI3,23/01/25,132,SI011908,YC,VS,2CFS77,LO8713 - HAM SANDWICH,LO8713,HAM SANDWICH,FOO,EA,12,3,7.734,23.2
BGI3,23/01/25,132,SI011908,YC,VS,2CFS78,LO8714 - CHEESE TOMATO WRAP,LO8714,CHEESE TOMATO CUCUMBER WRAP,FOO,EA,12,2,6.694,13.39
BGI3,23/01/25,132,SI011908,YC,VS,2CFS79,LO8715 - CHICKEN CHEESE BAGEL,LO8715,CHICKEN AND CHEESE BAGEL,FOO,EA,12,2,5.014,10.03
BGI3,23/01/25,132,SI011908,YC,VS,2CFS80,LO8716 - TURKEY SANDWICH,LO8716,TURKEY SANDWICH,FOO,EA,12,4,7.896,31.58
BGI3,23/01/25,132,SI011908,YC,VS,2CFS81, CHUTNE,LO8718,TILLAMOOK CHEESE CARR TROPICAL CHUTNEY,FOO,EA,12,6,6.788,40.73
BGI3,23/01/25,132,SI011908,YC,VS,2CFS82,LO8717 - PROTEIN POT W OLIVES,LO8717,PUMPKIN HUMMUS C CHEESE BLACK OLIVES PITTA BREAD T,FOO,EA,12,6,6.904,41.42
BGI3,23/01/25,132,SI011908,YC,VS,CPAX02,28728- C CREW SVC CHARGE,28728,OVERHEAD - CC OVERHEAD - PER PAX,SER,EA,12,12,25.48,305.76
BGI3,23/01/25,230,SI011910,F,VS,1FCH02,SP124543 - CHILD MEAL [F/C],SP124543,CHML,FOO,EA,26,1,29.908,29.91
BGI3,23/01/25,230,SI011910,F,VS,1FVG01,SP124533- VGML [F/C],SP124533,VGML,FOO,EA,26,1,32.179,32.18
BGI3,23/01/25,230,SI011910,F,VS,1POBM2,SP170098 - OBML,SP170098,OBML,FOO,EA,26,1,14.292,14.29
BGI3,23/01/25,230,SI011910,F,VS,1POSML,SP170101 - OSML,SP170101,OSML,FOO,EA,26,1,10.91,10.91
BGI3,23/01/25,230,SI011910,F,VS,1POUML,SP173624 - OUML,SP173624,OUML,FOO,EA,26,3,12.36,37.08
BGI3,23/01/25,230,SI011910,F,VS,FAN12,19381- MILK 100%,19381,FULL FAT MILK - PINT,STO,EA,26,3,4.805,14.42
BGI3,23/01/25,230,SI011910,F,VS,FAN13,19383- MILK 2%,19383,SEMI SKIMMED MILK - PINT,STO,EA,26,2,4.805,9.61
BGI3,23/01/25,230,SI011910,F,VS,FAN14,19385-LEMON HALVES,19385,LEMON WEDGES,FOO,EA,26,2,5.125,10.25
BGI3,23/01/25,230,SI011910,F,VS,FAN21,19379-WET ICE[6LB BAG],19379,WET ICE,WET,EA,26,4,2.942,11.77
BGI3,23/01/25,230,SI011910,F,VS,FAN23,LO7607-CUCUMBER SLICES,LO7607,CUCUMBER SLICES,FOO,EA,26,1,7.686,7.69
BGI3,23/01/25,230,SI011910,F,VS,FAN30,7041- LIME WEDGES,7041,LIME WEDGES,FOO,EA,26,2,4.78,9.56
BGI3,23/01/25,230,SI011910,F,VS,FAN33,23212 - BULK EQUIPMENT,23212,BULK EQUIPMENT,EQU,EA,26,26,1.779,46.25
BGI3,23/01/25,230,SI011910,F,VS,FBD91,LO7757 -WHOLE WHEAT - FLAXSEED,LO7757,WHOLE WHEAT - FLAXSEED KNOT ROLL,FOO,EA,26,12,2.446,29.35
BGI3,23/01/25,230,SI011910,F,VS,FBD92,LO7758 -BLACK OLIVE - GAR ROLL,LO7758,BLACK OLIVE AND GARLIC ROLL,FOO,EA,26,12,2.516,30.19
BGI3,23/01/25,230,SI011910,F,VS,FBD93,LO7759 -CHEDDAR - ONION ROLL,LO7759,CHEDDAR CHEESE AND ONION ROLL,FOO,EA,26,12,2.446,29.35
BGI3,23/01/25,230,SI011910,F,VS,FBT14,LO7770- FRUIT PLATE,LO7770,FRUIT PLATE,FOO,EA,26,12,6.598,79.18
BGI3,23/01/25,230,SI011910,F,VS,FBT16,LO7126 - PLAIN GREEK YOGH FULL,LO7126,PLAIN GREEK YOGHURT - 907 GRAMS,STO,EA,26,1,13.612,13.61
BGI3,23/01/25,230,SI011910,F,VS,FBT17,LO7127- GRANOLA FULL,LO7127,GRANOLA WHOLE GRAIN - 360 GRAMS,STO,EA,26,1,16.562,16.56
BGI3,23/01/25,230,SI011910,F,VS,FBT18,LO7771 - BANANA MUFFIN,LO7771,BANANA MUFFIN,FOO,EA,26,12,3.272,39.26
BGI3,23/01/25,230,SI011910,F,VS,FCE155,LO7764 -HERB CHIX W POT GRATIN,LO7764,HERBED CHIX POTATO GRATIN CORN AND PEPPER,FOO,EA,26,8,12.582,100.66
BGI3,23/01/25,230,SI011910,F,VS,FCE156,LO7765 - MAHI MAHI W WILD RICE,LO7765,SPICED MAHI TURMERIC WILD RICE COCONUT CURRY,FOO,EA,26,6,14.292,85.75
BGI3,23/01/25,230,SI011910,F,VS,FCE157,LO7766 - VEG LASAGNA,LO7766,VEGETABLE LASGNA DUO SCALES,FOO,EA,26,3,12.42,37.26
BGI3,23/01/25,230,SI011910,F,VS,FCF16,LO5500- PICK YOUR OWN,LO5500,CARIBBEAN FRUIT WHOLE [ASSORTED],FOO,EA,26,1,26.288,26.29
BGI3,23/01/25,230,SI011910,F,VS,FCS153,LO8803 - JERK PORK SATAYS,LO8803,,,EA,26,12,6.072,72.86
BGI3,23/01/25,230,SI011910,F,VS,FCS154,LO8804 - PUMKIN HUMMUS,LO8804,,,EA,26,14,5.176,72.46
BGI3,23/01/25,230,SI011910,F,VS,FDD106,LO7762 -SAVOURY CHEESE PLATE,LO7762,STILTON CHEEDAR GOAT GRAPE CHUTNEY,FOO,EA,26,14,7.53,105.42
BGI3,23/01/25,230,SI011910,F,VS,FDD108,LO8805 - DOUBLE CHOC CHE CAKE,LO8805,,,EA,26,10,5.38,53.8
BGI3,23/01/25,230,SI011910,F,VS,FDD109,LO8806 - CARAMEL - PUMKIN BREA,LO8806,,,EA,26,12,4.83,57.96
BGI3,23/01/25,230,SI011910,F,VS,FDT007,LO4801- BUTTER,LO4801,BUTTER [PIPED] BULK LOAED,FOO,EA,26,24,1.042,25.01
BGI3,23/01/25,230,SI011910,F,VS,FHB69,LO4240-BACON BAP,LO4240,BACON BAP,FOO,EA,26,8,5.18,41.44
BGI3,23/01/25,230,SI011910,F,VS,FHB83,LO7767 -SCRAM EGG BB SAUS,LO7767,SCRAMBLE EGGS BACK BACON SAUSAGE BAKED BEANS,FOO,EA,26,12,9.72,116.64
BGI3,23/01/25,230,SI011910,F,VS,FHB84,LO7768 - PEPP - CHEE OMELETTE,LO7768,PEPPER AND CHEESE OMELETTE SPINACH SWEET POTATO,FOO,EA,26,4,7.85,31.4
BGI3,23/01/25,230,SI011910,F,VS,FHB85,LO7769 - CHOCO CHIP PANCAKE,LO7769,CHOCOLATE CHIP PANCAKESPICED PINEAPPLE AND BERRY C,FOO,EA,26,5,6.31,31.55
BGI3,23/01/25,230,SI011910,F,VS,FPAX04,23234-PER PASSENGER CHARGE,23234,OVERHEAD - J PAX OVERHEAD - PER PAX,SER,EA,26,26,36.774,956.12
BGI3,23/01/25,230,SI011910,J,VS,1JCH03,SP124631 - CHILD MEAL [J/C],SP124631,CHML,FOO,EA,48,1,14.622,14.62
BGI3,23/01/25,230,SI011910,J,VS,1JGF01,SP124628 - GFML [J/C],SP124628,GFML,FOO,EA,48,1,22.504,22.5
BGI3,23/01/25,230,SI011910,J,VS,1JLS01,SP124627- LSML [J/C],SP124627,LSML,FOO,EA,48,1,22.504,22.5
BGI3,23/01/25,230,SI011910,J,VS,1JVL01,SP124620 - VLML [J/C],SP124620,VLML,FOO,EA,48,1,12.174,12.17
BGI3,23/01/25,230,SI011910,J,VS,1PWAM2,SP170105 - WAM2,SP170105,WAML,FOO,EA,48,15,8.69,130.35
BGI3,23/01/25,230,SI011910,J,VS,1PWBM2,SP170106 - WBM2,SP170106,WBML,FOO,EA,48,4,11.298,45.19
BGI3,23/01/25,230,SI011910,J,VS,1PWCM2,SP170107 - WCM2,SP170107,WCML,FOO,EA,48,3,7.248,21.74
BGI3,23/01/25,230,SI011910,J,VS,JBE41, PORK SAUG,LO7775,SCRAMBLE EGG PORK SAUSAGE BACK BACON BAKED BEANS,FOO,EA,48,22,6.378,140.32
BGI3,23/01/25,230,SI011910,J,VS,JBE42,LO7776 -EGG - VEG FRITATTA,LO7776,EGG - VEGETABLE FRITATTA SWEET POTATO BLISTERED CH,FOO,EA,48,9,7.518,67.66
BGI3,23/01/25,230,SI011910,J,VS,JBE43,LO7777 -CHOC CHIP PANCAKES,LO7777,CHOCOLATE CHIP PANCAKE CARMALIZED PINEAPPLE AND BE,FOO,EA,48,13,5.378,69.91
BGI3,23/01/25,230,SI011910,J,VS,JCE119,LO7772 -CREOLE CHIX W GAR ORZO,LO7772,SEARED CHIX CREOLE SAUCE GARLIZ ORZO,FOO,EA,48,14,8.69,121.66
BGI3,23/01/25,230,SI011910,J,VS,JCE121,LO7773 -MAHI MAHI W MAS POT,LO7773,SEARED MAHI GARLIC MASH BLISTETED TOMATO,FOO,EA,48,7,11.298,79.09
BGI3,23/01/25,230,SI011910,J,VS,JCE122,LO7774-WILD RICE COCO CURRY,LO7774,WILD RICE COCONUT CURRY SAUCE FRIED PLANTAIN,FOO,EA,48,4,7.248,28.99
BGI3,23/01/25,230,SI011910,J,VS,JDT33,LO2622- TRAY SET MM,LO2622,TRAY SET UP,SER,EA,48,44,16.138,710.07
BGI3,23/01/25,230,SI011910,J,VS,JPAX02,23237-PER PASSENGER CHARGE,23237,OVERHEAD - W PAX OVERHEAD - PER PAX,SER,EA,48,48,16.939,813.07
BGI3,23/01/25,230,SI011910,Y,VS,1YFP01,SP124713 - FPML [Y/C],SP124713,FPML,FOO,EA,86,1,18.156,18.16
BGI3,23/01/25,230,SI011910,Y,VS,1YGF01,SP124706 - GFML [Y/C],SP124706,GFML,FOO,EA,86,1,22.504,22.5
BGI3,23/01/25,230,SI011910,Y,VS,1YSP03,SP124701 - JAIN [Y/C],SP124701,VJML,FOO,EA,86,1,16.278,16.28
BGI3,23/01/25,230,SI011910,Y,VS,1YVG01,SP124699- VGML [Y/C],SP124699,VGML,FOO,EA,86,1,14.694,14.69
BGI3,23/01/25,230,SI011910,Y,VS,1YVL01,SP124698- VLML [Y/C],SP124698,VLML,FOO,EA,86,3,12.154,36.46
BGI3,23/01/25,230,SI011910,Y,VS,3YDS01,3354- ORANGE JUICE-1LT,3354,BEVERAGES - ORANGE JUICE - 1 LT,STO,EA,86,28,2.124,59.47
BGI3,23/01/25,230,SI011910,Y,VS,3YDS02,3335-TOMATO JUICE 1LT,3335,BEVERAGES - TOMATO JUICE - 1 LT,STO,EA,86,1,4.057,4.06
BGI3,23/01/25,230,SI011910,Y,VS,3YDS03,3376-CRANBERRY JUICE,3376,BEVERAGES - CRANBERRY JUICE - 1 LT,STO,EA,86,2,5.101,10.2
BGI3,23/01/25,230,SI011910,Y,VS,3YDS04,3353-APPLE JUICE 1LTR,3353,BEVERAGES - APPLE JUICE - 1 LT,STO,EA,86,14,2.124,29.74
BGI3,23/01/25,230,SI011910,Y,VS,3YDS06,3476-MINERAL WATER 1.5LT,3476,BEVERAGES - MINERAL WATER STILL - 1 LT,STO,EA,86,48,2.36,113.28
BGI3,23/01/25,230,SI011910,Y,VS,3YDS07,33169-SPARKLING WATER 1LT,33169,BEVERAGES - MINERAL WATER SPARK - 1 LT,STO,EA,86,13,3.274,42.56
BGI3,23/01/25,230,SI011910,Y,VS,3YDS11,213774-PLASTIC BAG,213774,EQUIPMENT - BAG- PLASTIC BAG,EQU,EA,86,1,0.368,0.37
BGI3,23/01/25,230,SI011910,Y,VS,3YS022,ORANGE LINEN BAG,151383,LAUNDRY - BAG LINEN ORANGE 2014,LAU,EA,86,1,1.969,1.97
BGI3,23/01/25,230,SI011910,Y,VS,3YS023,LINEN TABLECLOTH,3526,LAUNDRY - TABLE CLOTH/RUNNER 2014,LAU,EA,86,33,0.652,21.52
BGI3,23/01/25,230,SI011910,Y,VS,3YS024,LINEN NAPKINS,3527,LAUNDRY - LINEN FOLDED NAPKIN 2014,LAU,EA,86,31,0.522,16.18
BGI3,23/01/25,230,SI011910,Y,VS,3YS032,145995-EQUIP PK - STORES 300,145995,PACKING - FLIGHT PACKING - A330-300,SER,EA,86,1,167.95,167.95
BGI3,23/01/25,230,SI011910,Y,VS,3YS035,145991-TRANS.- HANDLING 33J,145991,TURNAROUND - STRIP - LOAD - A330-300 - 3 FLIGHTS,SER,EA,86,1,483.897,483.9
BGI3,23/01/25,230,SI011910,Y,VS,3YS036,145994- WASH UP A330-300,145994,WASH UP - WASH UP - A330-900,SER,EA,86,1,404.383,404.38
BGI3,23/01/25,230,SI011910,Y,VS,3YS038,17.5% VAT ON LAUNDRY CHRG 33J,51069SALE,SALES TAX - LAUNDRY,VAT,EA,86,1,10.961,10.96
BGI3,23/01/25,230,SI011910,Y,VS,3YS063,25137-CUTLERY WRAP 1ST SERV 33,25137,PACKING - CUTLERY WRAPPING FIRST SERVICE - A330-30,SER,EA,86,1,8.435,8.44
BGI3,23/01/25,230,SI011910,Y,VS,3YS064,33819-CUTLERY WRAP 2ND SERV 33,33819,PACKING - CUTLERY WRAPPING SECOND SERVICE - A330-3,SER,EA,86,1,8.435,8.44
BGI3,23/01/25,230,SI011910,Y,VS,3YS071,32673-CULT WASH-PL 1SER 300,32673,PACKING - CUTLERY WASHUP - POLISHING FIRST SERVICE,SER,EA,86,1,27.272,27.27
BGI3,23/01/25,230,SI011910,Y,VS,3YS072,33141-CULT WASH-PL 2SER 300,33141,PACKING - CUTLERY WASHUP - POLISHING SECOND SERVIC,SER,EA,86,1,18.363,18.36
BGI3,23/01/25,230,SI011910,Y,VS,3YS095,25127- CUTL WSH-POL A330,25127,PACKING - CUTLERY WASHUP - POLISHING - A330-300,SER,EA,86,1,54.402,54.4
BGI3,23/01/25,230,SI011910,Y,VS,FAN17,19382-MILK 100% [Y],19382,FULL FAT MILK - PINT,STO,EA,86,2,4.805,9.61
BGI3,23/01/25,230,SI011910,Y,VS,FAN18,19384- MILK 2% [Y],19384,SEMI SKIMMED MILK - PINT,STO,EA,86,4,4.805,19.22
BGI3,23/01/25,230,SI011910,Y,VS,FAN19,7042-LEMON HALVES [Y],7042,LIME WEDGES,FOO,EA,86,4,5.125,20.5
BGI3,23/01/25,230,SI011910,Y,VS,FAN20,19380- WET ICE [6LB BAG] [Y],19380,WET ICE,WET,EA,86,4,2.942,11.77
BGI3,23/01/25,230,SI011910,Y,VS,YBE11,174148-BREAKFAST BOX,174148,,,EA,86,79,8.412,664.55
BGI3,23/01/25,230,SI011910,Y,VS,YBE24,LO6953-OTIS SPUNKMEYER MUFFIN,LO6953,OTIS SPUNKMEYER MUFFIN,FOO,EA,86,79,1.872,147.89
BGI3,23/01/25,230,SI011910,Y,VS,YDE116,LO7778 - RO CHIX W PEPPERCORN,LO7778,ROASTED CHIX PEPPER SAU MASHED POTATO VEG,FOO,EA,86,55,8.748,481.14
BGI3,23/01/25,230,SI011910,Y,VS,YDE117,LO7779 - MAC PIE W TOM SAUCE,LO7779,MACARONI PIE TOMATO ROSE CREAMY SAUCE,FOO,EA,86,24,5.378,129.07
BGI3,23/01/25,230,SI011910,Y,VS,YDT30,LO2623 - MAIN MEAL TRAY SET UP,LO2623,TRAY SET UP,SER,EA,86,79,8.72,688.88
BGI3,23/01/25,230,SI011910,Y,VS,YPAX03,23240- PER PASSENGER CHARGE[Y],23240,OVERHEAD - Y PAX OVERHEAD - PER PAX,SER,EA,86,85,13.856,1177.76
BGI3,23/01/25,230,SI011910,YC,VS,2CE069, COCO CURRY,LO8708,WILD RICE COCONUT CURRY SAUCE VEG,FOO,EA,12,3,6.438,19.31
BGI3,23/01/25,230,SI011910,YC,VS,2CE070,LO8709 - GARLIC MASH CHIX THIG,LO8709,GARLIC MASH SEARED CHIX GREEN PEPPERCORN SAUCE,FOO,EA,12,3,10.838,32.51
BGI3,23/01/25,230,SI011910,YC,VS,2CE071,LO8710 - MAHI W GARL ORZO PAS,LO8710,SEARED MAHI ORZO PASTA CREOLE SAUCE VEG,FOO,EA,12,2,12.378,24.76
BGI3,23/01/25,230,SI011910,YC,VS,2CE072,LO8711 - PORKLOIN W PO GRATIN,LO8711,SEARED PORK POTATO GRATIN VEG,FOO,EA,12,2,13.84,27.68
BGI3,23/01/25,230,SI011910,YC,VS,2CE073,LO8712 - CHEESE RAVIOLI,LO8712,CHEESE RAVIOLI,FOO,EA,12,2,8.718,17.44
BGI3,23/01/25,230,SI011910,YC,VS,2CFF11,LO4110-WHOLE FRUIT 1,LO4110,SEASONAL WHOLE FRUIT OPTION 1,FOO,EA,12,6,4.622,27.73
BGI3,23/01/25,230,SI011910,YC,VS,2CFF12,LO4111-WHOLE FRUIT 2,LO4111,SEASONAL WHOLE FRUIT OPT 2,FOO,EA,12,6,4.622,27.73
BGI3,23/01/25,230,SI011910,YC,VS,2CFS44,LO5113- EGG SALAD SANDWICH,LO5113,EGG SALAD SANDWICH,FOO,EA,12,3,5.374,16.12
BGI3,23/01/25,230,SI011910,YC,VS,2CFS45,LO5115- TUNASALAD SANDWICH,LO5115,TUNA SALAD SANDWICH,FOO,EA,12,2,6.734,13.47
BGI3,23/01/25,230,SI011910,YC,VS,2CFS49,LO5119- BAP - STREAKY BACON,LO5119,SCOTTISH BAP WITH BACON,FOO,EA,12,4,4.866,19.46
BGI3,23/01/25,230,SI011910,YC,VS,2CFS52,LO5368- PLAIN BAGEL -PC CR CH,LO5368,PLAIN BAGEL WITH PC CREAM CHEESE,FOO,EA,12,4,4.086,16.34
BGI3,23/01/25,230,SI011910,YC,VS,2CFS77,LO8713 - HAM SANDWICH,LO8713,HAM SANDWICH,FOO,EA,12,3,7.734,23.2
BGI3,23/01/25,230,SI011910,YC,VS,2CFS78,LO8714 - CHEESE TOMATO WRAP,LO8714,CHEESE TOMATO CUCUMBER WRAP,FOO,EA,12,2,6.694,13.39
BGI3,23/01/25,230,SI011910,YC,VS,2CFS79,LO8715 - CHICKEN CHEESE BAGEL,LO8715,CHICKEN AND CHEESE BAGEL,FOO,EA,12,2,5.014,10.03
BGI3,23/01/25,230,SI011910,YC,VS,2CFS80,LO8716 - TURKEY SANDWICH,LO8716,TURKEY SANDWICH,FOO,EA,12,4,7.896,31.58
BGI3,23/01/25,230,SI011910,YC,VS,2CFS81, CHUTNE,LO8718,TILLAMOOK CHEESE CARR TROPICAL CHUTNEY,FOO,EA,12,6,6.788,40.73
BGI3,23/01/25,230,SI011910,YC,VS,2CFS82,LO8717 - PROTEIN POT W OLIVES,LO8717,PUMPKIN HUMMUS C CHEESE BLACK OLIVES PITTA BREAD T,FOO,EA,12,6,6.904,41.42
BGI3,23/01/25,230,SI011910,YC,VS,CPAX02,28728- C CREW SVC CHARGE,28728,OVERHEAD - CC OVERHEAD - PER PAX,SER,EA,12,12,25.48,305.76
BGI3,24/01/25,132,SI011913,F,VS,1FAV01,SP124534- AVML [F/C],SP124534,AVML,FOO,EA,44,1,32.885,32.89
BGI3,24/01/25,132,SI011913,F,VS,1OCM2,SP170099 - OCML,SP170099,OCML,FOO,EA,44,1,12.42,12.42
BGI3,24/01/25,132,SI011913,F,VS,1POBM2,SP170098 - OBML,SP170098,OBML,FOO,EA,44,4,14.292,57.17
BGI3,24/01/25,132,SI011913,F,VS,1POMML,SP170100 - OMML,SP170100,OMML,FOO,EA,44,1,9.162,9.16
BGI3,24/01/25,132,SI011913,F,VS,1POSML,SP170101 - OSML,SP170101,OSML,FOO,EA,44,3,10.91,32.73
BGI3,24/01/25,132,SI011913,F,VS,1POTML,SP170102 - OTML,SP170102,OTML,FOO,EA,44,5,9.48,47.4
BGI3,24/01/25,132,SI011913,F,VS,1POUML,SP173624 - OUML,SP173624,OUML,FOO,EA,44,6,12.36,74.16
BGI3,24/01/25,132,SI011913,F,VS,FAN12,19381- MILK 100%,19381,FULL FAT MILK - PINT,STO,EA,44,5,4.805,24.03
BGI3,24/01/25,132,SI011913,F,VS,FAN13,19383- MILK 2%,19383,SEMI SKIMMED MILK - PINT,STO,EA,44,2,4.805,9.61
BGI3,24/01/25,132,SI011913,F,VS,FAN14,19385-LEMON HALVES,19385,LEMON WEDGES,FOO,EA,44,3,5.125,15.38
BGI3,24/01/25,132,SI011913,F,VS,FAN21,19379-WET ICE[6LB BAG],19379,WET ICE,WET,EA,44,6,2.942,17.65
BGI3,24/01/25,132,SI011913,F,VS,FAN23,LO7607-CUCUMBER SLICES,LO7607,CUCUMBER SLICES,FOO,EA,44,1,7.686,7.69
BGI3,24/01/25,132,SI011913,F,VS,FAN30,7041- LIME WEDGES,7041,LIME WEDGES,FOO,EA,44,2,4.78,9.56
BGI3,24/01/25,132,SI011913,F,VS,FAN33,23212 - BULK EQUIPMENT,23212,BULK EQUIPMENT,EQU,EA,44,42,1.779,74.72
BGI3,24/01/25,132,SI011913,F,VS,FBD91,LO7757 -WHOLE WHEAT - FLAXSEED,LO7757,WHOLE WHEAT - FLAXSEED KNOT ROLL,FOO,EA,44,22,2.446,53.81
BGI3,24/01/25,132,SI011913,F,VS,FBD92,LO7758 -BLACK OLIVE - GAR ROLL,LO7758,BLACK OLIVE AND GARLIC ROLL,FOO,EA,44,22,2.516,55.35
BGI3,24/01/25,132,SI011913,F,VS,FBD93,LO7759 -CHEDDAR - ONION ROLL,LO7759,CHEDDAR CHEESE AND ONION ROLL,FOO,EA,44,21,2.446,51.37
BGI3,24/01/25,132,SI011913,F,VS,FBT14,LO7770- FRUIT PLATE,LO7770,FRUIT PLATE,FOO,EA,44,22,6.598,145.16
BGI3,24/01/25,132,SI011913,F,VS,FBT16,LO7126 - PLAIN GREEK YOGH FULL,LO7126,PLAIN GREEK YOGHURT - 907 GRAMS,STO,EA,44,1,13.612,13.61
BGI3,24/01/25,132,SI011913,F,VS,FBT17,LO7127- GRANOLA FULL,LO7127,GRANOLA WHOLE GRAIN - 360 GRAMS,STO,EA,44,1,16.562,16.56
BGI3,24/01/25,132,SI011913,F,VS,FBT18,LO7771 - BANANA MUFFIN,LO7771,BANANA MUFFIN,FOO,EA,44,22,3.272,71.98
BGI3,24/01/25,132,SI011913,F,VS,FCE155,LO7764 -HERB CHIX W POT GRATIN,LO7764,HERBED CHIX POTATO GRATIN CORN AND PEPPER,FOO,EA,44,12,12.582,150.98
BGI3,24/01/25,132,SI011913,F,VS,FCE156,LO7765 - MAHI MAHI W WILD RICE,LO7765,SPICED MAHI TURMERIC WILD RICE COCONUT CURRY,FOO,EA,44,7,14.292,100.04
BGI3,24/01/25,132,SI011913,F,VS,FCE157,LO7766 - VEG LASAGNA,LO7766,VEGETABLE LASGNA DUO SCALES,FOO,EA,44,4,12.42,49.68
BGI3,24/01/25,132,SI011913,F,VS,FCF16,LO5500- PICK YOUR OWN,LO5500,CARIBBEAN FRUIT WHOLE [ASSORTED],FOO,EA,44,1,26.288,26.29
BGI3,24/01/25,132,SI011913,F,VS,FCS153,LO8803 - JERK PORK SATAYS,LO8803,,,EA,44,22,6.072,133.58
BGI3,24/01/25,132,SI011913,F,VS,FCS154,LO8804 - PUMKIN HUMMUS,LO8804,,,EA,44,25,5.176,129.4
BGI3,24/01/25,132,SI011913,F,VS,FDD106,LO7762 -SAVOURY CHEESE PLATE,LO7762,STILTON CHEEDAR GOAT GRAPE CHUTNEY,FOO,EA,44,26,7.53,195.78
BGI3,24/01/25,132,SI011913,F,VS,FDD108,LO8805 - DOUBLE CHOC CHE CAKE,LO8805,,,EA,44,17,5.38,91.46
BGI3,24/01/25,132,SI011913,F,VS,FDD109,LO8806 - CARAMEL - PUMKIN BREA,LO8806,,,EA,44,22,4.83,106.26
BGI3,24/01/25,132,SI011913,F,VS,FDT007,LO4801- BUTTER,LO4801,BUTTER [PIPED] BULK LOAED,FOO,EA,44,43,1.042,44.81
BGI3,24/01/25,132,SI011913,F,VS,FHB69,LO4240-BACON BAP,LO4240,BACON BAP,FOO,EA,44,15,5.18,77.7
BGI3,24/01/25,132,SI011913,F,VS,FHB83,LO7767 -SCRAM EGG BB SAUS,LO7767,SCRAMBLE EGGS BACK BACON SAUSAGE BAKED BEANS,FOO,EA,44,22,9.72,213.84
BGI3,24/01/25,132,SI011913,F,VS,FHB84,LO7768 - PEPP - CHEE OMELETTE,LO7768,PEPPER AND CHEESE OMELETTE SPINACH SWEET POTATO,FOO,EA,44,6,7.85,47.1
BGI3,24/01/25,132,SI011913,F,VS,FHB85,LO7769 - CHOCO CHIP PANCAKE,LO7769,CHOCOLATE CHIP PANCAKESPICED PINEAPPLE AND BERRY C,FOO,EA,44,9,6.31,56.79
BGI3,24/01/25,132,SI011913,F,VS,FPAX04,23234-PER PASSENGER CHARGE,23234,OVERHEAD - J PAX OVERHEAD - PER PAX,SER,EA,44,42,36.774,1544.51
BGI3,24/01/25,132,SI011913,J,VS,1JCH03,SP124631 - CHILD MEAL [J/C],SP124631,CHML,FOO,EA,56,1,14.622,14.62
BGI3,24/01/25,132,SI011913,J,VS,1JHN01,SP124625 - HNML [J/C],SP124625,HNML,FOO,EA,56,1,17.188,17.19
BGI3,24/01/25,132,SI011913,J,VS,1PWAM2,SP170105 - WAM2,SP170105,WAML,FOO,EA,56,14,8.69,121.66
BGI3,24/01/25,132,SI011913,J,VS,1PWBM2,SP170106 - WBM2,SP170106,WBML,FOO,EA,56,3,11.298,33.89
BGI3,24/01/25,132,SI011913,J,VS,1PWCM2,SP170107 - WCM2,SP170107,WCML,FOO,EA,56,6,7.248,43.49
BGI3,24/01/25,132,SI011913,J,VS,JBE41, PORK SAUG,LO7775,SCRAMBLE EGG PORK SAUSAGE BACK BACON BAKED BEANS,FOO,EA,56,27,6.378,172.21
BGI3,24/01/25,132,SI011913,J,VS,JBE42,LO7776 -EGG - VEG FRITATTA,LO7776,EGG - VEGETABLE FRITATTA SWEET POTATO BLISTERED CH,FOO,EA,56,11,7.518,82.7
BGI3,24/01/25,132,SI011913,J,VS,JBE43,LO7777 -CHOC CHIP PANCAKES,LO7777,CHOCOLATE CHIP PANCAKE CARMALIZED PINEAPPLE AND BE,FOO,EA,56,16,5.378,86.05
BGI3,24/01/25,132,SI011913,J,VS,JCE119,LO7772 -CREOLE CHIX W GAR ORZO,LO7772,SEARED CHIX CREOLE SAUCE GARLIZ ORZO,FOO,EA,56,21,8.69,182.49
BGI3,24/01/25,132,SI011913,J,VS,JCE121,LO7773 -MAHI MAHI W MAS POT,LO7773,SEARED MAHI GARLIC MASH BLISTETED TOMATO,FOO,EA,56,9,11.298,101.68
BGI3,24/01/25,132,SI011913,J,VS,JCE122,LO7774-WILD RICE COCO CURRY,LO7774,WILD RICE COCONUT CURRY SAUCE FRIED PLANTAIN,FOO,EA,56,6,7.248,43.49
BGI3,24/01/25,132,SI011913,J,VS,JDT33,LO2622- TRAY SET MM,LO2622,TRAY SET UP,SER,EA,56,54,16.138,871.45
BGI3,24/01/25,132,SI011913,J,VS,JPAX02,23237-PER PASSENGER CHARGE,23237,OVERHEAD - W PAX OVERHEAD - PER PAX,SER,EA,56,52,16.939,880.83
BGI3,24/01/25,132,SI011913,Y,VS,1YCH04,SP124709- CHML [Y/C],SP124709,CHML,FOO,EA,141,1,14.622,14.62
BGI3,24/01/25,132,SI011913,Y,VS,1YGF01,SP124706 - GFML [Y/C],SP124706,GFML,FOO,EA,141,1,22.504,22.5
BGI3,24/01/25,132,SI011913,Y,VS,1YVG01,SP124699- VGML [Y/C],SP124699,VGML,FOO,EA,141,2,14.694,29.39
BGI3,24/01/25,132,SI011913,Y,VS,1YVL01,SP124698- VLML [Y/C],SP124698,VLML,FOO,EA,141,5,12.154,60.77
BGI3,24/01/25,132,SI011913,Y,VS,3YDS01,3354- ORANGE JUICE-1LT,3354,BEVERAGES - ORANGE JUICE - 1 LT,STO,EA,141,25,2.124,53.1
BGI3,24/01/25,132,SI011913,Y,VS,3YDS02,3335-TOMATO JUICE 1LT,3335,BEVERAGES - TOMATO JUICE - 1 LT,STO,EA,141,5,4.057,20.29
BGI3,24/01/25,132,SI011913,Y,VS,3YDS03,3376-CRANBERRY JUICE,3376,BEVERAGES - CRANBERRY JUICE - 1 LT,STO,EA,141,1,5.101,5.1
BGI3,24/01/25,132,SI011913,Y,VS,3YDS04,3353-APPLE JUICE 1LTR,3353,BEVERAGES - APPLE JUICE - 1 LT,STO,EA,141,18,2.124,38.23
BGI3,24/01/25,132,SI011913,Y,VS,3YDS06,3476-MINERAL WATER 1.5LT,3476,BEVERAGES - MINERAL WATER STILL - 1 LT,STO,EA,141,98,2.36,231.28
BGI3,24/01/25,132,SI011913,Y,VS,3YDS07,33169-SPARKLING WATER 1LT,33169,BEVERAGES - MINERAL WATER SPARK - 1 LT,STO,EA,141,12,3.274,39.29
BGI3,24/01/25,132,SI011913,Y,VS,3YDS11,213774-PLASTIC BAG,213774,EQUIPMENT - BAG- PLASTIC BAG,EQU,EA,141,1,0.368,0.37
BGI3,24/01/25,132,SI011913,Y,VS,3YS022,ORANGE LINEN BAG,151383,LAUNDRY - BAG LINEN ORANGE 2014,LAU,EA,141,1,1.969,1.97
BGI3,24/01/25,132,SI011913,Y,VS,3YS024,LINEN NAPKINS,3527,LAUNDRY - LINEN FOLDED NAPKIN 2014,LAU,EA,141,44,0.522,22.97
BGI3,24/01/25,132,SI011913,Y,VS,3YS032,145995-EQUIP PK - STORES 300,145995,PACKING - FLIGHT PACKING - A330-300,SER,EA,141,1,167.95,167.95
BGI3,24/01/25,132,SI011913,Y,VS,3YS035,145991-TRANS.- HANDLING 33J,145991,TURNAROUND - STRIP - LOAD - A330-300 - 3 FLIGHTS,SER,EA,141,1,483.897,483.9
BGI3,24/01/25,132,SI011913,Y,VS,3YS036,145994- WASH UP A330-300,145994,WASH UP - WASH UP - A330-900,SER,EA,141,1,404.383,404.38
BGI3,24/01/25,132,SI011913,Y,VS,3YS038,17.5% VAT ON LAUNDRY CHRG 33J,51069SALE,SALES TAX - LAUNDRY,VAT,EA,141,1,10.961,10.96
BGI3,24/01/25,132,SI011913,Y,VS,3YS063,25137-CUTLERY WRAP 1ST SERV 33,25137,PACKING - CUTLERY WRAPPING FIRST SERVICE - A330-30,SER,EA,141,1,8.435,8.44
BGI3,24/01/25,132,SI011913,Y,VS,3YS064,33819-CUTLERY WRAP 2ND SERV 33,33819,PACKING - CUTLERY WRAPPING SECOND SERVICE - A330-3,SER,EA,141,1,8.435,8.44
BGI3,24/01/25,132,SI011913,Y,VS,3YS071,32673-CULT WASH-PL 1SER 300,32673,PACKING - CUTLERY WASHUP - POLISHING FIRST SERVICE,SER,EA,141,1,27.272,27.27
BGI3,24/01/25,132,SI011913,Y,VS,3YS072,33141-CULT WASH-PL 2SER 300,33141,PACKING - CUTLERY WASHUP - POLISHING SECOND SERVIC,SER,EA,141,1,18.363,18.36
BGI3,24/01/25,132,SI011913,Y,VS,3YS095,25127- CUTL WSH-POL A330,25127,PACKING - CUTLERY WASHUP - POLISHING - A330-300,SER,EA,141,1,54.402,54.4
BGI3,24/01/25,132,SI011913,Y,VS,FAN17,19382-MILK 100% [Y],19382,FULL FAT MILK - PINT,STO,EA,141,2,4.805,9.61
BGI3,24/01/25,132,SI011913,Y,VS,FAN18,19384- MILK 2% [Y],19384,SEMI SKIMMED MILK - PINT,STO,EA,141,4,4.805,19.22
BGI3,24/01/25,132,SI011913,Y,VS,FAN19,7042-LEMON HALVES [Y],7042,LIME WEDGES,FOO,EA,141,6,5.125,30.75
BGI3,24/01/25,132,SI011913,Y,VS,FAN20,19380- WET ICE [6LB BAG] [Y],19380,WET ICE,WET,EA,141,6,2.942,17.65
BGI3,24/01/25,132,SI011913,Y,VS,YBE11,174148-BREAKFAST BOX,174148,,,EA,141,137,8.412,1152.44
BGI3,24/01/25,132,SI011913,Y,VS,YBE24,LO6953-OTIS SPUNKMEYER MUFFIN,LO6953,OTIS SPUNKMEYER MUFFIN,FOO,EA,141,137,1.872,256.46
BGI3,24/01/25,132,SI011913,Y,VS,YDE116,LO7778 - RO CHIX W PEPPERCORN,LO7778,ROASTED CHIX PEPPER SAU MASHED POTATO VEG,FOO,EA,141,96,8.748,839.81
BGI3,24/01/25,132,SI011913,Y,VS,YDE117,LO7779 - MAC PIE W TOM SAUCE,LO7779,MACARONI PIE TOMATO ROSE CREAMY SAUCE,FOO,EA,141,41,5.378,220.5
BGI3,24/01/25,132,SI011913,Y,VS,YDT30,LO2623 - MAIN MEAL TRAY SET UP,LO2623,TRAY SET UP,SER,EA,141,137,8.72,1194.64
BGI3,24/01/25,132,SI011913,Y,VS,YPAX03,23240- PER PASSENGER CHARGE[Y],23240,OVERHEAD - Y PAX OVERHEAD - PER PAX,SER,EA,141,139,13.856,1925.98
BGI3,24/01/25,132,SI011913,YC,VS,2CE069, COCO CURRY,LO8708,WILD RICE COCONUT CURRY SAUCE VEG,FOO,EA,12,3,6.438,19.31
BGI3,24/01/25,132,SI011913,YC,VS,2CE070,LO8709 - GARLIC MASH CHIX THIG,LO8709,GARLIC MASH SEARED CHIX GREEN PEPPERCORN SAUCE,FOO,EA,12,3,10.838,32.51
BGI3,24/01/25,132,SI011913,YC,VS,2CE071,LO8710 - MAHI W GARL ORZO PAS,LO8710,SEARED MAHI ORZO PASTA CREOLE SAUCE VEG,FOO,EA,12,2,12.378,24.76
BGI3,24/01/25,132,SI011913,YC,VS,2CE072,LO8711 - PORKLOIN W PO GRATIN,LO8711,SEARED PORK POTATO GRATIN VEG,FOO,EA,12,2,13.84,27.68
BGI3,24/01/25,132,SI011913,YC,VS,2CE073,LO8712 - CHEESE RAVIOLI,LO8712,CHEESE RAVIOLI,FOO,EA,12,2,8.718,17.44
BGI3,24/01/25,132,SI011913,YC,VS,2CFF11,LO4110-WHOLE FRUIT 1,LO4110,SEASONAL WHOLE FRUIT OPTION 1,FOO,EA,12,6,4.622,27.73
BGI3,24/01/25,132,SI011913,YC,VS,2CFF12,LO4111-WHOLE FRUIT 2,LO4111,SEASONAL WHOLE FRUIT OPT 2,FOO,EA,12,6,4.622,27.73
BGI3,24/01/25,132,SI011913,YC,VS,2CFS44,LO5113- EGG SALAD SANDWICH,LO5113,EGG SALAD SANDWICH,FOO,EA,12,3,5.374,16.12
BGI3,24/01/25,132,SI011913,YC,VS,2CFS45,LO5115- TUNASALAD SANDWICH,LO5115,TUNA SALAD SANDWICH,FOO,EA,12,2,6.734,13.47
BGI3,24/01/25,132,SI011913,YC,VS,2CFS49,LO5119- BAP - STREAKY BACON,LO5119,SCOTTISH BAP WITH BACON,FOO,EA,12,4,4.866,19.46
BGI3,24/01/25,132,SI011913,YC,VS,2CFS52,LO5368- PLAIN BAGEL -PC CR CH,LO5368,PLAIN BAGEL WITH PC CREAM CHEESE,FOO,EA,12,4,4.086,16.34
BGI3,24/01/25,132,SI011913,YC,VS,2CFS77,LO8713 - HAM SANDWICH,LO8713,HAM SANDWICH,FOO,EA,12,3,7.734,23.2
BGI3,24/01/25,132,SI011913,YC,VS,2CFS78,LO8714 - CHEESE TOMATO WRAP,LO8714,CHEESE TOMATO CUCUMBER WRAP,FOO,EA,12,2,6.694,13.39
BGI3,24/01/25,132,SI011913,YC,VS,2CFS79,LO8715 - CHICKEN CHEESE BAGEL,LO8715,CHICKEN AND CHEESE BAGEL,FOO,EA,12,2,5.014,10.03
BGI3,24/01/25,132,SI011913,YC,VS,2CFS80,LO8716 - TURKEY SANDWICH,LO8716,TURKEY SANDWICH,FOO,EA,12,4,7.896,31.58
BGI3,24/01/25,132,SI011913,YC,VS,2CFS81, CHUTNE,LO8718,TILLAMOOK CHEESE CARR TROPICAL CHUTNEY,FOO,EA,12,6,6.788,40.73
BGI3,24/01/25,132,SI011913,YC,VS,2CFS82,LO8717 - PROTEIN POT W OLIVES,LO8717,PUMPKIN HUMMUS C CHEESE BLACK OLIVES PITTA BREAD T,FOO,EA,12,6,6.904,41.42
BGI3,24/01/25,132,SI011913,YC,VS,CPAX02,28728- C CREW SVC CHARGE,28728,OVERHEAD - CC OVERHEAD - PER PAX,SER,EA,12,12,25.48,305.76
BGI3,24/01/25,187A,SI011911,F,VS,FPAX06,F PAX CHG SHUTTLE,23234ISLAND,OVERHEAD - J INTERISLAND OVERHEAD - PER PAX,SER,EA,17,17,0.831,14.13
BGI3,24/01/25,187A,SI011911,F,VS,JSN04,LO7128 - ORIGINAL SHIRLEY,LO7128,ORIGINAL SHIRLEY BISCUIT,STO,EA,17,17,1.096,18.63
BGI3,24/01/25,187A,SI011911,J,VS,JPAX03,J PAX CHG SHUTTLE,23237ISLAND,OVERHEAD - W INTERISLAND OVERHEAD - PER PAX,SER,EA,26,26,0.831,21.61
BGI3,24/01/25,187A,SI011911,J,VS,JSN05,LO7135 - ORIGINAL SHIRLEY,LO7135,ORIGINAL SHIRLEY BISCUIT,STO,EA,26,26,1.096,28.5
BGI3,24/01/25,187A,SI011911,Y,VS,3YS035,145991-TRANS.- HANDLING 33J,145991,TURNAROUND - STRIP - LOAD - A330-300 - 3 FLIGHTS,SER,EA,63,1,483.897,483.9
BGI3,24/01/25,187A,SI011911,Y,VS,FAN35,WATER 1.5LT,LO2664,INTERISLAND 1.5 LTR WATER,STO,EA,63,18,2.36,42.48
BGI3,24/01/25,187A,SI011911,Y,VS,FAN36,ORANGE JUICE 1LT,3354,BEVERAGE- ORANGE JUICE - 1 LT,STO,EA,63,5,2.124,10.62
BGI3,24/01/25,187A,SI011911,Y,VS,JSN06,LO7138 - ORIGINAL SHIRLEY,LO7138,ORIGINAL SHIRLEY BISCUIT,STO,EA,63,63,1.096,69.05
BGI3,24/01/25,187A,SI011911,Y,VS,YPAX04,Y PAX CHG SHUTTLE,23240ISLAND,OVERHEAD - Y INTERISLAND OVERHEAD - PER PAX,SER,EA,63,63,0.831,52.35
BGI3,24/01/25,187A,SI011911,YC,VS,2CFF12,LO4111-WHOLE FRUIT 2,LO4111,SEASONAL WHOLE FRUIT OPT 2,FOO,EA,12,5,4.622,23.11
BGI3,24/01/25,187A,SI011911,YC,VS,2CFF13,LO4268 - WHOLE FRUIT 1,LO4268,SEASONAL WHOLE FRUIT OPT 1,FOO,EA,12,7,4.662,32.63
BGI3,24/01/25,187A,SI011911,YC,VS,2CFS55,LO6303 - TUNA SANDWICH,LO6303,TUNA SANDWICH,FOO,EA,12,5,6.734,33.67
BGI3,24/01/25,187A,SI011911,YC,VS,2CFS83,LO7721 - EGG SANDWICH,LO7721,EGG SALAD SANDWICH,FOO,EA,12,7,5.374,37.62
BGI3,24/01/25,187A,SI011911,YC,VS,CPAX04,C PAX CHG SHUTTLE,28728,OVERHEAD - CC OVERHEAD - PER PAX,SER,EA,12,12,22.261,267.13
BGI3,24/01/25,187A,SI011911,YC,VS,FAN37,LO2664 - CREW WATER 1.5 LT,LO2664,INTERISLAND 1.5 LTR WATER,STO,EA,12,12,2.272,27.26
BGI3,24/01/25,187A,SI011911,YC,VS,JSN07,LO7722 - ORIG SHIRLEY CREW,LO7722,ORIGINAL SHIRLEY BISCUIT,STO,EA,12,12,1.096,13.15
BGI3,24/01/25,188,SI011914,F,VS,1FCH02,SP124543 - CHILD MEAL [F/C],SP124543,CHML,FOO,EA,31,1,29.908,29.91
BGI3,24/01/25,188,SI011914,F,VS,1FGF01,SP124540- GFML [F/C],SP124540,GFML,FOO,EA,31,1,31.461,31.46
BGI3,24/01/25,188,SI011914,F,VS,1POAM2,SP170097 - OAML,SP170097,OAML,FOO,EA,31,2,12.582,25.16
BGI3,24/01/25,188,SI011914,F,VS,1POBM2,SP170098 - OBML,SP170098,OBML,FOO,EA,31,2,14.292,28.58
BGI3,24/01/25,188,SI011914,F,VS,1POMML,SP170100 - OMML,SP170100,OMML,FOO,EA,31,2,9.162,18.32
BGI3,24/01/25,188,SI011914,F,VS,1POSML,SP170101 - OSML,SP170101,OSML,FOO,EA,31,1,10.91,10.91
BGI3,24/01/25,188,SI011914,F,VS,1POVML,SP173625 - OVML,SP173625,OVML,FOO,EA,31,1,10.63,10.63
BGI3,24/01/25,188,SI011914,F,VS,FAN12,19381- MILK 100%,19381,FULL FAT MILK - PINT,STO,EA,31,4,4.805,19.22
BGI3,24/01/25,188,SI011914,F,VS,FAN13,19383- MILK 2%,19383,SEMI SKIMMED MILK - PINT,STO,EA,31,2,4.805,9.61
BGI3,24/01/25,188,SI011914,F,VS,FAN14,19385-LEMON HALVES,19385,LEMON WEDGES,FOO,EA,31,2,5.125,10.25
BGI3,24/01/25,188,SI011914,F,VS,FAN21,19379-WET ICE[6LB BAG],19379,WET ICE,WET,EA,31,4,2.942,11.77
BGI3,24/01/25,188,SI011914,F,VS,FAN23,LO7607-CUCUMBER SLICES,LO7607,CUCUMBER SLICES,FOO,EA,31,1,7.686,7.69
BGI3,24/01/25,188,SI011914,F,VS,FAN30,7041- LIME WEDGES,7041,LIME WEDGES,FOO,EA,31,2,4.78,9.56
BGI3,24/01/25,188,SI011914,F,VS,FAN33,23212 - BULK EQUIPMENT,23212,BULK EQUIPMENT,EQU,EA,31,31,1.779,55.15
BGI3,24/01/25,188,SI011914,F,VS,FBD91,LO7757 -WHOLE WHEAT - FLAXSEED,LO7757,WHOLE WHEAT - FLAXSEED KNOT ROLL,FOO,EA,31,15,2.446,36.69
BGI3,24/01/25,188,SI011914,F,VS,FBD92,LO7758 -BLACK OLIVE - GAR ROLL,LO7758,BLACK OLIVE AND GARLIC ROLL,FOO,EA,31,15,2.516,37.74
BGI3,24/01/25,188,SI011914,F,VS,FBD93,LO7759 -CHEDDAR - ONION ROLL,LO7759,CHEDDAR CHEESE AND ONION ROLL,FOO,EA,31,14,2.446,34.24
BGI3,24/01/25,188,SI011914,F,VS,FBT14,LO7770- FRUIT PLATE,LO7770,FRUIT PLATE,FOO,EA,31,15,6.598,98.97
BGI3,24/01/25,188,SI011914,F,VS,FBT16,LO7126 - PLAIN GREEK YOGH FULL,LO7126,PLAIN GREEK YOGHURT - 907 GRAMS,STO,EA,31,1,13.612,13.61
BGI3,24/01/25,188,SI011914,F,VS,FBT17,LO7127- GRANOLA FULL,LO7127,GRANOLA WHOLE GRAIN - 360 GRAMS,STO,EA,31,1,16.562,16.56
BGI3,24/01/25,188,SI011914,F,VS,FBT18,LO7771 - BANANA MUFFIN,LO7771,BANANA MUFFIN,FOO,EA,31,15,3.272,49.08
BGI3,24/01/25,188,SI011914,F,VS,FCE155,LO7764 -HERB CHIX W POT GRATIN,LO7764,HERBED CHIX POTATO GRATIN CORN AND PEPPER,FOO,EA,31,9,12.582,113.24
BGI3,24/01/25,188,SI011914,F,VS,FCE156,LO7765 - MAHI MAHI W WILD RICE,LO7765,SPICED MAHI TURMERIC WILD RICE COCONUT CURRY,FOO,EA,31,6,14.292,85.75
BGI3,24/01/25,188,SI011914,F,VS,FCE157,LO7766 - VEG LASAGNA,LO7766,VEGETABLE LASGNA DUO SCALES,FOO,EA,31,4,12.42,49.68
BGI3,24/01/25,188,SI011914,F,VS,FCF16,LO5500- PICK YOUR OWN,LO5500,CARIBBEAN FRUIT WHOLE [ASSORTED],FOO,EA,31,1,26.288,26.29
BGI3,24/01/25,188,SI011914,F,VS,FCS153,LO8803 - JERK PORK SATAYS,LO8803,,,EA,31,15,6.072,91.08
BGI3,24/01/25,188,SI011914,F,VS,FCS154,LO8804 - PUMKIN HUMMUS,LO8804,,,EA,31,17,5.176,87.99
BGI3,24/01/25,188,SI011914,F,VS,FDD106,LO7762 -SAVOURY CHEESE PLATE,LO7762,STILTON CHEEDAR GOAT GRAPE CHUTNEY,FOO,EA,31,17,7.53,128.01
BGI3,24/01/25,188,SI011914,F,VS,FDD108,LO8805 - DOUBLE CHOC CHE CAKE,LO8805,,,EA,31,12,5.38,64.56
BGI3,24/01/25,188,SI011914,F,VS,FDD109,LO8806 - CARAMEL - PUMKIN BREA,LO8806,,,EA,31,15,4.83,72.45
BGI3,24/01/25,188,SI011914,F,VS,FDT007,LO4801- BUTTER,LO4801,BUTTER [PIPED] BULK LOAED,FOO,EA,31,29,1.042,30.22
BGI3,24/01/25,188,SI011914,F,VS,FHB69,LO4240-BACON BAP,LO4240,BACON BAP,FOO,EA,31,10,5.18,51.8
BGI3,24/01/25,188,SI011914,F,VS,FHB83,LO7767 -SCRAM EGG BB SAUS,LO7767,SCRAMBLE EGGS BACK BACON SAUSAGE BAKED BEANS,FOO,EA,31,15,9.72,145.8
BGI3,24/01/25,188,SI011914,F,VS,FHB84,LO7768 - PEPP - CHEE OMELETTE,LO7768,PEPPER AND CHEESE OMELETTE SPINACH SWEET POTATO,FOO,EA,31,4,7.85,31.4
BGI3,24/01/25,188,SI011914,F,VS,FHB85,LO7769 - CHOCO CHIP PANCAKE,LO7769,CHOCOLATE CHIP PANCAKESPICED PINEAPPLE AND BERRY C,FOO,EA,31,6,6.31,37.86
BGI3,24/01/25,188,SI011914,F,VS,FPAX04,23234-PER PASSENGER CHARGE,23234,OVERHEAD - J PAX OVERHEAD - PER PAX,SER,EA,31,31,36.774,1139.99
BGI3,24/01/25,188,SI011914,J,VS,1PWAM2,SP170105 - WAM2,SP170105,WAML,FOO,EA,48,19,8.69,165.11
BGI3,24/01/25,188,SI011914,J,VS,1PWBM2,SP170106 - WBM2,SP170106,WBML,FOO,EA,48,2,11.298,22.6
BGI3,24/01/25,188,SI011914,J,VS,1PWCM2,SP170107 - WCM2,SP170107,WCML,FOO,EA,48,2,7.248,14.5
BGI3,24/01/25,188,SI011914,J,VS,1YBA02,BABY MEAL - CATERER OWNED,SP124710,BBML,STO,EA,48,1,15.93,15.93
BGI3,24/01/25,188,SI011914,J,VS,JBE41, PORK SAUG,LO7775,SCRAMBLE EGG PORK SAUSAGE BACK BACON BAKED BEANS,FOO,EA,48,24,6.378,153.07
BGI3,24/01/25,188,SI011914,J,VS,JBE42,LO7776 -EGG - VEG FRITATTA,LO7776,EGG - VEGETABLE FRITATTA SWEET POTATO BLISTERED CH,FOO,EA,48,10,7.518,75.18
BGI3,24/01/25,188,SI011914,J,VS,JBE43,LO7777 -CHOC CHIP PANCAKES,LO7777,CHOCOLATE CHIP PANCAKE CARMALIZED PINEAPPLE AND BE,FOO,EA,48,14,5.378,75.29
BGI3,24/01/25,188,SI011914,J,VS,JCE119,LO7772 -CREOLE CHIX W GAR ORZO,LO7772,SEARED CHIX CREOLE SAUCE GARLIZ ORZO,FOO,EA,48,16,8.69,139.04
BGI3,24/01/25,188,SI011914,J,VS,JCE121,LO7773 -MAHI MAHI W MAS POT,LO7773,SEARED MAHI GARLIC MASH BLISTETED TOMATO,FOO,EA,48,8,11.298,90.38
BGI3,24/01/25,188,SI011914,J,VS,JCE122,LO7774-WILD RICE COCO CURRY,LO7774,WILD RICE COCONUT CURRY SAUCE FRIED PLANTAIN,FOO,EA,48,5,7.248,36.24
BGI3,24/01/25,188,SI011914,J,VS,JDT33,LO2622- TRAY SET MM,LO2622,TRAY SET UP,SER,EA,48,48,16.138,774.62
BGI3,24/01/25,188,SI011914,J,VS,JPAX02,23237-PER PASSENGER CHARGE,23237,OVERHEAD - W PAX OVERHEAD - PER PAX,SER,EA,48,42,16.939,711.44
BGI3,24/01/25,188,SI011914,Y,VS,1YAV01,SP124700- AVML [Y/C],SP124700,AVML,FOO,EA,134,1,15.115,15.12
BGI3,24/01/25,188,SI011914,Y,VS,1YBA02,BABY MEAL - CATERER OWNED,SP124710,BBML,STO,EA,134,2,15.93,31.86
BGI3,24/01/25,188,SI011914,Y,VS,1YCH04,SP124709- CHML [Y/C],SP124709,CHML,FOO,EA,134,1,14.622,14.62
BGI3,24/01/25,188,SI011914,Y,VS,1YGF01,SP124706 - GFML [Y/C],SP124706,GFML,FOO,EA,134,2,22.504,45.01
BGI3,24/01/25,188,SI011914,Y,VS,1YNL01,SP124712 - NLML [Y/C],SP124712,NLML,FOO,EA,134,1,22.504,22.5
BGI3,24/01/25,188,SI011914,Y,VS,1YVL01,SP124698- VLML [Y/C],SP124698,VLML,FOO,EA,134,4,12.154,48.62
BGI3,24/01/25,188,SI011914,Y,VS,3YDS01,3354- ORANGE JUICE-1LT,3354,BEVERAGES - ORANGE JUICE - 1 LT,STO,EA,134,22,2.124,46.73
BGI3,24/01/25,188,SI011914,Y,VS,3YDS02,3335-TOMATO JUICE 1LT,3335,BEVERAGES - TOMATO JUICE - 1 LT,STO,EA,134,1,4.057,4.06
BGI3,24/01/25,188,SI011914,Y,VS,3YDS03,3376-CRANBERRY JUICE,3376,BEVERAGES - CRANBERRY JUICE - 1 LT,STO,EA,134,2,5.101,10.2
BGI3,24/01/25,188,SI011914,Y,VS,3YDS04,3353-APPLE JUICE 1LTR,3353,BEVERAGES - APPLE JUICE - 1 LT,STO,EA,134,13,2.124,27.61
BGI3,24/01/25,188,SI011914,Y,VS,3YDS06,3476-MINERAL WATER 1.5LT,3476,BEVERAGES - MINERAL WATER STILL - 1 LT,STO,EA,134,48,2.36,113.28
BGI3,24/01/25,188,SI011914,Y,VS,3YDS07,33169-SPARKLING WATER 1LT,33169,BEVERAGES - MINERAL WATER SPARK - 1 LT,STO,EA,134,12,3.274,39.29
BGI3,24/01/25,188,SI011914,Y,VS,3YDS11,213774-PLASTIC BAG,213774,EQUIPMENT - BAG- PLASTIC BAG,EQU,EA,134,1,0.368,0.37
BGI3,24/01/25,188,SI011914,Y,VS,3YS022,ORANGE LINEN BAG,151383,LAUNDRY - BAG LINEN ORANGE 2014,LAU,EA,134,1,1.969,1.97
BGI3,24/01/25,188,SI011914,Y,VS,3YS023,LINEN TABLECLOTH,3526,LAUNDRY - TABLE CLOTH/RUNNER 2014,LAU,EA,134,33,0.652,21.52
BGI3,24/01/25,188,SI011914,Y,VS,3YS024,LINEN NAPKINS,3527,LAUNDRY - LINEN FOLDED NAPKIN 2014,LAU,EA,134,31,0.522,16.18
BGI3,24/01/25,188,SI011914,Y,VS,3YS032,145995-EQUIP PK - STORES 300,145995,PACKING - FLIGHT PACKING - A330-300,SER,EA,134,1,167.95,167.95
BGI3,24/01/25,188,SI011914,Y,VS,3YS035,145991-TRANS.- HANDLING 33J,145991,TURNAROUND - STRIP - LOAD - A330-300 - 3 FLIGHTS,SER,EA,134,1,483.897,483.9
BGI3,24/01/25,188,SI011914,Y,VS,3YS036,145994- WASH UP A330-300,145994,WASH UP - WASH UP - A330-900,SER,EA,134,1,404.383,404.38
BGI3,24/01/25,188,SI011914,Y,VS,3YS038,17.5% VAT ON LAUNDRY CHRG 33J,51069SALE,SALES TAX - LAUNDRY,VAT,EA,134,1,10.961,10.96
BGI3,24/01/25,188,SI011914,Y,VS,3YS063,25137-CUTLERY WRAP 1ST SERV 33,25137,PACKING - CUTLERY WRAPPING FIRST SERVICE - A330-30,SER,EA,134,1,8.435,8.44
BGI3,24/01/25,188,SI011914,Y,VS,3YS064,33819-CUTLERY WRAP 2ND SERV 33,33819,PACKING - CUTLERY WRAPPING SECOND SERVICE - A330-3,SER,EA,134,1,8.435,8.44
BGI3,24/01/25,188,SI011914,Y,VS,3YS071,32673-CULT WASH-PL 1SER 300,32673,PACKING - CUTLERY WASHUP - POLISHING FIRST SERVICE,SER,EA,134,1,27.272,27.27
BGI3,24/01/25,188,SI011914,Y,VS,3YS072,33141-CULT WASH-PL 2SER 300,33141,PACKING - CUTLERY WASHUP - POLISHING SECOND SERVIC,SER,EA,134,1,18.363,18.36
BGI3,24/01/25,188,SI011914,Y,VS,3YS095,25127- CUTL WSH-POL A330,25127,PACKING - CUTLERY WASHUP - POLISHING - A330-300,SER,EA,134,1,54.402,54.4
BGI3,24/01/25,188,SI011914,Y,VS,FAN17,19382-MILK 100% [Y],19382,FULL FAT MILK - PINT,STO,EA,134,2,4.805,9.61
BGI3,24/01/25,188,SI011914,Y,VS,FAN18,19384- MILK 2% [Y],19384,SEMI SKIMMED MILK - PINT,STO,EA,134,4,4.805,19.22
BGI3,24/01/25,188,SI011914,Y,VS,FAN19,7042-LEMON HALVES [Y],7042,LIME WEDGES,FOO,EA,134,6,5.125,30.75
BGI3,24/01/25,188,SI011914,Y,VS,FAN20,19380- WET ICE [6LB BAG] [Y],19380,WET ICE,WET,EA,134,6,2.942,17.65
BGI3,24/01/25,188,SI011914,Y,VS,YBE11,174148-BREAKFAST BOX,174148,,,EA,134,125,8.412,1051.5
BGI3,24/01/25,188,SI011914,Y,VS,YBE24,LO6953-OTIS SPUNKMEYER MUFFIN,LO6953,OTIS SPUNKMEYER MUFFIN,FOO,EA,134,125,1.872,234
BGI3,24/01/25,188,SI011914,Y,VS,YDE116,LO7778 - RO CHIX W PEPPERCORN,LO7778,ROASTED CHIX PEPPER SAU MASHED POTATO VEG,FOO,EA,134,88,8.748,769.82
BGI3,24/01/25,188,SI011914,Y,VS,YDE117,LO7779 - MAC PIE W TOM SAUCE,LO7779,MACARONI PIE TOMATO ROSE CREAMY SAUCE,FOO,EA,134,37,5.378,198.99
BGI3,24/01/25,188,SI011914,Y,VS,YDT30,LO2623 - MAIN MEAL TRAY SET UP,LO2623,TRAY SET UP,SER,EA,134,125,8.72,1090
BGI3,24/01/25,188,SI011914,Y,VS,YPAX03,23240- PER PASSENGER CHARGE[Y],23240,OVERHEAD - Y PAX OVERHEAD - PER PAX,SER,EA,134,120,13.856,1662.72
BGI3,24/01/25,188,SI011914,YC,VS,2CE069, COCO CURRY,LO8708,WILD RICE COCONUT CURRY SAUCE VEG,FOO,EA,12,3,6.438,19.31
BGI3,24/01/25,188,SI011914,YC,VS,2CE070,LO8709 - GARLIC MASH CHIX THIG,LO8709,GARLIC MASH SEARED CHIX GREEN PEPPERCORN SAUCE,FOO,EA,12,3,10.838,32.51
BGI3,24/01/25,188,SI011914,YC,VS,2CE071,LO8710 - MAHI W GARL ORZO PAS,LO8710,SEARED MAHI ORZO PASTA CREOLE SAUCE VEG,FOO,EA,12,2,12.378,24.76
BGI3,24/01/25,188,SI011914,YC,VS,2CE072,LO8711 - PORKLOIN W PO GRATIN,LO8711,SEARED PORK POTATO GRATIN VEG,FOO,EA,12,2,13.84,27.68
BGI3,24/01/25,188,SI011914,YC,VS,2CE073,LO8712 - CHEESE RAVIOLI,LO8712,CHEESE RAVIOLI,FOO,EA,12,2,8.718,17.44
BGI3,24/01/25,188,SI011914,YC,VS,2CFF11,LO4110-WHOLE FRUIT 1,LO4110,SEASONAL WHOLE FRUIT OPTION 1,FOO,EA,12,6,4.622,27.73
BGI3,24/01/25,188,SI011914,YC,VS,2CFF12,LO4111-WHOLE FRUIT 2,LO4111,SEASONAL WHOLE FRUIT OPT 2,FOO,EA,12,6,4.622,27.73
BGI3,24/01/25,188,SI011914,YC,VS,2CFS44,LO5113- EGG SALAD SANDWICH,LO5113,EGG SALAD SANDWICH,FOO,EA,12,3,5.374,16.12
BGI3,24/01/25,188,SI011914,YC,VS,2CFS45,LO5115- TUNASALAD SANDWICH,LO5115,TUNA SALAD SANDWICH,FOO,EA,12,2,6.734,13.47
BGI3,24/01/25,188,SI011914,YC,VS,2CFS49,LO5119- BAP - STREAKY BACON,LO5119,SCOTTISH BAP WITH BACON,FOO,EA,12,4,4.866,19.46
BGI3,24/01/25,188,SI011914,YC,VS,2CFS52,LO5368- PLAIN BAGEL -PC CR CH,LO5368,PLAIN BAGEL WITH PC CREAM CHEESE,FOO,EA,12,4,4.086,16.34
BGI3,24/01/25,188,SI011914,YC,VS,2CFS77,LO8713 - HAM SANDWICH,LO8713,HAM SANDWICH,FOO,EA,12,3,7.734,23.2
BGI3,24/01/25,188,SI011914,YC,VS,2CFS78,LO8714 - CHEESE TOMATO WRAP,LO8714,CHEESE TOMATO CUCUMBER WRAP,FOO,EA,12,2,6.694,13.39
BGI3,24/01/25,188,SI011914,YC,VS,2CFS79,LO8715 - CHICKEN CHEESE BAGEL,LO8715,CHICKEN AND CHEESE BAGEL,FOO,EA,12,2,5.014,10.03
BGI3,24/01/25,188,SI011914,YC,VS,2CFS80,LO8716 - TURKEY SANDWICH,LO8716,TURKEY SANDWICH,FOO,EA,12,4,7.896,31.58
BGI3,24/01/25,188,SI011914,YC,VS,2CFS81, CHUTNE,LO8718,TILLAMOOK CHEESE CARR TROPICAL CHUTNEY,FOO,EA,12,6,6.788,40.73
BGI3,24/01/25,188,SI011914,YC,VS,2CFS82,LO8717 - PROTEIN POT W OLIVES,LO8717,PUMPKIN HUMMUS C CHEESE BLACK OLIVES PITTA BREAD T,FOO,EA,12,6,6.904,41.42
BGI3,24/01/25,188,SI011914,YC,VS,CPAX02,28728- C CREW SVC CHARGE,28728,OVERHEAD - CC OVERHEAD - PER PAX,SER,EA,12,12,25.48,305.76
BGI3,24/01/25,188A,SI011912,F,VS,FPAX06,F PAX CHG SHUTTLE,23234ISLAND,OVERHEAD - J INTERISLAND OVERHEAD - PER PAX,SER,EA,15,15,0.831,12.47
BGI3,24/01/25,188A,SI011912,F,VS,JSN04,LO7128 - ORIGINAL SHIRLEY,LO7128,ORIGINAL SHIRLEY BISCUIT,STO,EA,15,15,1.096,16.44
BGI3,24/01/25,188A,SI011912,J,VS,JPAX03,J PAX CHG SHUTTLE,23237ISLAND,OVERHEAD - W INTERISLAND OVERHEAD - PER PAX,SER,EA,26,26,0.831,21.61
BGI3,24/01/25,188A,SI011912,J,VS,JSN05,LO7135 - ORIGINAL SHIRLEY,LO7135,ORIGINAL SHIRLEY BISCUIT,STO,EA,26,26,1.096,28.5
BGI3,24/01/25,188A,SI011912,Y,VS,JSN06,LO7138 - ORIGINAL SHIRLEY,LO7138,ORIGINAL SHIRLEY BISCUIT,STO,EA,80,80,1.096,87.68
BGI3,24/01/25,188A,SI011912,Y,VS,YPAX04,Y PAX CHG SHUTTLE,23240ISLAND,OVERHEAD - Y INTERISLAND OVERHEAD - PER PAX,SER,EA,80,80,0.831,66.48
BGI3,24/01/25,188A,SI011912,YC,VS,FAN35,WATER 1.5LT,LO2664,INTERISLAND 1.5 LTR WATER,STO,EA,12,12,2.36,28.32
BGI3,25/01/25,78,SI011918,F,VS,1POAM2,SP170097 - OAML,SP170097,OAML,FOO,EA,31,6,12.582,75.49
BGI3,25/01/25,78,SI011918,F,VS,1POBM2,SP170098 - OBML,SP170098,OBML,FOO,EA,31,3,14.292,42.88
BGI3,25/01/25,78,SI011918,F,VS,1POTML,SP170102 - OTML,SP170102,OTML,FOO,EA,31,1,9.48,9.48
BGI3,25/01/25,78,SI011918,F,VS,1POUML,SP173624 - OUML,SP173624,OUML,FOO,EA,31,1,12.36,12.36
BGI3,25/01/25,78,SI011918,F,VS,FAN12,19381- MILK 100%,19381,FULL FAT MILK - PINT,STO,EA,31,4,4.805,19.22
BGI3,25/01/25,78,SI011918,F,VS,FAN13,19383- MILK 2%,19383,SEMI SKIMMED MILK - PINT,STO,EA,31,2,4.805,9.61
BGI3,25/01/25,78,SI011918,F,VS,FAN14,19385-LEMON HALVES,19385,LEMON WEDGES,FOO,EA,31,2,5.125,10.25
BGI3,25/01/25,78,SI011918,F,VS,FAN21,19379-WET ICE[6LB BAG],19379,WET ICE,WET,EA,31,4,2.942,11.77
BGI3,25/01/25,78,SI011918,F,VS,FAN23,LO7607-CUCUMBER SLICES,LO7607,CUCUMBER SLICES,FOO,EA,31,1,7.686,7.69
BGI3,25/01/25,78,SI011918,F,VS,FAN30,7041- LIME WEDGES,7041,LIME WEDGES,FOO,EA,31,2,4.78,9.56
BGI3,25/01/25,78,SI011918,F,VS,FAN33,23212 - BULK EQUIPMENT,23212,BULK EQUIPMENT,EQU,EA,31,27,1.779,48.03
BGI3,25/01/25,78,SI011918,F,VS,FBD91,LO7757 -WHOLE WHEAT - FLAXSEED,LO7757,WHOLE WHEAT - FLAXSEED KNOT ROLL,FOO,EA,31,16,2.446,39.14
BGI3,25/01/25,78,SI011918,F,VS,FBD92,LO7758 -BLACK OLIVE - GAR ROLL,LO7758,BLACK OLIVE AND GARLIC ROLL,FOO,EA,31,16,2.516,40.26
BGI3,25/01/25,78,SI011918,F,VS,FBD93,LO7759 -CHEDDAR - ONION ROLL,LO7759,CHEDDAR CHEESE AND ONION ROLL,FOO,EA,31,15,2.446,36.69
BGI3,25/01/25,78,SI011918,F,VS,FBT14,LO7770- FRUIT PLATE,LO7770,FRUIT PLATE,FOO,EA,31,16,6.598,105.57
BGI3,25/01/25,78,SI011918,F,VS,FBT16,LO7126 - PLAIN GREEK YOGH FULL,LO7126,PLAIN GREEK YOGHURT - 907 GRAMS,STO,EA,31,1,13.612,13.61
BGI3,25/01/25,78,SI011918,F,VS,FBT17,LO7127- GRANOLA FULL,LO7127,GRANOLA WHOLE GRAIN - 360 GRAMS,STO,EA,31,1,16.562,16.56
BGI3,25/01/25,78,SI011918,F,VS,FBT18,LO7771 - BANANA MUFFIN,LO7771,BANANA MUFFIN,FOO,EA,31,16,3.272,52.35
BGI3,25/01/25,78,SI011918,F,VS,FCE155,LO7764 -HERB CHIX W POT GRATIN,LO7764,HERBED CHIX POTATO GRATIN CORN AND PEPPER,FOO,EA,31,10,12.582,125.82
BGI3,25/01/25,78,SI011918,F,VS,FCE156,LO7765 - MAHI MAHI W WILD RICE,LO7765,SPICED MAHI TURMERIC WILD RICE COCONUT CURRY,FOO,EA,31,6,14.292,85.75
BGI3,25/01/25,78,SI011918,F,VS,FCE157,LO7766 - VEG LASAGNA,LO7766,VEGETABLE LASGNA DUO SCALES,FOO,EA,31,4,12.42,49.68
BGI3,25/01/25,78,SI011918,F,VS,FCF16,LO5500- PICK YOUR OWN,LO5500,CARIBBEAN FRUIT WHOLE [ASSORTED],FOO,EA,31,1,26.288,26.29
BGI3,25/01/25,78,SI011918,F,VS,FCS153,LO8803 - JERK PORK SATAYS,LO8803,,,EA,31,16,6.072,97.15
BGI3,25/01/25,78,SI011918,F,VS,FCS154,LO8804 - PUMKIN HUMMUS,LO8804,,,EA,31,18,5.176,93.17
BGI3,25/01/25,78,SI011918,F,VS,FDD106,LO7762 -SAVOURY CHEESE PLATE,LO7762,STILTON CHEEDAR GOAT GRAPE CHUTNEY,FOO,EA,31,19,7.53,143.07
BGI3,25/01/25,78,SI011918,F,VS,FDD108,LO8805 - DOUBLE CHOC CHE CAKE,LO8805,,,EA,31,12,5.38,64.56
BGI3,25/01/25,78,SI011918,F,VS,FDD109,LO8806 - CARAMEL - PUMKIN BREA,LO8806,,,EA,31,16,4.83,77.28
BGI3,25/01/25,78,SI011918,F,VS,FDT007,LO4801- BUTTER,LO4801,BUTTER [PIPED] BULK LOAED,FOO,EA,31,31,1.042,32.3
BGI3,25/01/25,78,SI011918,F,VS,FHB69,LO4240-BACON BAP,LO4240,BACON BAP,FOO,EA,31,6,5.18,31.08
BGI3,25/01/25,78,SI011918,F,VS,FHB83,LO7767 -SCRAM EGG BB SAUS,LO7767,SCRAMBLE EGGS BACK BACON SAUSAGE BAKED BEANS,FOO,EA,31,16,9.72,155.52
BGI3,25/01/25,78,SI011918,F,VS,FHB84,LO7768 - PEPP - CHEE OMELETTE,LO7768,PEPPER AND CHEESE OMELETTE SPINACH SWEET POTATO,FOO,EA,31,6,7.85,47.1
BGI3,25/01/25,78,SI011918,F,VS,FHB85,LO7769 - CHOCO CHIP PANCAKE,LO7769,CHOCOLATE CHIP PANCAKESPICED PINEAPPLE AND BERRY C,FOO,EA,31,9,6.31,56.79
BGI3,25/01/25,78,SI011918,F,VS,FPAX04,23234-PER PASSENGER CHARGE,23234,OVERHEAD - J PAX OVERHEAD - PER PAX,SER,EA,31,27,36.774,992.9
BGI3,25/01/25,78,SI011918,J,VS,1JFP01,SP124635 - FPML [J/C],SP124635,FPML,FOO,EA,48,1,18.156,18.16
BGI3,25/01/25,78,SI011918,J,VS,1JVL01,SP124620 - VLML [J/C],SP124620,VLML,FOO,EA,48,1,12.174,12.17
BGI3,25/01/25,78,SI011918,J,VS,1PWAM2,SP170105 - WAM2,SP170105,WAML,FOO,EA,48,16,8.69,139.04
BGI3,25/01/25,78,SI011918,J,VS,1PWBM2,SP170106 - WBM2,SP170106,WBML,FOO,EA,48,8,11.298,90.38
BGI3,25/01/25,78,SI011918,J,VS,1PWCM2,SP170107 - WCM2,SP170107,WCML,FOO,EA,48,3,7.248,21.74
BGI3,25/01/25,78,SI011918,J,VS,JBE41, PORK SAUG,LO7775,SCRAMBLE EGG PORK SAUSAGE BACK BACON BAKED BEANS,FOO,EA,48,23,6.378,146.69
BGI3,25/01/25,78,SI011918,J,VS,JBE42,LO7776 -EGG - VEG FRITATTA,LO7776,EGG - VEGETABLE FRITATTA SWEET POTATO BLISTERED CH,FOO,EA,48,9,7.518,67.66
BGI3,25/01/25,78,SI011918,J,VS,JBE43,LO7777 -CHOC CHIP PANCAKES,LO7777,CHOCOLATE CHIP PANCAKE CARMALIZED PINEAPPLE AND BE,FOO,EA,48,14,5.378,75.29
BGI3,25/01/25,78,SI011918,J,VS,JCE119,LO7772 -CREOLE CHIX W GAR ORZO,LO7772,SEARED CHIX CREOLE SAUCE GARLIZ ORZO,FOO,EA,48,12,8.69,104.28
BGI3,25/01/25,78,SI011918,J,VS,JCE121,LO7773 -MAHI MAHI W MAS POT,LO7773,SEARED MAHI GARLIC MASH BLISTETED TOMATO,FOO,EA,48,6,11.298,67.79
BGI3,25/01/25,78,SI011918,J,VS,JCE122,LO7774-WILD RICE COCO CURRY,LO7774,WILD RICE COCONUT CURRY SAUCE FRIED PLANTAIN,FOO,EA,48,4,7.248,28.99
BGI3,25/01/25,78,SI011918,J,VS,JDT33,LO2622- TRAY SET MM,LO2622,TRAY SET UP,SER,EA,48,46,16.138,742.35
BGI3,25/01/25,78,SI011918,J,VS,JPAX02,23237-PER PASSENGER CHARGE,23237,OVERHEAD - W PAX OVERHEAD - PER PAX,SER,EA,48,46,16.939,779.19
BGI3,25/01/25,78,SI011918,Y,VS,1YAV01,SP124700- AVML [Y/C],SP124700,AVML,FOO,EA,168,2,15.115,30.23
BGI3,25/01/25,78,SI011918,Y,VS,1YCH04,SP124709- CHML [Y/C],SP124709,CHML,FOO,EA,168,2,14.622,29.24
BGI3,25/01/25,78,SI011918,Y,VS,1YGF01,SP124706 - GFML [Y/C],SP124706,GFML,FOO,EA,168,1,22.504,22.5
BGI3,25/01/25,78,SI011918,Y,VS,1YSP03,SP124701 - JAIN [Y/C],SP124701,VJML,FOO,EA,168,1,16.278,16.28
BGI3,25/01/25,78,SI011918,Y,VS,1YVG01,SP124699- VGML [Y/C],SP124699,VGML,FOO,EA,168,1,14.694,14.69
BGI3,25/01/25,78,SI011918,Y,VS,1YVL01,SP124698- VLML [Y/C],SP124698,VLML,FOO,EA,168,1,12.154,12.15
BGI3,25/01/25,78,SI011918,Y,VS,3YDS01,3354- ORANGE JUICE-1LT,3354,BEVERAGES - ORANGE JUICE - 1 LT,STO,EA,168,29,2.124,61.6
BGI3,25/01/25,78,SI011918,Y,VS,3YDS02,3335-TOMATO JUICE 1LT,3335,BEVERAGES - TOMATO JUICE - 1 LT,STO,EA,168,1,4.057,4.06
BGI3,25/01/25,78,SI011918,Y,VS,3YDS03,3376-CRANBERRY JUICE,3376,BEVERAGES - CRANBERRY JUICE - 1 LT,STO,EA,168,2,5.101,10.2
BGI3,25/01/25,78,SI011918,Y,VS,3YDS04,3353-APPLE JUICE 1LTR,3353,BEVERAGES - APPLE JUICE - 1 LT,STO,EA,168,17,2.124,36.11
BGI3,25/01/25,78,SI011918,Y,VS,3YDS06,3476-MINERAL WATER 1.5LT,3476,BEVERAGES - MINERAL WATER STILL - 1 LT,STO,EA,168,48,2.36,113.28
BGI3,25/01/25,78,SI011918,Y,VS,3YDS07,33169-SPARKLING WATER 1LT,33169,BEVERAGES - MINERAL WATER SPARK - 1 LT,STO,EA,168,14,3.274,45.84
BGI3,25/01/25,78,SI011918,Y,VS,3YDS11,213774-PLASTIC BAG,213774,EQUIPMENT - BAG- PLASTIC BAG,EQU,EA,168,1,0.368,0.37
BGI3,25/01/25,78,SI011918,Y,VS,3YS022,ORANGE LINEN BAG,151383,LAUNDRY - BAG LINEN ORANGE 2014,LAU,EA,168,1,1.969,1.97
BGI3,25/01/25,78,SI011918,Y,VS,3YS023,LINEN TABLECLOTH,3526,LAUNDRY - TABLE CLOTH/RUNNER 2014,LAU,EA,168,33,0.652,21.52
BGI3,25/01/25,78,SI011918,Y,VS,3YS024,LINEN NAPKINS,3527,LAUNDRY - LINEN FOLDED NAPKIN 2014,LAU,EA,168,31,0.522,16.18
BGI3,25/01/25,78,SI011918,Y,VS,3YS032,145995-EQUIP PK - STORES 300,145995,PACKING - FLIGHT PACKING - A330-300,SER,EA,168,1,167.95,167.95
BGI3,25/01/25,78,SI011918,Y,VS,3YS035,145991-TRANS.- HANDLING 33J,145991,TURNAROUND - STRIP - LOAD - A330-300 - 3 FLIGHTS,SER,EA,168,1,483.897,483.9
BGI3,25/01/25,78,SI011918,Y,VS,3YS036,145994- WASH UP A330-300,145994,WASH UP - WASH UP - A330-900,SER,EA,168,1,404.383,404.38
BGI3,25/01/25,78,SI011918,Y,VS,3YS038,17.5% VAT ON LAUNDRY CHRG 33J,51069SALE,SALES TAX - LAUNDRY,VAT,EA,168,1,10.961,10.96
BGI3,25/01/25,78,SI011918,Y,VS,3YS063,25137-CUTLERY WRAP 1ST SERV 33,25137,PACKING - CUTLERY WRAPPING FIRST SERVICE - A330-30,SER,EA,168,1,8.435,8.44
BGI3,25/01/25,78,SI011918,Y,VS,3YS064,33819-CUTLERY WRAP 2ND SERV 33,33819,PACKING - CUTLERY WRAPPING SECOND SERVICE - A330-3,SER,EA,168,1,8.435,8.44
BGI3,25/01/25,78,SI011918,Y,VS,3YS071,32673-CULT WASH-PL 1SER 300,32673,PACKING - CUTLERY WASHUP - POLISHING FIRST SERVICE,SER,EA,168,1,27.272,27.27
BGI3,25/01/25,78,SI011918,Y,VS,3YS072,33141-CULT WASH-PL 2SER 300,33141,PACKING - CUTLERY WASHUP - POLISHING SECOND SERVIC,SER,EA,168,1,18.363,18.36
BGI3,25/01/25,78,SI011918,Y,VS,3YS095,25127- CUTL WSH-POL A330,25127,PACKING - CUTLERY WASHUP - POLISHING - A330-300,SER,EA,168,1,54.402,54.4
BGI3,25/01/25,78,SI011918,Y,VS,FAN17,19382-MILK 100% [Y],19382,FULL FAT MILK - PINT,STO,EA,168,2,4.805,9.61
BGI3,25/01/25,78,SI011918,Y,VS,FAN18,19384- MILK 2% [Y],19384,SEMI SKIMMED MILK - PINT,STO,EA,168,4,4.805,19.22
BGI3,25/01/25,78,SI011918,Y,VS,FAN19,7042-LEMON HALVES [Y],7042,LIME WEDGES,FOO,EA,168,7,5.125,35.88
BGI3,25/01/25,78,SI011918,Y,VS,FAN20,19380- WET ICE [6LB BAG] [Y],19380,WET ICE,WET,EA,168,7,2.942,20.59
BGI3,25/01/25,78,SI011918,Y,VS,YBE11,174148-BREAKFAST BOX,174148,,,EA,168,160,8.412,1345.92
BGI3,25/01/25,78,SI011918,Y,VS,YBE24,LO6953-OTIS SPUNKMEYER MUFFIN,LO6953,OTIS SPUNKMEYER MUFFIN,FOO,EA,168,160,1.872,299.52
BGI3,25/01/25,78,SI011918,Y,VS,YDE116,LO7778 - RO CHIX W PEPPERCORN,LO7778,ROASTED CHIX PEPPER SAU MASHED POTATO VEG,FOO,EA,168,112,8.748,979.78
BGI3,25/01/25,78,SI011918,Y,VS,YDE117,LO7779 - MAC PIE W TOM SAUCE,LO7779,MACARONI PIE TOMATO ROSE CREAMY SAUCE,FOO,EA,168,48,5.378,258.14
BGI3,25/01/25,78,SI011918,Y,VS,YDT30,LO2623 - MAIN MEAL TRAY SET UP,LO2623,TRAY SET UP,SER,EA,168,160,8.72,1395.2
BGI3,25/01/25,78,SI011918,Y,VS,YPAX03,23240- PER PASSENGER CHARGE[Y],23240,OVERHEAD - Y PAX OVERHEAD - PER PAX,SER,EA,168,167,13.856,2313.95
BGI3,25/01/25,78,SI011918,YC,VS,2CE069, COCO CURRY,LO8708,WILD RICE COCONUT CURRY SAUCE VEG,FOO,EA,12,3,6.438,19.31
BGI3,25/01/25,78,SI011918,YC,VS,2CE070,LO8709 - GARLIC MASH CHIX THIG,LO8709,GARLIC MASH SEARED CHIX GREEN PEPPERCORN SAUCE,FOO,EA,12,3,10.838,32.51
BGI3,25/01/25,78,SI011918,YC,VS,2CE071,LO8710 - MAHI W GARL ORZO PAS,LO8710,SEARED MAHI ORZO PASTA CREOLE SAUCE VEG,FOO,EA,12,2,12.378,24.76
BGI3,25/01/25,78,SI011918,YC,VS,2CE072,LO8711 - PORKLOIN W PO GRATIN,LO8711,SEARED PORK POTATO GRATIN VEG,FOO,EA,12,2,13.84,27.68
BGI3,25/01/25,78,SI011918,YC,VS,2CE073,LO8712 - CHEESE RAVIOLI,LO8712,CHEESE RAVIOLI,FOO,EA,12,2,8.718,17.44
BGI3,25/01/25,78,SI011918,YC,VS,2CFF11,LO4110-WHOLE FRUIT 1,LO4110,SEASONAL WHOLE FRUIT OPTION 1,FOO,EA,12,6,4.622,27.73
BGI3,25/01/25,78,SI011918,YC,VS,2CFF12,LO4111-WHOLE FRUIT 2,LO4111,SEASONAL WHOLE FRUIT OPT 2,FOO,EA,12,6,4.622,27.73
BGI3,25/01/25,78,SI011918,YC,VS,2CFS44,LO5113- EGG SALAD SANDWICH,LO5113,EGG SALAD SANDWICH,FOO,EA,12,3,5.374,16.12
BGI3,25/01/25,78,SI011918,YC,VS,2CFS45,LO5115- TUNASALAD SANDWICH,LO5115,TUNA SALAD SANDWICH,FOO,EA,12,2,6.734,13.47
BGI3,25/01/25,78,SI011918,YC,VS,2CFS49,LO5119- BAP - STREAKY BACON,LO5119,SCOTTISH BAP WITH BACON,FOO,EA,12,4,4.866,19.46
BGI3,25/01/25,78,SI011918,YC,VS,2CFS52,LO5368- PLAIN BAGEL -PC CR CH,LO5368,PLAIN BAGEL WITH PC CREAM CHEESE,FOO,EA,12,4,4.086,16.34
BGI3,25/01/25,78,SI011918,YC,VS,2CFS77,LO8713 - HAM SANDWICH,LO8713,HAM SANDWICH,FOO,EA,12,3,7.734,23.2
BGI3,25/01/25,78,SI011918,YC,VS,2CFS78,LO8714 - CHEESE TOMATO WRAP,LO8714,CHEESE TOMATO CUCUMBER WRAP,FOO,EA,12,2,6.694,13.39
BGI3,25/01/25,78,SI011918,YC,VS,2CFS79,LO8715 - CHICKEN CHEESE BAGEL,LO8715,CHICKEN AND CHEESE BAGEL,FOO,EA,12,2,5.014,10.03
BGI3,25/01/25,78,SI011918,YC,VS,2CFS80,LO8716 - TURKEY SANDWICH,LO8716,TURKEY SANDWICH,FOO,EA,12,4,7.896,31.58
BGI3,25/01/25,78,SI011918,YC,VS,2CFS81, CHUTNE,LO8718,TILLAMOOK CHEESE CARR TROPICAL CHUTNEY,FOO,EA,12,6,6.788,40.73
BGI3,25/01/25,78,SI011918,YC,VS,2CFS82,LO8717 - PROTEIN POT W OLIVES,LO8717,PUMPKIN HUMMUS C CHEESE BLACK OLIVES PITTA BREAD T,FOO,EA,12,6,6.904,41.42
BGI3,25/01/25,78,SI011918,YC,VS,CPAX02,28728- C CREW SVC CHARGE,28728,OVERHEAD - CC OVERHEAD - PER PAX,SER,EA,12,12,25.48,305.76
BGI3,25/01/25,132,SI011917,F,VS,1FGF01,SP124540- GFML [F/C],SP124540,GFML,FOO,EA,44,1,31.461,31.46
BGI3,25/01/25,132,SI011917,F,VS,1POAM2,SP170097 - OAML,SP170097,OAML,FOO,EA,44,3,12.582,37.75
BGI3,25/01/25,132,SI011917,F,VS,1POBM2,SP170098 - OBML,SP170098,OBML,FOO,EA,44,6,14.292,85.75
BGI3,25/01/25,132,SI011917,F,VS,1POSML,SP170101 - OSML,SP170101,OSML,FOO,EA,44,1,10.91,10.91
BGI3,25/01/25,132,SI011917,F,VS,1POTML,SP170102 - OTML,SP170102,OTML,FOO,EA,44,2,9.48,18.96
BGI3,25/01/25,132,SI011917,F,VS,1POUML,SP173624 - OUML,SP173624,OUML,FOO,EA,44,1,12.36,12.36
BGI3,25/01/25,132,SI011917,F,VS,FAN12,19381- MILK 100%,19381,FULL FAT MILK - PINT,STO,EA,44,5,4.805,24.03
BGI3,25/01/25,132,SI011917,F,VS,FAN13,19383- MILK 2%,19383,SEMI SKIMMED MILK - PINT,STO,EA,44,2,4.805,9.61
BGI3,25/01/25,132,SI011917,F,VS,FAN14,19385-LEMON HALVES,19385,LEMON WEDGES,FOO,EA,44,3,5.125,15.38
BGI3,25/01/25,132,SI011917,F,VS,FAN21,19379-WET ICE[6LB BAG],19379,WET ICE,WET,EA,44,6,2.942,17.65
BGI3,25/01/25,132,SI011917,F,VS,FAN23,LO7607-CUCUMBER SLICES,LO7607,CUCUMBER SLICES,FOO,EA,44,1,7.686,7.69
BGI3,25/01/25,132,SI011917,F,VS,FAN30,7041- LIME WEDGES,7041,LIME WEDGES,FOO,EA,44,2,4.78,9.56
BGI3,25/01/25,132,SI011917,F,VS,FAN33,23212 - BULK EQUIPMENT,23212,BULK EQUIPMENT,EQU,EA,44,39,1.779,69.38
BGI3,25/01/25,132,SI011917,F,VS,FBD91,LO7757 -WHOLE WHEAT - FLAXSEED,LO7757,WHOLE WHEAT - FLAXSEED KNOT ROLL,FOO,EA,44,22,2.446,53.81
BGI3,25/01/25,132,SI011917,F,VS,FBD92,LO7758 -BLACK OLIVE - GAR ROLL,LO7758,BLACK OLIVE AND GARLIC ROLL,FOO,EA,44,22,2.516,55.35
BGI3,25/01/25,132,SI011917,F,VS,FBD93,LO7759 -CHEDDAR - ONION ROLL,LO7759,CHEDDAR CHEESE AND ONION ROLL,FOO,EA,44,21,2.446,51.37
BGI3,25/01/25,132,SI011917,F,VS,FBT14,LO7770- FRUIT PLATE,LO7770,FRUIT PLATE,FOO,EA,44,22,6.598,145.16
BGI3,25/01/25,132,SI011917,F,VS,FBT16,LO7126 - PLAIN GREEK YOGH FULL,LO7126,PLAIN GREEK YOGHURT - 907 GRAMS,STO,EA,44,1,13.612,13.61
BGI3,25/01/25,132,SI011917,F,VS,FBT17,LO7127- GRANOLA FULL,LO7127,GRANOLA WHOLE GRAIN - 360 GRAMS,STO,EA,44,1,16.562,16.56
BGI3,25/01/25,132,SI011917,F,VS,FBT18,LO7771 - BANANA MUFFIN,LO7771,BANANA MUFFIN,FOO,EA,44,22,3.272,71.98
BGI3,25/01/25,132,SI011917,F,VS,FCE155,LO7764 -HERB CHIX W POT GRATIN,LO7764,HERBED CHIX POTATO GRATIN CORN AND PEPPER,FOO,EA,44,15,12.582,188.73
BGI3,25/01/25,132,SI011917,F,VS,FCE156,LO7765 - MAHI MAHI W WILD RICE,LO7765,SPICED MAHI TURMERIC WILD RICE COCONUT CURRY,FOO,EA,44,9,14.292,128.63
BGI3,25/01/25,132,SI011917,F,VS,FCE157,LO7766 - VEG LASAGNA,LO7766,VEGETABLE LASGNA DUO SCALES,FOO,EA,44,6,12.42,74.52
BGI3,25/01/25,132,SI011917,F,VS,FCF16,LO5500- PICK YOUR OWN,LO5500,CARIBBEAN FRUIT WHOLE [ASSORTED],FOO,EA,44,1,26.288,26.29
BGI3,25/01/25,132,SI011917,F,VS,FCS153,LO8803 - JERK PORK SATAYS,LO8803,,,EA,44,22,6.072,133.58
BGI3,25/01/25,132,SI011917,F,VS,FCS154,LO8804 - PUMKIN HUMMUS,LO8804,,,EA,44,25,5.176,129.4
BGI3,25/01/25,132,SI011917,F,VS,FDD106,LO7762 -SAVOURY CHEESE PLATE,LO7762,STILTON CHEEDAR GOAT GRAPE CHUTNEY,FOO,EA,44,26,7.53,195.78
BGI3,25/01/25,132,SI011917,F,VS,FDD108,LO8805 - DOUBLE CHOC CHE CAKE,LO8805,,,EA,44,17,5.38,91.46
BGI3,25/01/25,132,SI011917,F,VS,FDD109,LO8806 - CARAMEL - PUMKIN BREA,LO8806,,,EA,44,22,4.83,106.26
BGI3,25/01/25,132,SI011917,F,VS,FDT007,LO4801- BUTTER,LO4801,BUTTER [PIPED] BULK LOAED,FOO,EA,44,43,1.042,44.81
BGI3,25/01/25,132,SI011917,F,VS,FHB69,LO4240-BACON BAP,LO4240,BACON BAP,FOO,EA,44,15,5.18,77.7
BGI3,25/01/25,132,SI011917,F,VS,FHB83,LO7767 -SCRAM EGG BB SAUS,LO7767,SCRAMBLE EGGS BACK BACON SAUSAGE BAKED BEANS,FOO,EA,44,22,9.72,213.84
BGI3,25/01/25,132,SI011917,F,VS,FHB84,LO7768 - PEPP - CHEE OMELETTE,LO7768,PEPPER AND CHEESE OMELETTE SPINACH SWEET POTATO,FOO,EA,44,6,7.85,47.1
BGI3,25/01/25,132,SI011917,F,VS,FHB85,LO7769 - CHOCO CHIP PANCAKE,LO7769,CHOCOLATE CHIP PANCAKESPICED PINEAPPLE AND BERRY C,FOO,EA,44,9,6.31,56.79
BGI3,25/01/25,132,SI011917,F,VS,FPAX04,23234-PER PASSENGER CHARGE,23234,OVERHEAD - J PAX OVERHEAD - PER PAX,SER,EA,44,39,36.774,1434.19
BGI3,25/01/25,132,SI011917,J,VS,1JGF01,SP124628 - GFML [J/C],SP124628,GFML,FOO,EA,50,3,22.504,67.51
BGI3,25/01/25,132,SI011917,J,VS,1JVG01,SP124621 - VGML [J/C],SP124621,VGML,FOO,EA,50,1,14.694,14.69
BGI3,25/01/25,132,SI011917,J,VS,1PWAM2,SP170105 - WAM2,SP170105,WAML,FOO,EA,50,17,8.69,147.73
BGI3,25/01/25,132,SI011917,J,VS,1PWBM2,SP170106 - WBM2,SP170106,WBML,FOO,EA,50,6,11.298,67.79
BGI3,25/01/25,132,SI011917,J,VS,1PWCM2,SP170107 - WCM2,SP170107,WCML,FOO,EA,50,3,7.248,21.74
BGI3,25/01/25,132,SI011917,J,VS,JBE41, PORK SAUG,LO7775,SCRAMBLE EGG PORK SAUSAGE BACK BACON BAKED BEANS,FOO,EA,50,23,6.378,146.69
BGI3,25/01/25,132,SI011917,J,VS,JBE42,LO7776 -EGG - VEG FRITATTA,LO7776,EGG - VEGETABLE FRITATTA SWEET POTATO BLISTERED CH,FOO,EA,50,9,7.518,67.66
BGI3,25/01/25,132,SI011917,J,VS,JBE43,LO7777 -CHOC CHIP PANCAKES,LO7777,CHOCOLATE CHIP PANCAKE CARMALIZED PINEAPPLE AND BE,FOO,EA,50,14,5.378,75.29
BGI3,25/01/25,132,SI011917,J,VS,JCE119,LO7772 -CREOLE CHIX W GAR ORZO,LO7772,SEARED CHIX CREOLE SAUCE GARLIZ ORZO,FOO,EA,50,13,8.69,112.97
BGI3,25/01/25,132,SI011917,J,VS,JCE121,LO7773 -MAHI MAHI W MAS POT,LO7773,SEARED MAHI GARLIC MASH BLISTETED TOMATO,FOO,EA,50,6,11.298,67.79
BGI3,25/01/25,132,SI011917,J,VS,JCE122,LO7774-WILD RICE COCO CURRY,LO7774,WILD RICE COCONUT CURRY SAUCE FRIED PLANTAIN,FOO,EA,50,4,7.248,28.99
BGI3,25/01/25,132,SI011917,J,VS,JDT33,LO2622- TRAY SET MM,LO2622,TRAY SET UP,SER,EA,50,46,16.138,742.35
BGI3,25/01/25,132,SI011917,J,VS,JPAX02,23237-PER PASSENGER CHARGE,23237,OVERHEAD - W PAX OVERHEAD - PER PAX,SER,EA,50,45,16.939,762.26
BGI3,25/01/25,132,SI011917,Y,VS,1YBA02,BABY MEAL - CATERER OWNED,SP124710,BBML,STO,EA,175,1,15.93,15.93
BGI3,25/01/25,132,SI011917,Y,VS,1YCH04,SP124709- CHML [Y/C],SP124709,CHML,FOO,EA,175,1,14.622,14.62
BGI3,25/01/25,132,SI011917,Y,VS,1YSP03,SP124701 - JAIN [Y/C],SP124701,VJML,FOO,EA,175,1,16.278,16.28
BGI3,25/01/25,132,SI011917,Y,VS,1YVG01,SP124699- VGML [Y/C],SP124699,VGML,FOO,EA,175,2,14.694,29.39
BGI3,25/01/25,132,SI011917,Y,VS,1YVL01,SP124698- VLML [Y/C],SP124698,VLML,FOO,EA,175,1,12.154,12.15
BGI3,25/01/25,132,SI011917,Y,VS,3YDS01,3354- ORANGE JUICE-1LT,3354,BEVERAGES - ORANGE JUICE - 1 LT,STO,EA,175,27,2.124,57.35
BGI3,25/01/25,132,SI011917,Y,VS,3YDS02,3335-TOMATO JUICE 1LT,3335,BEVERAGES - TOMATO JUICE - 1 LT,STO,EA,175,5,4.057,20.29
BGI3,25/01/25,132,SI011917,Y,VS,3YDS03,3376-CRANBERRY JUICE,3376,BEVERAGES - CRANBERRY JUICE - 1 LT,STO,EA,175,1,5.101,5.1
BGI3,25/01/25,132,SI011917,Y,VS,3YDS04,3353-APPLE JUICE 1LTR,3353,BEVERAGES - APPLE JUICE - 1 LT,STO,EA,175,19,2.124,40.36
BGI3,25/01/25,132,SI011917,Y,VS,3YDS06,3476-MINERAL WATER 1.5LT,3476,BEVERAGES - MINERAL WATER STILL - 1 LT,STO,EA,175,99,2.36,233.64
BGI3,25/01/25,132,SI011917,Y,VS,3YDS07,33169-SPARKLING WATER 1LT,33169,BEVERAGES - MINERAL WATER SPARK - 1 LT,STO,EA,175,12,3.274,39.29
BGI3,25/01/25,132,SI011917,Y,VS,3YDS11,213774-PLASTIC BAG,213774,EQUIPMENT - BAG- PLASTIC BAG,EQU,EA,175,1,0.368,0.37
BGI3,25/01/25,132,SI011917,Y,VS,3YS022,ORANGE LINEN BAG,151383,LAUNDRY - BAG LINEN ORANGE 2014,LAU,EA,175,1,1.969,1.97
BGI3,25/01/25,132,SI011917,Y,VS,3YS024,LINEN NAPKINS,3527,LAUNDRY - LINEN FOLDED NAPKIN 2014,LAU,EA,175,44,0.522,22.97
BGI3,25/01/25,132,SI011917,Y,VS,3YS032,145995-EQUIP PK - STORES 300,145995,PACKING - FLIGHT PACKING - A330-300,SER,EA,175,1,167.95,167.95
BGI3,25/01/25,132,SI011917,Y,VS,3YS035,145991-TRANS.- HANDLING 33J,145991,TURNAROUND - STRIP - LOAD - A330-300 - 3 FLIGHTS,SER,EA,175,1,483.897,483.9
BGI3,25/01/25,132,SI011917,Y,VS,3YS036,145994- WASH UP A330-300,145994,WASH UP - WASH UP - A330-900,SER,EA,175,1,404.383,404.38
BGI3,25/01/25,132,SI011917,Y,VS,3YS038,17.5% VAT ON LAUNDRY CHRG 33J,51069SALE,SALES TAX - LAUNDRY,VAT,EA,175,1,10.961,10.96
BGI3,25/01/25,132,SI011917,Y,VS,3YS063,25137-CUTLERY WRAP 1ST SERV 33,25137,PACKING - CUTLERY WRAPPING FIRST SERVICE - A330-30,SER,EA,175,1,8.435,8.44
BGI3,25/01/25,132,SI011917,Y,VS,3YS064,33819-CUTLERY WRAP 2ND SERV 33,33819,PACKING - CUTLERY WRAPPING SECOND SERVICE - A330-3,SER,EA,175,1,8.435,8.44
BGI3,25/01/25,132,SI011917,Y,VS,3YS071,32673-CULT WASH-PL 1SER 300,32673,PACKING - CUTLERY WASHUP - POLISHING FIRST SERVICE,SER,EA,175,1,27.272,27.27
BGI3,25/01/25,132,SI011917,Y,VS,3YS072,33141-CULT WASH-PL 2SER 300,33141,PACKING - CUTLERY WASHUP - POLISHING SECOND SERVIC,SER,EA,175,1,18.363,18.36
BGI3,25/01/25,132,SI011917,Y,VS,3YS095,25127- CUTL WSH-POL A330,25127,PACKING - CUTLERY WASHUP - POLISHING - A330-300,SER,EA,175,1,54.402,54.4
BGI3,25/01/25,132,SI011917,Y,VS,FAN17,19382-MILK 100% [Y],19382,FULL FAT MILK - PINT,STO,EA,175,2,4.805,9.61
BGI3,25/01/25,132,SI011917,Y,VS,FAN18,19384- MILK 2% [Y],19384,SEMI SKIMMED MILK - PINT,STO,EA,175,4,4.805,19.22
BGI3,25/01/25,132,SI011917,Y,VS,FAN19,7042-LEMON HALVES [Y],7042,LIME WEDGES,FOO,EA,175,7,5.125,35.88
BGI3,25/01/25,132,SI011917,Y,VS,FAN20,19380- WET ICE [6LB BAG] [Y],19380,WET ICE,WET,EA,175,7,2.942,20.59
BGI3,25/01/25,132,SI011917,Y,VS,YBE11,174148-BREAKFAST BOX,174148,,,EA,175,170,8.412,1430.04
BGI3,25/01/25,132,SI011917,Y,VS,YBE24,LO6953-OTIS SPUNKMEYER MUFFIN,LO6953,OTIS SPUNKMEYER MUFFIN,FOO,EA,175,170,1.872,318.24
BGI3,25/01/25,132,SI011917,Y,VS,YDE116,LO7778 - RO CHIX W PEPPERCORN,LO7778,ROASTED CHIX PEPPER SAU MASHED POTATO VEG,FOO,EA,175,119,8.748,1041.01
BGI3,25/01/25,132,SI011917,Y,VS,YDE117,LO7779 - MAC PIE W TOM SAUCE,LO7779,MACARONI PIE TOMATO ROSE CREAMY SAUCE,FOO,EA,175,51,5.378,274.28
BGI3,25/01/25,132,SI011917,Y,VS,YDT30,LO2623 - MAIN MEAL TRAY SET UP,LO2623,TRAY SET UP,SER,EA,175,170,8.72,1482.4
BGI3,25/01/25,132,SI011917,Y,VS,YPAX03,23240- PER PASSENGER CHARGE[Y],23240,OVERHEAD - Y PAX OVERHEAD - PER PAX,SER,EA,175,173,13.856,2397.09
BGI3,25/01/25,132,SI011917,YC,VS,2CE069, COCO CURRY,LO8708,WILD RICE COCONUT CURRY SAUCE VEG,FOO,EA,12,3,6.438,19.31
BGI3,25/01/25,132,SI011917,YC,VS,2CE070,LO8709 - GARLIC MASH CHIX THIG,LO8709,GARLIC MASH SEARED CHIX GREEN PEPPERCORN SAUCE,FOO,EA,12,3,10.838,32.51
BGI3,25/01/25,132,SI011917,YC,VS,2CE071,LO8710 - MAHI W GARL ORZO PAS,LO8710,SEARED MAHI ORZO PASTA CREOLE SAUCE VEG,FOO,EA,12,2,12.378,24.76
BGI3,25/01/25,132,SI011917,YC,VS,2CE072,LO8711 - PORKLOIN W PO GRATIN,LO8711,SEARED PORK POTATO GRATIN VEG,FOO,EA,12,2,13.84,27.68
BGI3,25/01/25,132,SI011917,YC,VS,2CE073,LO8712 - CHEESE RAVIOLI,LO8712,CHEESE RAVIOLI,FOO,EA,12,2,8.718,17.44
BGI3,25/01/25,132,SI011917,YC,VS,2CFF11,LO4110-WHOLE FRUIT 1,LO4110,SEASONAL WHOLE FRUIT OPTION 1,FOO,EA,12,6,4.622,27.73
BGI3,25/01/25,132,SI011917,YC,VS,2CFF12,LO4111-WHOLE FRUIT 2,LO4111,SEASONAL WHOLE FRUIT OPT 2,FOO,EA,12,6,4.622,27.73
BGI3,25/01/25,132,SI011917,YC,VS,2CFS44,LO5113- EGG SALAD SANDWICH,LO5113,EGG SALAD SANDWICH,FOO,EA,12,3,5.374,16.12
BGI3,25/01/25,132,SI011917,YC,VS,2CFS45,LO5115- TUNASALAD SANDWICH,LO5115,TUNA SALAD SANDWICH,FOO,EA,12,2,6.734,13.47
BGI3,25/01/25,132,SI011917,YC,VS,2CFS49,LO5119- BAP - STREAKY BACON,LO5119,SCOTTISH BAP WITH BACON,FOO,EA,12,4,4.866,19.46
BGI3,25/01/25,132,SI011917,YC,VS,2CFS52,LO5368- PLAIN BAGEL -PC CR CH,LO5368,PLAIN BAGEL WITH PC CREAM CHEESE,FOO,EA,12,4,4.086,16.34
BGI3,25/01/25,132,SI011917,YC,VS,2CFS77,LO8713 - HAM SANDWICH,LO8713,HAM SANDWICH,FOO,EA,12,3,7.734,23.2
BGI3,25/01/25,132,SI011917,YC,VS,2CFS78,LO8714 - CHEESE TOMATO WRAP,LO8714,CHEESE TOMATO CUCUMBER WRAP,FOO,EA,12,2,6.694,13.39
BGI3,25/01/25,132,SI011917,YC,VS,2CFS79,LO8715 - CHICKEN CHEESE BAGEL,LO8715,CHICKEN AND CHEESE BAGEL,FOO,EA,12,2,5.014,10.03
BGI3,25/01/25,132,SI011917,YC,VS,2CFS80,LO8716 - TURKEY SANDWICH,LO8716,TURKEY SANDWICH,FOO,EA,12,4,7.896,31.58
BGI3,25/01/25,132,SI011917,YC,VS,2CFS81, CHUTNE,LO8718,TILLAMOOK CHEESE CARR TROPICAL CHUTNEY,FOO,EA,12,6,6.788,40.73
BGI3,25/01/25,132,SI011917,YC,VS,2CFS82,LO8717 - PROTEIN POT W OLIVES,LO8717,PUMPKIN HUMMUS C CHEESE BLACK OLIVES PITTA BREAD T,FOO,EA,12,6,6.904,41.42
BGI3,25/01/25,132,SI011917,YC,VS,CPAX02,28728- C CREW SVC CHARGE,28728,OVERHEAD - CC OVERHEAD - PER PAX,SER,EA,12,12,25.48,305.76
BGI3,25/01/25,187A,SI011915,F,VS,FPAX06,F PAX CHG SHUTTLE,23234ISLAND,OVERHEAD - J INTERISLAND OVERHEAD - PER PAX,SER,EA,5,5,0.831,4.16
BGI3,25/01/25,187A,SI011915,F,VS,JSN04,LO7128 - ORIGINAL SHIRLEY,LO7128,ORIGINAL SHIRLEY BISCUIT,STO,EA,5,5,1.096,5.48
BGI3,25/01/25,187A,SI011915,J,VS,JPAX03,J PAX CHG SHUTTLE,23237ISLAND,OVERHEAD - W INTERISLAND OVERHEAD - PER PAX,SER,EA,16,16,0.831,13.3
BGI3,25/01/25,187A,SI011915,J,VS,JSN05,LO7135 - ORIGINAL SHIRLEY,LO7135,ORIGINAL SHIRLEY BISCUIT,STO,EA,16,16,1.096,17.54
BGI3,25/01/25,187A,SI011915,Y,VS,3YS035,145991-TRANS.- HANDLING 33J,145991,TURNAROUND - STRIP - LOAD - A330-300 - 3 FLIGHTS,SER,EA,77,1,483.897,483.9
BGI3,25/01/25,187A,SI011915,Y,VS,FAN35,WATER 1.5LT,LO2664,INTERISLAND 1.5 LTR WATER,STO,EA,77,18,2.36,42.48
BGI3,25/01/25,187A,SI011915,Y,VS,FAN36,ORANGE JUICE 1LT,3354,BEVERAGE- ORANGE JUICE - 1 LT,STO,EA,77,5,2.124,10.62
BGI3,25/01/25,187A,SI011915,Y,VS,JSN06,LO7138 - ORIGINAL SHIRLEY,LO7138,ORIGINAL SHIRLEY BISCUIT,STO,EA,77,77,1.096,84.39
BGI3,25/01/25,187A,SI011915,Y,VS,YPAX04,Y PAX CHG SHUTTLE,23240ISLAND,OVERHEAD - Y INTERISLAND OVERHEAD - PER PAX,SER,EA,77,77,0.831,63.99
BGI3,25/01/25,187A,SI011915,YC,VS,2CFF12,LO4111-WHOLE FRUIT 2,LO4111,SEASONAL WHOLE FRUIT OPT 2,FOO,EA,12,5,4.622,23.11
BGI3,25/01/25,187A,SI011915,YC,VS,2CFF13,LO4268 - WHOLE FRUIT 1,LO4268,SEASONAL WHOLE FRUIT OPT 1,FOO,EA,12,7,4.662,32.63
BGI3,25/01/25,187A,SI011915,YC,VS,2CFS55,LO6303 - TUNA SANDWICH,LO6303,TUNA SANDWICH,FOO,EA,12,5,6.734,33.67
BGI3,25/01/25,187A,SI011915,YC,VS,2CFS83,LO7721 - EGG SANDWICH,LO7721,EGG SALAD SANDWICH,FOO,EA,12,7,5.374,37.62
BGI3,25/01/25,187A,SI011915,YC,VS,CPAX04,C PAX CHG SHUTTLE,28728,OVERHEAD - CC OVERHEAD - PER PAX,SER,EA,12,12,22.261,267.13
BGI3,25/01/25,187A,SI011915,YC,VS,FAN37,LO2664 - CREW WATER 1.5 LT,LO2664,INTERISLAND 1.5 LTR WATER,STO,EA,12,12,2.272,27.26
BGI3,25/01/25,187A,SI011915,YC,VS,JSN07,LO7722 - ORIG SHIRLEY CREW,LO7722,ORIGINAL SHIRLEY BISCUIT,STO,EA,12,12,1.096,13.15
BGI3,25/01/25,188,SI011919,F,VS,1FGF01,SP124540- GFML [F/C],SP124540,GFML,FOO,EA,30,1,31.461,31.46
BGI3,25/01/25,188,SI011919,F,VS,1FVL01,SP124532 - VLML [F/C],SP124532,VLML,FOO,EA,30,1,33.728,33.73
BGI3,25/01/25,188,SI011919,F,VS,1POAM2,SP170097 - OAML,SP170097,OAML,FOO,EA,30,1,12.582,12.58
BGI3,25/01/25,188,SI011919,F,VS,1POBM2,SP170098 - OBML,SP170098,OBML,FOO,EA,30,1,14.292,14.29
BGI3,25/01/25,188,SI011919,F,VS,1POMML,SP170100 - OMML,SP170100,OMML,FOO,EA,30,1,9.162,9.16
BGI3,25/01/25,188,SI011919,F,VS,1POSML,SP170101 - OSML,SP170101,OSML,FOO,EA,30,2,10.91,21.82
BGI3,25/01/25,188,SI011919,F,VS,1POTML,SP170102 - OTML,SP170102,OTML,FOO,EA,30,1,9.48,9.48
BGI3,25/01/25,188,SI011919,F,VS,1POUML,SP173624 - OUML,SP173624,OUML,FOO,EA,30,4,12.36,49.44
BGI3,25/01/25,188,SI011919,F,VS,1POVML,SP173625 - OVML,SP173625,OVML,FOO,EA,30,1,10.63,10.63
BGI3,25/01/25,188,SI011919,F,VS,FAN12,19381- MILK 100%,19381,FULL FAT MILK - PINT,STO,EA,30,3,4.805,14.42
BGI3,25/01/25,188,SI011919,F,VS,FAN13,19383- MILK 2%,19383,SEMI SKIMMED MILK - PINT,STO,EA,30,2,4.805,9.61
BGI3,25/01/25,188,SI011919,F,VS,FAN14,19385-LEMON HALVES,19385,LEMON WEDGES,FOO,EA,30,2,5.125,10.25
BGI3,25/01/25,188,SI011919,F,VS,FAN21,19379-WET ICE[6LB BAG],19379,WET ICE,WET,EA,30,4,2.942,11.77
BGI3,25/01/25,188,SI011919,F,VS,FAN23,LO7607-CUCUMBER SLICES,LO7607,CUCUMBER SLICES,FOO,EA,30,1,7.686,7.69
BGI3,25/01/25,188,SI011919,F,VS,FAN30,7041- LIME WEDGES,7041,LIME WEDGES,FOO,EA,30,2,4.78,9.56
BGI3,25/01/25,188,SI011919,F,VS,FAN33,23212 - BULK EQUIPMENT,23212,BULK EQUIPMENT,EQU,EA,30,30,1.779,53.37
BGI3,25/01/25,188,SI011919,F,VS,FBD91,LO7757 -WHOLE WHEAT - FLAXSEED,LO7757,WHOLE WHEAT - FLAXSEED KNOT ROLL,FOO,EA,30,14,2.446,34.24
BGI3,25/01/25,188,SI011919,F,VS,FBD92,LO7758 -BLACK OLIVE - GAR ROLL,LO7758,BLACK OLIVE AND GARLIC ROLL,FOO,EA,30,14,2.516,35.22
BGI3,25/01/25,188,SI011919,F,VS,FBD93,LO7759 -CHEDDAR - ONION ROLL,LO7759,CHEDDAR CHEESE AND ONION ROLL,FOO,EA,30,14,2.446,34.24
BGI3,25/01/25,188,SI011919,F,VS,FBT14,LO7770- FRUIT PLATE,LO7770,FRUIT PLATE,FOO,EA,30,14,6.598,92.37
BGI3,25/01/25,188,SI011919,F,VS,FBT16,LO7126 - PLAIN GREEK YOGH FULL,LO7126,PLAIN GREEK YOGHURT - 907 GRAMS,STO,EA,30,1,13.612,13.61
BGI3,25/01/25,188,SI011919,F,VS,FBT17,LO7127- GRANOLA FULL,LO7127,GRANOLA WHOLE GRAIN - 360 GRAMS,STO,EA,30,1,16.562,16.56
BGI3,25/01/25,188,SI011919,F,VS,FBT18,LO7771 - BANANA MUFFIN,LO7771,BANANA MUFFIN,FOO,EA,30,14,3.272,45.81
BGI3,25/01/25,188,SI011919,F,VS,FCE155,LO7764 -HERB CHIX W POT GRATIN,LO7764,HERBED CHIX POTATO GRATIN CORN AND PEPPER,FOO,EA,30,8,12.582,100.66
BGI3,25/01/25,188,SI011919,F,VS,FCE156,LO7765 - MAHI MAHI W WILD RICE,LO7765,SPICED MAHI TURMERIC WILD RICE COCONUT CURRY,FOO,EA,30,5,14.292,71.46
BGI3,25/01/25,188,SI011919,F,VS,FCE157,LO7766 - VEG LASAGNA,LO7766,VEGETABLE LASGNA DUO SCALES,FOO,EA,30,3,12.42,37.26
BGI3,25/01/25,188,SI011919,F,VS,FCF16,LO5500- PICK YOUR OWN,LO5500,CARIBBEAN FRUIT WHOLE [ASSORTED],FOO,EA,30,1,26.288,26.29
BGI3,25/01/25,188,SI011919,F,VS,FCS153,LO8803 - JERK PORK SATAYS,LO8803,,,EA,30,14,6.072,85.01
BGI3,25/01/25,188,SI011919,F,VS,FCS154,LO8804 - PUMKIN HUMMUS,LO8804,,,EA,30,17,5.176,87.99
BGI3,25/01/25,188,SI011919,F,VS,FDD106,LO7762 -SAVOURY CHEESE PLATE,LO7762,STILTON CHEEDAR GOAT GRAPE CHUTNEY,FOO,EA,30,17,7.53,128.01
BGI3,25/01/25,188,SI011919,F,VS,FDD108,LO8805 - DOUBLE CHOC CHE CAKE,LO8805,,,EA,30,11,5.38,59.18
BGI3,25/01/25,188,SI011919,F,VS,FDD109,LO8806 - CARAMEL - PUMKIN BREA,LO8806,,,EA,30,14,4.83,67.62
BGI3,25/01/25,188,SI011919,F,VS,FDT007,LO4801- BUTTER,LO4801,BUTTER [PIPED] BULK LOAED,FOO,EA,30,28,1.042,29.18
BGI3,25/01/25,188,SI011919,F,VS,FHB69,LO4240-BACON BAP,LO4240,BACON BAP,FOO,EA,30,10,5.18,51.8
BGI3,25/01/25,188,SI011919,F,VS,FHB83,LO7767 -SCRAM EGG BB SAUS,LO7767,SCRAMBLE EGGS BACK BACON SAUSAGE BAKED BEANS,FOO,EA,30,14,9.72,136.08
BGI3,25/01/25,188,SI011919,F,VS,FHB84,LO7768 - PEPP - CHEE OMELETTE,LO7768,PEPPER AND CHEESE OMELETTE SPINACH SWEET POTATO,FOO,EA,30,4,7.85,31.4
BGI3,25/01/25,188,SI011919,F,VS,FHB85,LO7769 - CHOCO CHIP PANCAKE,LO7769,CHOCOLATE CHIP PANCAKESPICED PINEAPPLE AND BERRY C,FOO,EA,30,6,6.31,37.86
BGI3,25/01/25,188,SI011919,F,VS,FPAX04,23234-PER PASSENGER CHARGE,23234,OVERHEAD - J PAX OVERHEAD - PER PAX,SER,EA,30,30,36.774,1103.22
BGI3,25/01/25,188,SI011919,J,VS,1JGF01,SP124628 - GFML [J/C],SP124628,GFML,FOO,EA,48,1,22.504,22.5
BGI3,25/01/25,188,SI011919,J,VS,1JVL01,SP124620 - VLML [J/C],SP124620,VLML,FOO,EA,48,1,12.174,12.17
BGI3,25/01/25,188,SI011919,J,VS,1PWAM2,SP170105 - WAM2,SP170105,WAML,FOO,EA,48,7,8.69,60.83
BGI3,25/01/25,188,SI011919,J,VS,1PWBM2,SP170106 - WBM2,SP170106,WBML,FOO,EA,48,7,11.298,79.09
BGI3,25/01/25,188,SI011919,J,VS,1PWCM2,SP170107 - WCM2,SP170107,WCML,FOO,EA,48,3,7.248,21.74
BGI3,25/01/25,188,SI011919,J,VS,JBE41, PORK SAUG,LO7775,SCRAMBLE EGG PORK SAUSAGE BACK BACON BAKED BEANS,FOO,EA,48,23,6.378,146.69
BGI3,25/01/25,188,SI011919,J,VS,JBE42,LO7776 -EGG - VEG FRITATTA,LO7776,EGG - VEGETABLE FRITATTA SWEET POTATO BLISTERED CH,FOO,EA,48,9,7.518,67.66
BGI3,25/01/25,188,SI011919,J,VS,JBE43,LO7777 -CHOC CHIP PANCAKES,LO7777,CHOCOLATE CHIP PANCAKE CARMALIZED PINEAPPLE AND BE,FOO,EA,48,14,5.378,75.29
BGI3,25/01/25,188,SI011919,J,VS,JCE119,LO7772 -CREOLE CHIX W GAR ORZO,LO7772,SEARED CHIX CREOLE SAUCE GARLIZ ORZO,FOO,EA,48,19,8.69,165.11
BGI3,25/01/25,188,SI011919,J,VS,JCE121,LO7773 -MAHI MAHI W MAS POT,LO7773,SEARED MAHI GARLIC MASH BLISTETED TOMATO,FOO,EA,48,9,11.298,101.68
BGI3,25/01/25,188,SI011919,J,VS,JCE122,LO7774-WILD RICE COCO CURRY,LO7774,WILD RICE COCONUT CURRY SAUCE FRIED PLANTAIN,FOO,EA,48,5,7.248,36.24
BGI3,25/01/25,188,SI011919,J,VS,JDT33,LO2622- TRAY SET MM,LO2622,TRAY SET UP,SER,EA,48,46,16.138,742.35
BGI3,25/01/25,188,SI011919,J,VS,JPAX02,23237-PER PASSENGER CHARGE,23237,OVERHEAD - W PAX OVERHEAD - PER PAX,SER,EA,48,45,16.939,762.26
BGI3,25/01/25,188,SI011919,Y,VS,1YAV01,SP124700- AVML [Y/C],SP124700,AVML,FOO,EA,124,10,15.115,151.15
BGI3,25/01/25,188,SI011919,Y,VS,1YFP01,SP124713 - FPML [Y/C],SP124713,FPML,FOO,EA,124,1,18.156,18.16
BGI3,25/01/25,188,SI011919,Y,VS,1YGF01,SP124706 - GFML [Y/C],SP124706,GFML,FOO,EA,124,2,22.504,45.01
BGI3,25/01/25,188,SI011919,Y,VS,1YLF01,SP124704 - LFML [Y/C],SP124704,LFML,FOO,EA,124,2,22.504,45.01
BGI3,25/01/25,188,SI011919,Y,VS,1YNL01,SP124712 - NLML [Y/C],SP124712,NLML,FOO,EA,124,1,22.504,22.5
BGI3,25/01/25,188,SI011919,Y,VS,1YVL01,SP124698- VLML [Y/C],SP124698,VLML,FOO,EA,124,2,12.154,24.31
BGI3,25/01/25,188,SI011919,Y,VS,3YDS01,3354- ORANGE JUICE-1LT,3354,BEVERAGES - ORANGE JUICE - 1 LT,STO,EA,124,29,2.124,61.6
BGI3,25/01/25,188,SI011919,Y,VS,3YDS02,3335-TOMATO JUICE 1LT,3335,BEVERAGES - TOMATO JUICE - 1 LT,STO,EA,124,1,4.057,4.06
BGI3,25/01/25,188,SI011919,Y,VS,3YDS03,3376-CRANBERRY JUICE,3376,BEVERAGES - CRANBERRY JUICE - 1 LT,STO,EA,124,2,5.101,10.2
BGI3,25/01/25,188,SI011919,Y,VS,3YDS04,3353-APPLE JUICE 1LTR,3353,BEVERAGES - APPLE JUICE - 1 LT,STO,EA,124,17,2.124,36.11
BGI3,25/01/25,188,SI011919,Y,VS,3YDS06,3476-MINERAL WATER 1.5LT,3476,BEVERAGES - MINERAL WATER STILL - 1 LT,STO,EA,124,48,2.36,113.28
BGI3,25/01/25,188,SI011919,Y,VS,3YDS07,33169-SPARKLING WATER 1LT,33169,BEVERAGES - MINERAL WATER SPARK - 1 LT,STO,EA,124,14,3.274,45.84
BGI3,25/01/25,188,SI011919,Y,VS,3YDS11,213774-PLASTIC BAG,213774,EQUIPMENT - BAG- PLASTIC BAG,EQU,EA,124,1,0.368,0.37
BGI3,25/01/25,188,SI011919,Y,VS,3YS022,ORANGE LINEN BAG,151383,LAUNDRY - BAG LINEN ORANGE 2014,LAU,EA,124,1,1.969,1.97
BGI3,25/01/25,188,SI011919,Y,VS,3YS023,LINEN TABLECLOTH,3526,LAUNDRY - TABLE CLOTH/RUNNER 2014,LAU,EA,124,33,0.652,21.52
BGI3,25/01/25,188,SI011919,Y,VS,3YS024,LINEN NAPKINS,3527,LAUNDRY - LINEN FOLDED NAPKIN 2014,LAU,EA,124,31,0.522,16.18
BGI3,25/01/25,188,SI011919,Y,VS,3YS032,145995-EQUIP PK - STORES 300,145995,PACKING - FLIGHT PACKING - A330-300,SER,EA,124,1,167.95,167.95
BGI3,25/01/25,188,SI011919,Y,VS,3YS035,145991-TRANS.- HANDLING 33J,145991,TURNAROUND - STRIP - LOAD - A330-300 - 3 FLIGHTS,SER,EA,124,1,483.897,483.9
BGI3,25/01/25,188,SI011919,Y,VS,3YS036,145994- WASH UP A330-300,145994,WASH UP - WASH UP - A330-900,SER,EA,124,1,404.383,404.38
BGI3,25/01/25,188,SI011919,Y,VS,3YS038,17.5% VAT ON LAUNDRY CHRG 33J,51069SALE,SALES TAX - LAUNDRY,VAT,EA,124,1,10.961,10.96
BGI3,25/01/25,188,SI011919,Y,VS,3YS063,25137-CUTLERY WRAP 1ST SERV 33,25137,PACKING - CUTLERY WRAPPING FIRST SERVICE - A330-30,SER,EA,124,1,8.435,8.44
BGI3,25/01/25,188,SI011919,Y,VS,3YS064,33819-CUTLERY WRAP 2ND SERV 33,33819,PACKING - CUTLERY WRAPPING SECOND SERVICE - A330-3,SER,EA,124,1,8.435,8.44
BGI3,25/01/25,188,SI011919,Y,VS,3YS071,32673-CULT WASH-PL 1SER 300,32673,PACKING - CUTLERY WASHUP - POLISHING FIRST SERVICE,SER,EA,124,1,27.272,27.27
BGI3,25/01/25,188,SI011919,Y,VS,3YS072,33141-CULT WASH-PL 2SER 300,33141,PACKING - CUTLERY WASHUP - POLISHING SECOND SERVIC,SER,EA,124,1,18.363,18.36
BGI3,25/01/25,188,SI011919,Y,VS,3YS095,25127- CUTL WSH-POL A330,25127,PACKING - CUTLERY WASHUP - POLISHING - A330-300,SER,EA,124,1,54.402,54.4
BGI3,25/01/25,188,SI011919,Y,VS,FAN17,19382-MILK 100% [Y],19382,FULL FAT MILK - PINT,STO,EA,124,2,4.805,9.61
BGI3,25/01/25,188,SI011919,Y,VS,FAN18,19384- MILK 2% [Y],19384,SEMI SKIMMED MILK - PINT,STO,EA,124,4,4.805,19.22
BGI3,25/01/25,188,SI011919,Y,VS,FAN19,7042-LEMON HALVES [Y],7042,LIME WEDGES,FOO,EA,124,5,5.125,25.63
BGI3,25/01/25,188,SI011919,Y,VS,FAN20,19380- WET ICE [6LB BAG] [Y],19380,WET ICE,WET,EA,124,5,2.942,14.71
BGI3,25/01/25,188,SI011919,Y,VS,YBE11,174148-BREAKFAST BOX,174148,,,EA,124,106,8.412,891.67
BGI3,25/01/25,188,SI011919,Y,VS,YBE24,LO6953-OTIS SPUNKMEYER MUFFIN,LO6953,OTIS SPUNKMEYER MUFFIN,FOO,EA,124,106,1.872,198.43
BGI3,25/01/25,188,SI011919,Y,VS,YDE116,LO7778 - RO CHIX W PEPPERCORN,LO7778,ROASTED CHIX PEPPER SAU MASHED POTATO VEG,FOO,EA,124,74,8.748,647.35
BGI3,25/01/25,188,SI011919,Y,VS,YDE117,LO7779 - MAC PIE W TOM SAUCE,LO7779,MACARONI PIE TOMATO ROSE CREAMY SAUCE,FOO,EA,124,32,5.378,172.1
BGI3,25/01/25,188,SI011919,Y,VS,YDT30,LO2623 - MAIN MEAL TRAY SET UP,LO2623,TRAY SET UP,SER,EA,124,106,8.72,924.32
BGI3,25/01/25,188,SI011919,Y,VS,YPAX03,23240- PER PASSENGER CHARGE[Y],23240,OVERHEAD - Y PAX OVERHEAD - PER PAX,SER,EA,124,129,13.856,1787.42
BGI3,25/01/25,188,SI011919,YC,VS,2CE069, COCO CURRY,LO8708,WILD RICE COCONUT CURRY SAUCE VEG,FOO,EA,12,3,6.438,19.31
BGI3,25/01/25,188,SI011919,YC,VS,2CE070,LO8709 - GARLIC MASH CHIX THIG,LO8709,GARLIC MASH SEARED CHIX GREEN PEPPERCORN SAUCE,FOO,EA,12,3,10.838,32.51
BGI3,25/01/25,188,SI011919,YC,VS,2CE071,LO8710 - MAHI W GARL ORZO PAS,LO8710,SEARED MAHI ORZO PASTA CREOLE SAUCE VEG,FOO,EA,12,2,12.378,24.76
BGI3,25/01/25,188,SI011919,YC,VS,2CE072,LO8711 - PORKLOIN W PO GRATIN,LO8711,SEARED PORK POTATO GRATIN VEG,FOO,EA,12,2,13.84,27.68
BGI3,25/01/25,188,SI011919,YC,VS,2CE073,LO8712 - CHEESE RAVIOLI,LO8712,CHEESE RAVIOLI,FOO,EA,12,2,8.718,17.44
BGI3,25/01/25,188,SI011919,YC,VS,2CFF11,LO4110-WHOLE FRUIT 1,LO4110,SEASONAL WHOLE FRUIT OPTION 1,FOO,EA,12,6,4.622,27.73
BGI3,25/01/25,188,SI011919,YC,VS,2CFF12,LO4111-WHOLE FRUIT 2,LO4111,SEASONAL WHOLE FRUIT OPT 2,FOO,EA,12,6,4.622,27.73
BGI3,25/01/25,188,SI011919,YC,VS,2CFS44,LO5113- EGG SALAD SANDWICH,LO5113,EGG SALAD SANDWICH,FOO,EA,12,3,5.374,16.12
BGI3,25/01/25,188,SI011919,YC,VS,2CFS45,LO5115- TUNASALAD SANDWICH,LO5115,TUNA SALAD SANDWICH,FOO,EA,12,2,6.734,13.47
BGI3,25/01/25,188,SI011919,YC,VS,2CFS49,LO5119- BAP - STREAKY BACON,LO5119,SCOTTISH BAP WITH BACON,FOO,EA,12,4,4.866,19.46
BGI3,25/01/25,188,SI011919,YC,VS,2CFS52,LO5368- PLAIN BAGEL -PC CR CH,LO5368,PLAIN BAGEL WITH PC CREAM CHEESE,FOO,EA,12,4,4.086,16.34
BGI3,25/01/25,188,SI011919,YC,VS,2CFS77,LO8713 - HAM SANDWICH,LO8713,HAM SANDWICH,FOO,EA,12,3,7.734,23.2
BGI3,25/01/25,188,SI011919,YC,VS,2CFS78,LO8714 - CHEESE TOMATO WRAP,LO8714,CHEESE TOMATO CUCUMBER WRAP,FOO,EA,12,2,6.694,13.39
BGI3,25/01/25,188,SI011919,YC,VS,2CFS79,LO8715 - CHICKEN CHEESE BAGEL,LO8715,CHICKEN AND CHEESE BAGEL,FOO,EA,12,2,5.014,10.03
BGI3,25/01/25,188,SI011919,YC,VS,2CFS80,LO8716 - TURKEY SANDWICH,LO8716,TURKEY SANDWICH,FOO,EA,12,4,7.896,31.58
BGI3,25/01/25,188,SI011919,YC,VS,2CFS81, CHUTNE,LO8718,TILLAMOOK CHEESE CARR TROPICAL CHUTNEY,FOO,EA,12,6,6.788,40.73
BGI3,25/01/25,188,SI011919,YC,VS,2CFS82,LO8717 - PROTEIN POT W OLIVES,LO8717,PUMPKIN HUMMUS C CHEESE BLACK OLIVES PITTA BREAD T,FOO,EA,12,6,6.904,41.42
BGI3,25/01/25,188,SI011919,YC,VS,CPAX02,28728- C CREW SVC CHARGE,28728,OVERHEAD - CC OVERHEAD - PER PAX,SER,EA,12,12,25.48,305.76
BGI3,25/01/25,188A,SI011916,F,VS,FPAX06,F PAX CHG SHUTTLE,23234ISLAND,OVERHEAD - J INTERISLAND OVERHEAD - PER PAX,SER,EA,12,12,0.831,9.97
BGI3,25/01/25,188A,SI011916,F,VS,JSN04,LO7128 - ORIGINAL SHIRLEY,LO7128,ORIGINAL SHIRLEY BISCUIT,STO,EA,12,12,1.096,13.15
BGI3,25/01/25,188A,SI011916,J,VS,JPAX03,J PAX CHG SHUTTLE,23237ISLAND,OVERHEAD - W INTERISLAND OVERHEAD - PER PAX,SER,EA,14,14,0.831,11.63
BGI3,25/01/25,188A,SI011916,J,VS,JSN05,LO7135 - ORIGINAL SHIRLEY,LO7135,ORIGINAL SHIRLEY BISCUIT,STO,EA,14,14,1.096,15.34
BGI3,25/01/25,188A,SI011916,Y,VS,JSN06,LO7138 - ORIGINAL SHIRLEY,LO7138,ORIGINAL SHIRLEY BISCUIT,STO,EA,44,44,1.096,48.22
BGI3,25/01/25,188A,SI011916,Y,VS,YPAX04,Y PAX CHG SHUTTLE,23240ISLAND,OVERHEAD - Y INTERISLAND OVERHEAD - PER PAX,SER,EA,44,44,0.831,36.56
BGI3,25/01/25,188A,SI011916,YC,VS,FAN35,WATER 1.5LT,LO2664,INTERISLAND 1.5 LTR WATER,STO,EA,12,12,2.36,28.32
BGI3,26/01/25,197,SI011920,F,VS,FPAX06,F PAX CHG SHUTTLE,23234ISLAND,OVERHEAD - J INTERISLAND OVERHEAD - PER PAX,SER,EA,7,7,0.831,5.82
BGI3,26/01/25,197,SI011920,F,VS,JSN04,LO7128 - ORIGINAL SHIRLEY,LO7128,ORIGINAL SHIRLEY BISCUIT,STO,EA,7,7,1.096,7.67
BGI3,26/01/25,197,SI011920,J,VS,JPAX03,J PAX CHG SHUTTLE,23237ISLAND,OVERHEAD - W INTERISLAND OVERHEAD - PER PAX,SER,EA,21,21,0.831,17.45
BGI3,26/01/25,197,SI011920,J,VS,JSN05,LO7135 - ORIGINAL SHIRLEY,LO7135,ORIGINAL SHIRLEY BISCUIT,STO,EA,21,21,1.096,23.02
BGI3,26/01/25,197,SI011920,Y,VS,3YS035,145991-TRANS.- HANDLING 33J,145991,TURNAROUND - STRIP - LOAD - A330-300 - 3 FLIGHTS,SER,EA,100,1,483.897,483.9
BGI3,26/01/25,197,SI011920,Y,VS,FAN35,WATER 1.5LT,LO2664,INTERISLAND 1.5 LTR WATER,STO,EA,100,18,2.36,42.48
BGI3,26/01/25,197,SI011920,Y,VS,FAN36,ORANGE JUICE 1LT,3354,BEVERAGE- ORANGE JUICE - 1 LT,STO,EA,100,5,2.124,10.62
BGI3,26/01/25,197,SI011920,Y,VS,JSN06,LO7138 - ORIGINAL SHIRLEY,LO7138,ORIGINAL SHIRLEY BISCUIT,STO,EA,100,100,1.096,109.6
BGI3,26/01/25,197,SI011920,Y,VS,YPAX04,Y PAX CHG SHUTTLE,23240ISLAND,OVERHEAD - Y INTERISLAND OVERHEAD - PER PAX,SER,EA,100,100,0.831,83.1
BGI3,26/01/25,197,SI011920,YC,VS,2CFF12,LO4111-WHOLE FRUIT 2,LO4111,SEASONAL WHOLE FRUIT OPT 2,FOO,EA,12,5,4.622,23.11
BGI3,26/01/25,197,SI011920,YC,VS,2CFF13,LO4268 - WHOLE FRUIT 1,LO4268,SEASONAL WHOLE FRUIT OPT 1,FOO,EA,12,7,4.662,32.63
BGI3,26/01/25,197,SI011920,YC,VS,2CFS55,LO6303 - TUNA SANDWICH,LO6303,TUNA SANDWICH,FOO,EA,12,5,6.734,33.67
BGI3,26/01/25,197,SI011920,YC,VS,2CFS83,LO7721 - EGG SANDWICH,LO7721,EGG SALAD SANDWICH,FOO,EA,12,7,5.374,37.62
BGI3,26/01/25,197,SI011920,YC,VS,CPAX04,C PAX CHG SHUTTLE,28728,OVERHEAD - CC OVERHEAD - PER PAX,SER,EA,12,12,22.261,267.13
BGI3,26/01/25,197,SI011920,YC,VS,FAN37,LO2664 - CREW WATER 1.5 LT,LO2664,INTERISLAND 1.5 LTR WATER,STO,EA,12,12,2.272,27.26
BGI3,26/01/25,197,SI011920,YC,VS,JSN07,LO7722 - ORIG SHIRLEY CREW,LO7722,ORIGINAL SHIRLEY BISCUIT,STO,EA,12,12,1.096,13.15
BGI3,26/01/25,198,SI011924,F,VS,1POAM2,SP170097 - OAML,SP170097,OAML,FOO,EA,31,3,12.582,37.75
BGI3,26/01/25,198,SI011924,F,VS,1POSML,SP170101 - OSML,SP170101,OSML,FOO,EA,31,1,10.91,10.91
BGI3,26/01/25,198,SI011924,F,VS,1POTML,SP170102 - OTML,SP170102,OTML,FOO,EA,31,4,9.48,37.92
BGI3,26/01/25,198,SI011924,F,VS,1POUML,SP173624 - OUML,SP173624,OUML,FOO,EA,31,3,12.36,37.08
BGI3,26/01/25,198,SI011924,F,VS,FAN12,19381- MILK 100%,19381,FULL FAT MILK - PINT,STO,EA,31,4,4.805,19.22
BGI3,26/01/25,198,SI011924,F,VS,FAN13,19383- MILK 2%,19383,SEMI SKIMMED MILK - PINT,STO,EA,31,2,4.805,9.61
BGI3,26/01/25,198,SI011924,F,VS,FAN14,19385-LEMON HALVES,19385,LEMON WEDGES,FOO,EA,31,2,5.125,10.25
BGI3,26/01/25,198,SI011924,F,VS,FAN21,19379-WET ICE[6LB BAG],19379,WET ICE,WET,EA,31,4,2.942,11.77
BGI3,26/01/25,198,SI011924,F,VS,FAN23,LO7607-CUCUMBER SLICES,LO7607,CUCUMBER SLICES,FOO,EA,31,1,7.686,7.69
BGI3,26/01/25,198,SI011924,F,VS,FAN30,7041- LIME WEDGES,7041,LIME WEDGES,FOO,EA,31,2,4.78,9.56
BGI3,26/01/25,198,SI011924,F,VS,FAN33,23212 - BULK EQUIPMENT,23212,BULK EQUIPMENT,EQU,EA,31,30,1.779,53.37
BGI3,26/01/25,198,SI011924,F,VS,FBD91,LO7757 -WHOLE WHEAT - FLAXSEED,LO7757,WHOLE WHEAT - FLAXSEED KNOT ROLL,FOO,EA,31,16,2.446,39.14
BGI3,26/01/25,198,SI011924,F,VS,FBD92,LO7758 -BLACK OLIVE - GAR ROLL,LO7758,BLACK OLIVE AND GARLIC ROLL,FOO,EA,31,16,2.516,40.26
BGI3,26/01/25,198,SI011924,F,VS,FBD93,LO7759 -CHEDDAR - ONION ROLL,LO7759,CHEDDAR CHEESE AND ONION ROLL,FOO,EA,31,15,2.446,36.69
BGI3,26/01/25,198,SI011924,F,VS,FBT14,LO7770- FRUIT PLATE,LO7770,FRUIT PLATE,FOO,EA,31,16,6.598,105.57
BGI3,26/01/25,198,SI011924,F,VS,FBT16,LO7126 - PLAIN GREEK YOGH FULL,LO7126,PLAIN GREEK YOGHURT - 907 GRAMS,STO,EA,31,1,13.612,13.61
BGI3,26/01/25,198,SI011924,F,VS,FBT17,LO7127- GRANOLA FULL,LO7127,GRANOLA WHOLE GRAIN - 360 GRAMS,STO,EA,31,1,16.562,16.56
BGI3,26/01/25,198,SI011924,F,VS,FBT18,LO7771 - BANANA MUFFIN,LO7771,BANANA MUFFIN,FOO,EA,31,16,3.272,52.35
BGI3,26/01/25,198,SI011924,F,VS,FCE155,LO7764 -HERB CHIX W POT GRATIN,LO7764,HERBED CHIX POTATO GRATIN CORN AND PEPPER,FOO,EA,31,8,12.582,100.66
BGI3,26/01/25,198,SI011924,F,VS,FCE156,LO7765 - MAHI MAHI W WILD RICE,LO7765,SPICED MAHI TURMERIC WILD RICE COCONUT CURRY,FOO,EA,31,6,14.292,85.75
BGI3,26/01/25,198,SI011924,F,VS,FCE157,LO7766 - VEG LASAGNA,LO7766,VEGETABLE LASGNA DUO SCALES,FOO,EA,31,4,12.42,49.68
BGI3,26/01/25,198,SI011924,F,VS,FCF16,LO5500- PICK YOUR OWN,LO5500,CARIBBEAN FRUIT WHOLE [ASSORTED],FOO,EA,31,1,26.288,26.29
BGI3,26/01/25,198,SI011924,F,VS,FCS153,LO8803 - JERK PORK SATAYS,LO8803,,,EA,31,16,6.072,97.15
BGI3,26/01/25,198,SI011924,F,VS,FCS154,LO8804 - PUMKIN HUMMUS,LO8804,,,EA,31,18,5.176,93.17
BGI3,26/01/25,198,SI011924,F,VS,FDD106,LO7762 -SAVOURY CHEESE PLATE,LO7762,STILTON CHEEDAR GOAT GRAPE CHUTNEY,FOO,EA,31,19,7.53,143.07
BGI3,26/01/25,198,SI011924,F,VS,FDD108,LO8805 - DOUBLE CHOC CHE CAKE,LO8805,,,EA,31,12,5.38,64.56
BGI3,26/01/25,198,SI011924,F,VS,FDD109,LO8806 - CARAMEL - PUMKIN BREA,LO8806,,,EA,31,16,4.83,77.28
BGI3,26/01/25,198,SI011924,F,VS,FDT007,LO4801- BUTTER,LO4801,BUTTER [PIPED] BULK LOAED,FOO,EA,31,31,1.042,32.3
BGI3,26/01/25,198,SI011924,F,VS,FHB69,LO4240-BACON BAP,LO4240,BACON BAP,FOO,EA,31,11,5.18,56.98
BGI3,26/01/25,198,SI011924,F,VS,FHB83,LO7767 -SCRAM EGG BB SAUS,LO7767,SCRAMBLE EGGS BACK BACON SAUSAGE BAKED BEANS,FOO,EA,31,16,9.72,155.52
BGI3,26/01/25,198,SI011924,F,VS,FHB84,LO7768 - PEPP - CHEE OMELETTE,LO7768,PEPPER AND CHEESE OMELETTE SPINACH SWEET POTATO,FOO,EA,31,4,7.85,31.4
BGI3,26/01/25,198,SI011924,F,VS,FHB85,LO7769 - CHOCO CHIP PANCAKE,LO7769,CHOCOLATE CHIP PANCAKESPICED PINEAPPLE AND BERRY C,FOO,EA,31,6,6.31,37.86
BGI3,26/01/25,198,SI011924,F,VS,FPAX04,23234-PER PASSENGER CHARGE,23234,OVERHEAD - J PAX OVERHEAD - PER PAX,SER,EA,31,30,36.774,1103.22
BGI3,26/01/25,198,SI011924,J,VS,1JGF01,SP124628 - GFML [J/C],SP124628,GFML,FOO,EA,47,1,22.504,22.5
BGI3,26/01/25,198,SI011924,J,VS,1JVL01,SP124620 - VLML [J/C],SP124620,VLML,FOO,EA,47,1,12.174,12.17
BGI3,26/01/25,198,SI011924,J,VS,1PWAM2,SP170105 - WAM2,SP170105,WAML,FOO,EA,47,10,8.69,86.9
BGI3,26/01/25,198,SI011924,J,VS,1PWBM2,SP170106 - WBM2,SP170106,WBML,FOO,EA,47,7,11.298,79.09
BGI3,26/01/25,198,SI011924,J,VS,1PWCM2,SP170107 - WCM2,SP170107,WCML,FOO,EA,47,5,7.248,36.24
BGI3,26/01/25,198,SI011924,J,VS,JBE41, PORK SAUG,LO7775,SCRAMBLE EGG PORK SAUSAGE BACK BACON BAKED BEANS,FOO,EA,47,23,6.378,146.69
BGI3,26/01/25,198,SI011924,J,VS,JBE42,LO7776 -EGG - VEG FRITATTA,LO7776,EGG - VEGETABLE FRITATTA SWEET POTATO BLISTERED CH,FOO,EA,47,8,7.518,60.14
BGI3,26/01/25,198,SI011924,J,VS,JBE43,LO7777 -CHOC CHIP PANCAKES,LO7777,CHOCOLATE CHIP PANCAKE CARMALIZED PINEAPPLE AND BE,FOO,EA,47,14,5.378,75.29
BGI3,26/01/25,198,SI011924,J,VS,JCE119,LO7772 -CREOLE CHIX W GAR ORZO,LO7772,SEARED CHIX CREOLE SAUCE GARLIZ ORZO,FOO,EA,47,15,8.69,130.35
BGI3,26/01/25,198,SI011924,J,VS,JCE121,LO7773 -MAHI MAHI W MAS POT,LO7773,SEARED MAHI GARLIC MASH BLISTETED TOMATO,FOO,EA,47,7,11.298,79.09
BGI3,26/01/25,198,SI011924,J,VS,JCE122,LO7774-WILD RICE COCO CURRY,LO7774,WILD RICE COCONUT CURRY SAUCE FRIED PLANTAIN,FOO,EA,47,4,7.248,28.99
BGI3,26/01/25,198,SI011924,J,VS,JDT33,LO2622- TRAY SET MM,LO2622,TRAY SET UP,SER,EA,47,45,16.138,726.21
BGI3,26/01/25,198,SI011924,J,VS,JPAX02,23237-PER PASSENGER CHARGE,23237,OVERHEAD - W PAX OVERHEAD - PER PAX,SER,EA,47,45,16.939,762.26
BGI3,26/01/25,198,SI011924,Y,VS,1YAV01,SP124700- AVML [Y/C],SP124700,AVML,FOO,EA,179,2,15.115,30.23
BGI3,26/01/25,198,SI011924,Y,VS,1YGF01,SP124706 - GFML [Y/C],SP124706,GFML,FOO,EA,179,1,22.504,22.5
BGI3,26/01/25,198,SI011924,Y,VS,1YVL01,SP124698- VLML [Y/C],SP124698,VLML,FOO,EA,179,2,12.154,24.31
BGI3,26/01/25,198,SI011924,Y,VS,3YDS01,3354- ORANGE JUICE-1LT,3354,BEVERAGES - ORANGE JUICE - 1 LT,STO,EA,179,29,2.124,61.6
BGI3,26/01/25,198,SI011924,Y,VS,3YDS02,3335-TOMATO JUICE 1LT,3335,BEVERAGES - TOMATO JUICE - 1 LT,STO,EA,179,1,4.057,4.06
BGI3,26/01/25,198,SI011924,Y,VS,3YDS03,3376-CRANBERRY JUICE,3376,BEVERAGES - CRANBERRY JUICE - 1 LT,STO,EA,179,2,5.101,10.2
BGI3,26/01/25,198,SI011924,Y,VS,3YDS04,3353-APPLE JUICE 1LTR,3353,BEVERAGES - APPLE JUICE - 1 LT,STO,EA,179,17,2.124,36.11
BGI3,26/01/25,198,SI011924,Y,VS,3YDS06,3476-MINERAL WATER 1.5LT,3476,BEVERAGES - MINERAL WATER STILL - 1 LT,STO,EA,179,48,2.36,113.28
BGI3,26/01/25,198,SI011924,Y,VS,3YDS07,33169-SPARKLING WATER 1LT,33169,BEVERAGES - MINERAL WATER SPARK - 1 LT,STO,EA,179,14,3.274,45.84
BGI3,26/01/25,198,SI011924,Y,VS,3YDS11,213774-PLASTIC BAG,213774,EQUIPMENT - BAG- PLASTIC BAG,EQU,EA,179,1,0.368,0.37
BGI3,26/01/25,198,SI011924,Y,VS,3YS022,ORANGE LINEN BAG,151383,LAUNDRY - BAG LINEN ORANGE 2014,LAU,EA,179,1,1.969,1.97
BGI3,26/01/25,198,SI011924,Y,VS,3YS023,LINEN TABLECLOTH,3526,LAUNDRY - TABLE CLOTH/RUNNER 2014,LAU,EA,179,33,0.652,21.52
BGI3,26/01/25,198,SI011924,Y,VS,3YS024,LINEN NAPKINS,3527,LAUNDRY - LINEN FOLDED NAPKIN 2014,LAU,EA,179,31,0.522,16.18
BGI3,26/01/25,198,SI011924,Y,VS,3YS032,145995-EQUIP PK - STORES 300,145995,PACKING - FLIGHT PACKING - A330-300,SER,EA,179,1,167.95,167.95
BGI3,26/01/25,198,SI011924,Y,VS,3YS035,145991-TRANS.- HANDLING 33J,145991,TURNAROUND - STRIP - LOAD - A330-300 - 3 FLIGHTS,SER,EA,179,1,483.897,483.9
BGI3,26/01/25,198,SI011924,Y,VS,3YS036,145994- WASH UP A330-300,145994,WASH UP - WASH UP - A330-900,SER,EA,179,1,404.383,404.38
BGI3,26/01/25,198,SI011924,Y,VS,3YS038,17.5% VAT ON LAUNDRY CHRG 33J,51069SALE,SALES TAX - LAUNDRY,VAT,EA,179,1,10.961,10.96
BGI3,26/01/25,198,SI011924,Y,VS,3YS063,25137-CUTLERY WRAP 1ST SERV 33,25137,PACKING - CUTLERY WRAPPING FIRST SERVICE - A330-30,SER,EA,179,1,8.435,8.44
BGI3,26/01/25,198,SI011924,Y,VS,3YS064,33819-CUTLERY WRAP 2ND SERV 33,33819,PACKING - CUTLERY WRAPPING SECOND SERVICE - A330-3,SER,EA,179,1,8.435,8.44
BGI3,26/01/25,198,SI011924,Y,VS,3YS071,32673-CULT WASH-PL 1SER 300,32673,PACKING - CUTLERY WASHUP - POLISHING FIRST SERVICE,SER,EA,179,1,27.272,27.27
BGI3,26/01/25,198,SI011924,Y,VS,3YS072,33141-CULT WASH-PL 2SER 300,33141,PACKING - CUTLERY WASHUP - POLISHING SECOND SERVIC,SER,EA,179,1,18.363,18.36
BGI3,26/01/25,198,SI011924,Y,VS,3YS095,25127- CUTL WSH-POL A330,25127,PACKING - CUTLERY WASHUP - POLISHING - A330-300,SER,EA,179,1,54.402,54.4
BGI3,26/01/25,198,SI011924,Y,VS,FAN17,19382-MILK 100% [Y],19382,FULL FAT MILK - PINT,STO,EA,179,2,4.805,9.61
BGI3,26/01/25,198,SI011924,Y,VS,FAN18,19384- MILK 2% [Y],19384,SEMI SKIMMED MILK - PINT,STO,EA,179,4,4.805,19.22
BGI3,26/01/25,198,SI011924,Y,VS,FAN19,7042-LEMON HALVES [Y],7042,LIME WEDGES,FOO,EA,179,8,5.125,41
BGI3,26/01/25,198,SI011924,Y,VS,FAN20,19380- WET ICE [6LB BAG] [Y],19380,WET ICE,WET,EA,179,8,2.942,23.54
BGI3,26/01/25,198,SI011924,Y,VS,YBE11,174148-BREAKFAST BOX,174148,,,EA,179,174,8.412,1463.69
BGI3,26/01/25,198,SI011924,Y,VS,YBE24,LO6953-OTIS SPUNKMEYER MUFFIN,LO6953,OTIS SPUNKMEYER MUFFIN,FOO,EA,179,174,1.872,325.73
BGI3,26/01/25,198,SI011924,Y,VS,YDE116,LO7778 - RO CHIX W PEPPERCORN,LO7778,ROASTED CHIX PEPPER SAU MASHED POTATO VEG,FOO,EA,179,122,8.748,1067.26
BGI3,26/01/25,198,SI011924,Y,VS,YDE117,LO7779 - MAC PIE W TOM SAUCE,LO7779,MACARONI PIE TOMATO ROSE CREAMY SAUCE,FOO,EA,179,52,5.378,279.66
BGI3,26/01/25,198,SI011924,Y,VS,YDT30,LO2623 - MAIN MEAL TRAY SET UP,LO2623,TRAY SET UP,SER,EA,179,174,8.72,1517.28
BGI3,26/01/25,198,SI011924,Y,VS,YPAX03,23240- PER PASSENGER CHARGE[Y],23240,OVERHEAD - Y PAX OVERHEAD - PER PAX,SER,EA,179,175,13.856,2424.8
BGI3,26/01/25,198,SI011924,YC,VS,2CE069, COCO CURRY,LO8708,WILD RICE COCONUT CURRY SAUCE VEG,FOO,EA,12,3,6.438,19.31
BGI3,26/01/25,198,SI011924,YC,VS,2CE070,LO8709 - GARLIC MASH CHIX THIG,LO8709,GARLIC MASH SEARED CHIX GREEN PEPPERCORN SAUCE,FOO,EA,12,3,10.838,32.51
BGI3,26/01/25,198,SI011924,YC,VS,2CE071,LO8710 - MAHI W GARL ORZO PAS,LO8710,SEARED MAHI ORZO PASTA CREOLE SAUCE VEG,FOO,EA,12,2,12.378,24.76
BGI3,26/01/25,198,SI011924,YC,VS,2CE072,LO8711 - PORKLOIN W PO GRATIN,LO8711,SEARED PORK POTATO GRATIN VEG,FOO,EA,12,2,13.84,27.68
BGI3,26/01/25,198,SI011924,YC,VS,2CE073,LO8712 - CHEESE RAVIOLI,LO8712,CHEESE RAVIOLI,FOO,EA,12,2,8.718,17.44
BGI3,26/01/25,198,SI011924,YC,VS,2CFF11,LO4110-WHOLE FRUIT 1,LO4110,SEASONAL WHOLE FRUIT OPTION 1,FOO,EA,12,6,4.622,27.73
BGI3,26/01/25,198,SI011924,YC,VS,2CFF12,LO4111-WHOLE FRUIT 2,LO4111,SEASONAL WHOLE FRUIT OPT 2,FOO,EA,12,6,4.622,27.73
BGI3,26/01/25,198,SI011924,YC,VS,2CFS44,LO5113- EGG SALAD SANDWICH,LO5113,EGG SALAD SANDWICH,FOO,EA,12,3,5.374,16.12
BGI3,26/01/25,198,SI011924,YC,VS,2CFS45,LO5115- TUNASALAD SANDWICH,LO5115,TUNA SALAD SANDWICH,FOO,EA,12,2,6.734,13.47
BGI3,26/01/25,198,SI011924,YC,VS,2CFS49,LO5119- BAP - STREAKY BACON,LO5119,SCOTTISH BAP WITH BACON,FOO,EA,12,4,4.866,19.46
BGI3,26/01/25,198,SI011924,YC,VS,2CFS52,LO5368- PLAIN BAGEL -PC CR CH,LO5368,PLAIN BAGEL WITH PC CREAM CHEESE,FOO,EA,12,4,4.086,16.34
BGI3,26/01/25,198,SI011924,YC,VS,2CFS77,LO8713 - HAM SANDWICH,LO8713,HAM SANDWICH,FOO,EA,12,3,7.734,23.2
BGI3,26/01/25,198,SI011924,YC,VS,2CFS78,LO8714 - CHEESE TOMATO WRAP,LO8714,CHEESE TOMATO CUCUMBER WRAP,FOO,EA,12,2,6.694,13.39
BGI3,26/01/25,198,SI011924,YC,VS,2CFS79,LO8715 - CHICKEN CHEESE BAGEL,LO8715,CHICKEN AND CHEESE BAGEL,FOO,EA,12,2,5.014,10.03
BGI3,26/01/25,198,SI011924,YC,VS,2CFS80,LO8716 - TURKEY SANDWICH,LO8716,TURKEY SANDWICH,FOO,EA,12,4,7.896,31.58
BGI3,26/01/25,198,SI011924,YC,VS,2CFS81, CHUTNE,LO8718,TILLAMOOK CHEESE CARR TROPICAL CHUTNEY,FOO,EA,12,6,6.788,40.73
BGI3,26/01/25,198,SI011924,YC,VS,2CFS82,LO8717 - PROTEIN POT W OLIVES,LO8717,PUMPKIN HUMMUS C CHEESE BLACK OLIVES PITTA BREAD T,FOO,EA,12,6,6.904,41.42
BGI3,26/01/25,198,SI011924,YC,VS,CPAX02,28728- C CREW SVC CHARGE,28728,OVERHEAD - CC OVERHEAD - PER PAX,SER,EA,12,12,25.48,305.76
BGI3,26/01/25,78,SI011923,F,VS,1FGF01,SP124540- GFML [F/C],SP124540,GFML,FOO,EA,30,1,31.461,31.46
BGI3,26/01/25,78,SI011923,F,VS,1POBM2,SP170098 - OBML,SP170098,OBML,FOO,EA,30,3,14.292,42.88
BGI3,26/01/25,78,SI011923,F,VS,1POMML,SP170100 - OMML,SP170100,OMML,FOO,EA,30,2,9.162,18.32
BGI3,26/01/25,78,SI011923,F,VS,1POSML,SP170101 - OSML,SP170101,OSML,FOO,EA,30,1,10.91,10.91
BGI3,26/01/25,78,SI011923,F,VS,1POTML,SP170102 - OTML,SP170102,OTML,FOO,EA,30,3,9.48,28.44
BGI3,26/01/25,78,SI011923,F,VS,1POUML,SP173624 - OUML,SP173624,OUML,FOO,EA,30,4,12.36,49.44
BGI3,26/01/25,78,SI011923,F,VS,FAN12,19381- MILK 100%,19381,FULL FAT MILK - PINT,STO,EA,30,3,4.805,14.42
BGI3,26/01/25,78,SI011923,F,VS,FAN13,19383- MILK 2%,19383,SEMI SKIMMED MILK - PINT,STO,EA,30,2,4.805,9.61
BGI3,26/01/25,78,SI011923,F,VS,FAN14,19385-LEMON HALVES,19385,LEMON WEDGES,FOO,EA,30,2,5.125,10.25
BGI3,26/01/25,78,SI011923,F,VS,FAN21,19379-WET ICE[6LB BAG],19379,WET ICE,WET,EA,30,4,2.942,11.77
BGI3,26/01/25,78,SI011923,F,VS,FAN23,LO7607-CUCUMBER SLICES,LO7607,CUCUMBER SLICES,FOO,EA,30,1,7.686,7.69
BGI3,26/01/25,78,SI011923,F,VS,FAN30,7041- LIME WEDGES,7041,LIME WEDGES,FOO,EA,30,2,4.78,9.56
BGI3,26/01/25,78,SI011923,F,VS,FAN33,23212 - BULK EQUIPMENT,23212,BULK EQUIPMENT,EQU,EA,30,26,1.779,46.25
BGI3,26/01/25,78,SI011923,F,VS,FBD91,LO7757 -WHOLE WHEAT - FLAXSEED,LO7757,WHOLE WHEAT - FLAXSEED KNOT ROLL,FOO,EA,30,15,2.446,36.69
BGI3,26/01/25,78,SI011923,F,VS,FBD92,LO7758 -BLACK OLIVE - GAR ROLL,LO7758,BLACK OLIVE AND GARLIC ROLL,FOO,EA,30,15,2.516,37.74
BGI3,26/01/25,78,SI011923,F,VS,FBD93,LO7759 -CHEDDAR - ONION ROLL,LO7759,CHEDDAR CHEESE AND ONION ROLL,FOO,EA,30,14,2.446,34.24
BGI3,26/01/25,78,SI011923,F,VS,FBT14,LO7770- FRUIT PLATE,LO7770,FRUIT PLATE,FOO,EA,30,15,6.598,98.97
BGI3,26/01/25,78,SI011923,F,VS,FBT16,LO7126 - PLAIN GREEK YOGH FULL,LO7126,PLAIN GREEK YOGHURT - 907 GRAMS,STO,EA,30,1,13.612,13.61
BGI3,26/01/25,78,SI011923,F,VS,FBT17,LO7127- GRANOLA FULL,LO7127,GRANOLA WHOLE GRAIN - 360 GRAMS,STO,EA,30,1,16.562,16.56
BGI3,26/01/25,78,SI011923,F,VS,FBT18,LO7771 - BANANA MUFFIN,LO7771,BANANA MUFFIN,FOO,EA,30,15,3.272,49.08
BGI3,26/01/25,78,SI011923,F,VS,FCE155,LO7764 -HERB CHIX W POT GRATIN,LO7764,HERBED CHIX POTATO GRATIN CORN AND PEPPER,FOO,EA,30,8,12.582,100.66
BGI3,26/01/25,78,SI011923,F,VS,FCE156,LO7765 - MAHI MAHI W WILD RICE,LO7765,SPICED MAHI TURMERIC WILD RICE COCONUT CURRY,FOO,EA,30,5,14.292,71.46
BGI3,26/01/25,78,SI011923,F,VS,FCE157,LO7766 - VEG LASAGNA,LO7766,VEGETABLE LASGNA DUO SCALES,FOO,EA,30,3,12.42,37.26
BGI3,26/01/25,78,SI011923,F,VS,FCF16,LO5500- PICK YOUR OWN,LO5500,CARIBBEAN FRUIT WHOLE [ASSORTED],FOO,EA,30,1,26.288,26.29
BGI3,26/01/25,78,SI011923,F,VS,FCS153,LO8803 - JERK PORK SATAYS,LO8803,,,EA,30,15,6.072,91.08
BGI3,26/01/25,78,SI011923,F,VS,FCS154,LO8804 - PUMKIN HUMMUS,LO8804,,,EA,30,17,5.176,87.99
BGI3,26/01/25,78,SI011923,F,VS,FDD106,LO7762 -SAVOURY CHEESE PLATE,LO7762,STILTON CHEEDAR GOAT GRAPE CHUTNEY,FOO,EA,30,17,7.53,128.01
BGI3,26/01/25,78,SI011923,F,VS,FDD108,LO8805 - DOUBLE CHOC CHE CAKE,LO8805,,,EA,30,12,5.38,64.56
BGI3,26/01/25,78,SI011923,F,VS,FDD109,LO8806 - CARAMEL - PUMKIN BREA,LO8806,,,EA,30,15,4.83,72.45
BGI3,26/01/25,78,SI011923,F,VS,FDT007,LO4801- BUTTER,LO4801,BUTTER [PIPED] BULK LOAED,FOO,EA,30,29,1.042,30.22
BGI3,26/01/25,78,SI011923,F,VS,FHB69,LO4240-BACON BAP,LO4240,BACON BAP,FOO,EA,30,5,5.18,25.9
BGI3,26/01/25,78,SI011923,F,VS,FHB83,LO7767 -SCRAM EGG BB SAUS,LO7767,SCRAMBLE EGGS BACK BACON SAUSAGE BAKED BEANS,FOO,EA,30,15,9.72,145.8
BGI3,26/01/25,78,SI011923,F,VS,FHB84,LO7768 - PEPP - CHEE OMELETTE,LO7768,PEPPER AND CHEESE OMELETTE SPINACH SWEET POTATO,FOO,EA,30,6,7.85,47.1
BGI3,26/01/25,78,SI011923,F,VS,FHB85,LO7769 - CHOCO CHIP PANCAKE,LO7769,CHOCOLATE CHIP PANCAKESPICED PINEAPPLE AND BERRY C,FOO,EA,30,9,6.31,56.79
BGI3,26/01/25,78,SI011923,F,VS,FPAX04,23234-PER PASSENGER CHARGE,23234,OVERHEAD - J PAX OVERHEAD - PER PAX,SER,EA,30,26,36.774,956.12
BGI3,26/01/25,78,SI011923,J,VS,1JGF01,SP124628 - GFML [J/C],SP124628,GFML,FOO,EA,47,1,22.504,22.5
BGI3,26/01/25,78,SI011923,J,VS,1PWAM2,SP170105 - WAM2,SP170105,WAML,FOO,EA,47,16,8.69,139.04
BGI3,26/01/25,78,SI011923,J,VS,1PWBM2,SP170106 - WBM2,SP170106,WBML,FOO,EA,47,5,11.298,56.49
BGI3,26/01/25,78,SI011923,J,VS,1PWCM2,SP170107 - WCM2,SP170107,WCML,FOO,EA,47,4,7.248,28.99
BGI3,26/01/25,78,SI011923,J,VS,JBE41, PORK SAUG,LO7775,SCRAMBLE EGG PORK SAUSAGE BACK BACON BAKED BEANS,FOO,EA,47,23,6.378,146.69
BGI3,26/01/25,78,SI011923,J,VS,JBE42,LO7776 -EGG - VEG FRITATTA,LO7776,EGG - VEGETABLE FRITATTA SWEET POTATO BLISTERED CH,FOO,EA,47,9,7.518,67.66
BGI3,26/01/25,78,SI011923,J,VS,JBE43,LO7777 -CHOC CHIP PANCAKES,LO7777,CHOCOLATE CHIP PANCAKE CARMALIZED PINEAPPLE AND BE,FOO,EA,47,14,5.378,75.29
BGI3,26/01/25,78,SI011923,J,VS,JCE119,LO7772 -CREOLE CHIX W GAR ORZO,LO7772,SEARED CHIX CREOLE SAUCE GARLIZ ORZO,FOO,EA,47,14,8.69,121.66
BGI3,26/01/25,78,SI011923,J,VS,JCE121,LO7773 -MAHI MAHI W MAS POT,LO7773,SEARED MAHI GARLIC MASH BLISTETED TOMATO,FOO,EA,47,6,11.298,67.79
BGI3,26/01/25,78,SI011923,J,VS,JCE122,LO7774-WILD RICE COCO CURRY,LO7774,WILD RICE COCONUT CURRY SAUCE FRIED PLANTAIN,FOO,EA,47,4,7.248,28.99
BGI3,26/01/25,78,SI011923,J,VS,JDT33,LO2622- TRAY SET MM,LO2622,TRAY SET UP,SER,EA,47,46,16.138,742.35
BGI3,26/01/25,78,SI011923,J,VS,JPAX02,23237-PER PASSENGER CHARGE,23237,OVERHEAD - W PAX OVERHEAD - PER PAX,SER,EA,47,46,16.939,779.19
BGI3,26/01/25,78,SI011923,Y,VS,1YCH04,SP124709- CHML [Y/C],SP124709,CHML,FOO,EA,134,1,14.622,14.62
BGI3,26/01/25,78,SI011923,Y,VS,1YGF01,SP124706 - GFML [Y/C],SP124706,GFML,FOO,EA,134,4,22.504,90.02
BGI3,26/01/25,78,SI011923,Y,VS,1YMO01,SP124702 - MOML [Y/C],SP124702,MOML,FOO,EA,134,1,12.154,12.15
BGI3,26/01/25,78,SI011923,Y,VS,1YVG01,SP124699- VGML [Y/C],SP124699,VGML,FOO,EA,134,2,14.694,29.39
BGI3,26/01/25,78,SI011923,Y,VS,3YDS01,3354- ORANGE JUICE-1LT,3354,BEVERAGES - ORANGE JUICE - 1 LT,STO,EA,134,29,2.124,61.6
BGI3,26/01/25,78,SI011923,Y,VS,3YDS02,3335-TOMATO JUICE 1LT,3335,BEVERAGES - TOMATO JUICE - 1 LT,STO,EA,134,1,4.057,4.06
BGI3,26/01/25,78,SI011923,Y,VS,3YDS03,3376-CRANBERRY JUICE,3376,BEVERAGES - CRANBERRY JUICE - 1 LT,STO,EA,134,2,5.101,10.2
BGI3,26/01/25,78,SI011923,Y,VS,3YDS04,3353-APPLE JUICE 1LTR,3353,BEVERAGES - APPLE JUICE - 1 LT,STO,EA,134,17,2.124,36.11
BGI3,26/01/25,78,SI011923,Y,VS,3YDS06,3476-MINERAL WATER 1.5LT,3476,BEVERAGES - MINERAL WATER STILL - 1 LT,STO,EA,134,4,2.36,9.44
BGI3,26/01/25,78,SI011923,Y,VS,3YDS07,33169-SPARKLING WATER 1LT,33169,BEVERAGES - MINERAL WATER SPARK - 1 LT,STO,EA,134,14,3.274,45.84
BGI3,26/01/25,78,SI011923,Y,VS,3YDS11,213774-PLASTIC BAG,213774,EQUIPMENT - BAG- PLASTIC BAG,EQU,EA,134,1,0.368,0.37
BGI3,26/01/25,78,SI011923,Y,VS,3YS022,ORANGE LINEN BAG,151383,LAUNDRY - BAG LINEN ORANGE 2014,LAU,EA,134,1,1.969,1.97
BGI3,26/01/25,78,SI011923,Y,VS,3YS023,LINEN TABLECLOTH,3526,LAUNDRY - TABLE CLOTH/RUNNER 2014,LAU,EA,134,33,0.652,21.52
BGI3,26/01/25,78,SI011923,Y,VS,3YS024,LINEN NAPKINS,3527,LAUNDRY - LINEN FOLDED NAPKIN 2014,LAU,EA,134,31,0.522,16.18
BGI3,26/01/25,78,SI011923,Y,VS,3YS032,145995-EQUIP PK - STORES 300,145995,PACKING - FLIGHT PACKING - A330-300,SER,EA,134,1,167.95,167.95
BGI3,26/01/25,78,SI011923,Y,VS,3YS035,145991-TRANS.- HANDLING 33J,145991,TURNAROUND - STRIP - LOAD - A330-300 - 3 FLIGHTS,SER,EA,134,1,483.897,483.9
BGI3,26/01/25,78,SI011923,Y,VS,3YS036,145994- WASH UP A330-300,145994,WASH UP - WASH UP - A330-900,SER,EA,134,1,404.383,404.38
BGI3,26/01/25,78,SI011923,Y,VS,3YS038,17.5% VAT ON LAUNDRY CHRG 33J,51069SALE,SALES TAX - LAUNDRY,VAT,EA,134,1,10.961,10.96
BGI3,26/01/25,78,SI011923,Y,VS,3YS063,25137-CUTLERY WRAP 1ST SERV 33,25137,PACKING - CUTLERY WRAPPING FIRST SERVICE - A330-30,SER,EA,134,1,8.435,8.44
BGI3,26/01/25,78,SI011923,Y,VS,3YS064,33819-CUTLERY WRAP 2ND SERV 33,33819,PACKING - CUTLERY WRAPPING SECOND SERVICE - A330-3,SER,EA,134,1,8.435,8.44
BGI3,26/01/25,78,SI011923,Y,VS,3YS071,32673-CULT WASH-PL 1SER 300,32673,PACKING - CUTLERY WASHUP - POLISHING FIRST SERVICE,SER,EA,134,1,27.272,27.27
BGI3,26/01/25,78,SI011923,Y,VS,3YS072,33141-CULT WASH-PL 2SER 300,33141,PACKING - CUTLERY WASHUP - POLISHING SECOND SERVIC,SER,EA,134,1,18.363,18.36
BGI3,26/01/25,78,SI011923,Y,VS,3YS095,25127- CUTL WSH-POL A330,25127,PACKING - CUTLERY WASHUP - POLISHING - A330-300,SER,EA,134,1,54.402,54.4
BGI3,26/01/25,78,SI011923,Y,VS,FAN17,19382-MILK 100% [Y],19382,FULL FAT MILK - PINT,STO,EA,134,2,4.805,9.61
BGI3,26/01/25,78,SI011923,Y,VS,FAN18,19384- MILK 2% [Y],19384,SEMI SKIMMED MILK - PINT,STO,EA,134,4,4.805,19.22
BGI3,26/01/25,78,SI011923,Y,VS,FAN19,7042-LEMON HALVES [Y],7042,LIME WEDGES,FOO,EA,134,6,5.125,30.75
BGI3,26/01/25,78,SI011923,Y,VS,FAN20,19380- WET ICE [6LB BAG] [Y],19380,WET ICE,WET,EA,134,6,2.942,17.65
BGI3,26/01/25,78,SI011923,Y,VS,YBE11,174148-BREAKFAST BOX,174148,,,EA,134,126,8.412,1059.91
BGI3,26/01/25,78,SI011923,Y,VS,YBE24,LO6953-OTIS SPUNKMEYER MUFFIN,LO6953,OTIS SPUNKMEYER MUFFIN,FOO,EA,134,126,1.872,235.87
BGI3,26/01/25,78,SI011923,Y,VS,YDE116,LO7778 - RO CHIX W PEPPERCORN,LO7778,ROASTED CHIX PEPPER SAU MASHED POTATO VEG,FOO,EA,134,88,8.748,769.82
BGI3,26/01/25,78,SI011923,Y,VS,YDE117,LO7779 - MAC PIE W TOM SAUCE,LO7779,MACARONI PIE TOMATO ROSE CREAMY SAUCE,FOO,EA,134,38,5.378,204.36
BGI3,26/01/25,78,SI011923,Y,VS,YDT30,LO2623 - MAIN MEAL TRAY SET UP,LO2623,TRAY SET UP,SER,EA,134,126,8.72,1098.72
BGI3,26/01/25,78,SI011923,Y,VS,YPAX03,23240- PER PASSENGER CHARGE[Y],23240,OVERHEAD - Y PAX OVERHEAD - PER PAX,SER,EA,134,126,13.856,1745.86
BGI3,26/01/25,78,SI011923,YC,VS,2CE069, COCO CURRY,LO8708,WILD RICE COCONUT CURRY SAUCE VEG,FOO,EA,12,3,6.438,19.31
BGI3,26/01/25,78,SI011923,YC,VS,2CE070,LO8709 - GARLIC MASH CHIX THIG,LO8709,GARLIC MASH SEARED CHIX GREEN PEPPERCORN SAUCE,FOO,EA,12,3,10.838,32.51
BGI3,26/01/25,78,SI011923,YC,VS,2CE071,LO8710 - MAHI W GARL ORZO PAS,LO8710,SEARED MAHI ORZO PASTA CREOLE SAUCE VEG,FOO,EA,12,2,12.378,24.76
BGI3,26/01/25,78,SI011923,YC,VS,2CE072,LO8711 - PORKLOIN W PO GRATIN,LO8711,SEARED PORK POTATO GRATIN VEG,FOO,EA,12,2,13.84,27.68
BGI3,26/01/25,78,SI011923,YC,VS,2CE073,LO8712 - CHEESE RAVIOLI,LO8712,CHEESE RAVIOLI,FOO,EA,12,2,8.718,17.44
BGI3,26/01/25,78,SI011923,YC,VS,2CFF11,LO4110-WHOLE FRUIT 1,LO4110,SEASONAL WHOLE FRUIT OPTION 1,FOO,EA,12,6,4.622,27.73
BGI3,26/01/25,78,SI011923,YC,VS,2CFF12,LO4111-WHOLE FRUIT 2,LO4111,SEASONAL WHOLE FRUIT OPT 2,FOO,EA,12,6,4.622,27.73
BGI3,26/01/25,78,SI011923,YC,VS,2CFS44,LO5113- EGG SALAD SANDWICH,LO5113,EGG SALAD SANDWICH,FOO,EA,12,3,5.374,16.12
BGI3,26/01/25,78,SI011923,YC,VS,2CFS45,LO5115- TUNASALAD SANDWICH,LO5115,TUNA SALAD SANDWICH,FOO,EA,12,2,6.734,13.47
BGI3,26/01/25,78,SI011923,YC,VS,2CFS49,LO5119- BAP - STREAKY BACON,LO5119,SCOTTISH BAP WITH BACON,FOO,EA,12,4,4.866,19.46
BGI3,26/01/25,78,SI011923,YC,VS,2CFS52,LO5368- PLAIN BAGEL -PC CR CH,LO5368,PLAIN BAGEL WITH PC CREAM CHEESE,FOO,EA,12,4,4.086,16.34
BGI3,26/01/25,78,SI011923,YC,VS,2CFS77,LO8713 - HAM SANDWICH,LO8713,HAM SANDWICH,FOO,EA,12,3,7.734,23.2
BGI3,26/01/25,78,SI011923,YC,VS,2CFS78,LO8714 - CHEESE TOMATO WRAP,LO8714,CHEESE TOMATO CUCUMBER WRAP,FOO,EA,12,2,6.694,13.39
BGI3,26/01/25,78,SI011923,YC,VS,2CFS79,LO8715 - CHICKEN CHEESE BAGEL,LO8715,CHICKEN AND CHEESE BAGEL,FOO,EA,12,2,5.014,10.03
BGI3,26/01/25,78,SI011923,YC,VS,2CFS80,LO8716 - TURKEY SANDWICH,LO8716,TURKEY SANDWICH,FOO,EA,12,4,7.896,31.58
BGI3,26/01/25,78,SI011923,YC,VS,2CFS81, CHUTNE,LO8718,TILLAMOOK CHEESE CARR TROPICAL CHUTNEY,FOO,EA,12,6,6.788,40.73
BGI3,26/01/25,78,SI011923,YC,VS,2CFS82,LO8717 - PROTEIN POT W OLIVES,LO8717,PUMPKIN HUMMUS C CHEESE BLACK OLIVES PITTA BREAD T,FOO,EA,12,6,6.904,41.42
BGI3,26/01/25,78,SI011923,YC,VS,CPAX02,28728- C CREW SVC CHARGE,28728,OVERHEAD - CC OVERHEAD - PER PAX,SER,EA,12,12,25.48,305.76
BGI3,26/01/25,132,SI011922,F,VS,1FVG01,SP124533- VGML [F/C],SP124533,VGML,FOO,EA,44,1,32.179,32.18
BGI3,26/01/25,132,SI011922,F,VS,1POAM2,SP170097 - OAML,SP170097,OAML,FOO,EA,44,4,12.582,50.33
BGI3,26/01/25,132,SI011922,F,VS,1POSML,SP170101 - OSML,SP170101,OSML,FOO,EA,44,1,10.91,10.91
BGI3,26/01/25,132,SI011922,F,VS,1POTML,SP170102 - OTML,SP170102,OTML,FOO,EA,44,12,9.48,113.76
BGI3,26/01/25,132,SI011922,F,VS,1POUML,SP173624 - OUML,SP173624,OUML,FOO,EA,44,5,12.36,61.8
BGI3,26/01/25,132,SI011922,F,VS,FAN12,19381- MILK 100%,19381,FULL FAT MILK - PINT,STO,EA,44,5,4.805,24.03
BGI3,26/01/25,132,SI011922,F,VS,FAN13,19383- MILK 2%,19383,SEMI SKIMMED MILK - PINT,STO,EA,44,2,4.805,9.61
BGI3,26/01/25,132,SI011922,F,VS,FAN14,19385-LEMON HALVES,19385,LEMON WEDGES,FOO,EA,44,3,5.125,15.38
BGI3,26/01/25,132,SI011922,F,VS,FAN21,19379-WET ICE[6LB BAG],19379,WET ICE,WET,EA,44,6,2.942,17.65
BGI3,26/01/25,132,SI011922,F,VS,FAN23,LO7607-CUCUMBER SLICES,LO7607,CUCUMBER SLICES,FOO,EA,44,1,7.686,7.69
BGI3,26/01/25,132,SI011922,F,VS,FAN30,7041- LIME WEDGES,7041,LIME WEDGES,FOO,EA,44,2,4.78,9.56
BGI3,26/01/25,132,SI011922,F,VS,FAN33,23212 - BULK EQUIPMENT,23212,BULK EQUIPMENT,EQU,EA,44,42,1.779,74.72
BGI3,26/01/25,132,SI011922,F,VS,FBD91,LO7757 -WHOLE WHEAT - FLAXSEED,LO7757,WHOLE WHEAT - FLAXSEED KNOT ROLL,FOO,EA,44,22,2.446,53.81
BGI3,26/01/25,132,SI011922,F,VS,FBD92,LO7758 -BLACK OLIVE - GAR ROLL,LO7758,BLACK OLIVE AND GARLIC ROLL,FOO,EA,44,22,2.516,55.35
BGI3,26/01/25,132,SI011922,F,VS,FBD93,LO7759 -CHEDDAR - ONION ROLL,LO7759,CHEDDAR CHEESE AND ONION ROLL,FOO,EA,44,21,2.446,51.37
BGI3,26/01/25,132,SI011922,F,VS,FBT14,LO7770- FRUIT PLATE,LO7770,FRUIT PLATE,FOO,EA,44,22,6.598,145.16
BGI3,26/01/25,132,SI011922,F,VS,FBT16,LO7126 - PLAIN GREEK YOGH FULL,LO7126,PLAIN GREEK YOGHURT - 907 GRAMS,STO,EA,44,1,13.612,13.61
BGI3,26/01/25,132,SI011922,F,VS,FBT17,LO7127- GRANOLA FULL,LO7127,GRANOLA WHOLE GRAIN - 360 GRAMS,STO,EA,44,1,16.562,16.56
BGI3,26/01/25,132,SI011922,F,VS,FBT18,LO7771 - BANANA MUFFIN,LO7771,BANANA MUFFIN,FOO,EA,44,22,3.272,71.98
BGI3,26/01/25,132,SI011922,F,VS,FCE155,LO7764 -HERB CHIX W POT GRATIN,LO7764,HERBED CHIX POTATO GRATIN CORN AND PEPPER,FOO,EA,44,11,12.582,138.4
BGI3,26/01/25,132,SI011922,F,VS,FCE156,LO7765 - MAHI MAHI W WILD RICE,LO7765,SPICED MAHI TURMERIC WILD RICE COCONUT CURRY,FOO,EA,44,6,14.292,85.75
BGI3,26/01/25,132,SI011922,F,VS,FCE157,LO7766 - VEG LASAGNA,LO7766,VEGETABLE LASGNA DUO SCALES,FOO,EA,44,4,12.42,49.68
BGI3,26/01/25,132,SI011922,F,VS,FCF16,LO5500- PICK YOUR OWN,LO5500,CARIBBEAN FRUIT WHOLE [ASSORTED],FOO,EA,44,1,26.288,26.29
BGI3,26/01/25,132,SI011922,F,VS,FCS153,LO8803 - JERK PORK SATAYS,LO8803,,,EA,44,22,6.072,133.58
BGI3,26/01/25,132,SI011922,F,VS,FCS154,LO8804 - PUMKIN HUMMUS,LO8804,,,EA,44,25,5.176,129.4
BGI3,26/01/25,132,SI011922,F,VS,FDD106,LO7762 -SAVOURY CHEESE PLATE,LO7762,STILTON CHEEDAR GOAT GRAPE CHUTNEY,FOO,EA,44,26,7.53,195.78
BGI3,26/01/25,132,SI011922,F,VS,FDD108,LO8805 - DOUBLE CHOC CHE CAKE,LO8805,,,EA,44,17,5.38,91.46
BGI3,26/01/25,132,SI011922,F,VS,FDD109,LO8806 - CARAMEL - PUMKIN BREA,LO8806,,,EA,44,22,4.83,106.26
BGI3,26/01/25,132,SI011922,F,VS,FDT007,LO4801- BUTTER,LO4801,BUTTER [PIPED] BULK LOAED,FOO,EA,44,43,1.042,44.81
BGI3,26/01/25,132,SI011922,F,VS,FHB69,LO4240-BACON BAP,LO4240,BACON BAP,FOO,EA,44,15,5.18,77.7
BGI3,26/01/25,132,SI011922,F,VS,FHB83,LO7767 -SCRAM EGG BB SAUS,LO7767,SCRAMBLE EGGS BACK BACON SAUSAGE BAKED BEANS,FOO,EA,44,22,9.72,213.84
BGI3,26/01/25,132,SI011922,F,VS,FHB84,LO7768 - PEPP - CHEE OMELETTE,LO7768,PEPPER AND CHEESE OMELETTE SPINACH SWEET POTATO,FOO,EA,44,6,7.85,47.1
BGI3,26/01/25,132,SI011922,F,VS,FHB85,LO7769 - CHOCO CHIP PANCAKE,LO7769,CHOCOLATE CHIP PANCAKESPICED PINEAPPLE AND BERRY C,FOO,EA,44,9,6.31,56.79
BGI3,26/01/25,132,SI011922,F,VS,FPAX04,23234-PER PASSENGER CHARGE,23234,OVERHEAD - J PAX OVERHEAD - PER PAX,SER,EA,44,42,36.774,1544.51
BGI3,26/01/25,132,SI011922,J,VS,1JCH03,SP124631 - CHILD MEAL [J/C],SP124631,CHML,FOO,EA,56,1,14.622,14.62
BGI3,26/01/25,132,SI011922,J,VS,1JGF01,SP124628 - GFML [J/C],SP124628,GFML,FOO,EA,56,1,22.504,22.5
BGI3,26/01/25,132,SI011922,J,VS,1PWAM2,SP170105 - WAM2,SP170105,WAML,FOO,EA,56,16,8.69,139.04
BGI3,26/01/25,132,SI011922,J,VS,1PWBM2,SP170106 - WBM2,SP170106,WBML,FOO,EA,56,3,11.298,33.89
BGI3,26/01/25,132,SI011922,J,VS,1PWCM2,SP170107 - WCM2,SP170107,WCML,FOO,EA,56,4,7.248,28.99
BGI3,26/01/25,132,SI011922,J,VS,JBE41, PORK SAUG,LO7775,SCRAMBLE EGG PORK SAUSAGE BACK BACON BAKED BEANS,FOO,EA,56,27,6.378,172.21
BGI3,26/01/25,132,SI011922,J,VS,JBE42,LO7776 -EGG - VEG FRITATTA,LO7776,EGG - VEGETABLE FRITATTA SWEET POTATO BLISTERED CH,FOO,EA,56,11,7.518,82.7
BGI3,26/01/25,132,SI011922,J,VS,JBE43,LO7777 -CHOC CHIP PANCAKES,LO7777,CHOCOLATE CHIP PANCAKE CARMALIZED PINEAPPLE AND BE,FOO,EA,56,16,5.378,86.05
BGI3,26/01/25,132,SI011922,J,VS,JCE119,LO7772 -CREOLE CHIX W GAR ORZO,LO7772,SEARED CHIX CREOLE SAUCE GARLIZ ORZO,FOO,EA,56,21,8.69,182.49
BGI3,26/01/25,132,SI011922,J,VS,JCE121,LO7773 -MAHI MAHI W MAS POT,LO7773,SEARED MAHI GARLIC MASH BLISTETED TOMATO,FOO,EA,56,9,11.298,101.68
BGI3,26/01/25,132,SI011922,J,VS,JCE122,LO7774-WILD RICE COCO CURRY,LO7774,WILD RICE COCONUT CURRY SAUCE FRIED PLANTAIN,FOO,EA,56,6,7.248,43.49
BGI3,26/01/25,132,SI011922,J,VS,JDT33,LO2622- TRAY SET MM,LO2622,TRAY SET UP,SER,EA,56,54,16.138,871.45
BGI3,26/01/25,132,SI011922,J,VS,JPAX02,23237-PER PASSENGER CHARGE,23237,OVERHEAD - W PAX OVERHEAD - PER PAX,SER,EA,56,54,16.939,914.71
BGI3,26/01/25,132,SI011922,Y,VS,1YAV01,SP124700- AVML [Y/C],SP124700,AVML,FOO,EA,197,4,15.115,60.46
BGI3,26/01/25,132,SI011922,Y,VS,1YCH04,SP124709- CHML [Y/C],SP124709,CHML,FOO,EA,197,1,14.622,14.62
BGI3,26/01/25,132,SI011922,Y,VS,1YGF01,SP124706 - GFML [Y/C],SP124706,GFML,FOO,EA,197,1,22.504,22.5
BGI3,26/01/25,132,SI011922,Y,VS,1YVG01,SP124699- VGML [Y/C],SP124699,VGML,FOO,EA,197,2,14.694,29.39
BGI3,26/01/25,132,SI011922,Y,VS,1YVL01,SP124698- VLML [Y/C],SP124698,VLML,FOO,EA,197,3,12.154,36.46
BGI3,26/01/25,132,SI011922,Y,VS,3YDS01,3354- ORANGE JUICE-1LT,3354,BEVERAGES - ORANGE JUICE - 1 LT,STO,EA,197,20,2.124,42.48
BGI3,26/01/25,132,SI011922,Y,VS,3YDS02,3335-TOMATO JUICE 1LT,3335,BEVERAGES - TOMATO JUICE - 1 LT,STO,EA,197,2,4.057,8.11
BGI3,26/01/25,132,SI011922,Y,VS,3YDS03,3376-CRANBERRY JUICE,3376,BEVERAGES - CRANBERRY JUICE - 1 LT,STO,EA,197,1,5.101,5.1
BGI3,26/01/25,132,SI011922,Y,VS,3YDS04,3353-APPLE JUICE 1LTR,3353,BEVERAGES - APPLE JUICE - 1 LT,STO,EA,197,16,2.124,33.98
BGI3,26/01/25,132,SI011922,Y,VS,3YDS06,3476-MINERAL WATER 1.5LT,3476,BEVERAGES - MINERAL WATER STILL - 1 LT,STO,EA,197,82,2.36,193.52
BGI3,26/01/25,132,SI011922,Y,VS,3YDS07,33169-SPARKLING WATER 1LT,33169,BEVERAGES - MINERAL WATER SPARK - 1 LT,STO,EA,197,9,3.274,29.47
BGI3,26/01/25,132,SI011922,Y,VS,3YDS11,213774-PLASTIC BAG,213774,EQUIPMENT - BAG- PLASTIC BAG,EQU,EA,197,1,0.368,0.37
BGI3,26/01/25,132,SI011922,Y,VS,3YS022,ORANGE LINEN BAG,151383,LAUNDRY - BAG LINEN ORANGE 2014,LAU,EA,197,1,1.969,1.97
BGI3,26/01/25,132,SI011922,Y,VS,3YS024,LINEN NAPKINS,3527,LAUNDRY - LINEN FOLDED NAPKIN 2014,LAU,EA,197,44,0.522,22.97
BGI3,26/01/25,132,SI011922,Y,VS,3YS032,145995-EQUIP PK - STORES 300,145995,PACKING - FLIGHT PACKING - A330-300,SER,EA,197,1,167.95,167.95
BGI3,26/01/25,132,SI011922,Y,VS,3YS035,145991-TRANS.- HANDLING 33J,145991,TURNAROUND - STRIP - LOAD - A330-300 - 3 FLIGHTS,SER,EA,197,1,483.897,483.9
BGI3,26/01/25,132,SI011922,Y,VS,3YS036,145994- WASH UP A330-300,145994,WASH UP - WASH UP - A330-900,SER,EA,197,1,404.383,404.38
BGI3,26/01/25,132,SI011922,Y,VS,3YS038,17.5% VAT ON LAUNDRY CHRG 33J,51069SALE,SALES TAX - LAUNDRY,VAT,EA,197,1,10.961,10.96
BGI3,26/01/25,132,SI011922,Y,VS,3YS063,25137-CUTLERY WRAP 1ST SERV 33,25137,PACKING - CUTLERY WRAPPING FIRST SERVICE - A330-30,SER,EA,197,1,8.435,8.44
BGI3,26/01/25,132,SI011922,Y,VS,3YS064,33819-CUTLERY WRAP 2ND SERV 33,33819,PACKING - CUTLERY WRAPPING SECOND SERVICE - A330-3,SER,EA,197,1,8.435,8.44
BGI3,26/01/25,132,SI011922,Y,VS,3YS071,32673-CULT WASH-PL 1SER 300,32673,PACKING - CUTLERY WASHUP - POLISHING FIRST SERVICE,SER,EA,197,1,27.272,27.27
BGI3,26/01/25,132,SI011922,Y,VS,3YS072,33141-CULT WASH-PL 2SER 300,33141,PACKING - CUTLERY WASHUP - POLISHING SECOND SERVIC,SER,EA,197,1,18.363,18.36
BGI3,26/01/25,132,SI011922,Y,VS,3YS095,25127- CUTL WSH-POL A330,25127,PACKING - CUTLERY WASHUP - POLISHING - A330-300,SER,EA,197,1,54.402,54.4
BGI3,26/01/25,132,SI011922,Y,VS,FAN17,19382-MILK 100% [Y],19382,FULL FAT MILK - PINT,STO,EA,197,2,4.805,9.61
BGI3,26/01/25,132,SI011922,Y,VS,FAN18,19384- MILK 2% [Y],19384,SEMI SKIMMED MILK - PINT,STO,EA,197,4,4.805,19.22
BGI3,26/01/25,132,SI011922,Y,VS,FAN19,7042-LEMON HALVES [Y],7042,LIME WEDGES,FOO,EA,197,8,5.125,41
BGI3,26/01/25,132,SI011922,Y,VS,FAN20,19380- WET ICE [6LB BAG] [Y],19380,WET ICE,WET,EA,197,8,2.942,23.54
BGI3,26/01/25,132,SI011922,Y,VS,YBE11,174148-BREAKFAST BOX,174148,,,EA,197,186,8.412,1564.63
BGI3,26/01/25,132,SI011922,Y,VS,YBE24,LO6953-OTIS SPUNKMEYER MUFFIN,LO6953,OTIS SPUNKMEYER MUFFIN,FOO,EA,197,186,1.872,348.19
BGI3,26/01/25,132,SI011922,Y,VS,YDE116,LO7778 - RO CHIX W PEPPERCORN,LO7778,ROASTED CHIX PEPPER SAU MASHED POTATO VEG,FOO,EA,197,130,8.748,1137.24
BGI3,26/01/25,132,SI011922,Y,VS,YDE117,LO7779 - MAC PIE W TOM SAUCE,LO7779,MACARONI PIE TOMATO ROSE CREAMY SAUCE,FOO,EA,197,56,5.378,301.17
BGI3,26/01/25,132,SI011922,Y,VS,YDT30,LO2623 - MAIN MEAL TRAY SET UP,LO2623,TRAY SET UP,SER,EA,197,186,8.72,1621.92
BGI3,26/01/25,132,SI011922,Y,VS,YPAX03,23240- PER PASSENGER CHARGE[Y],23240,OVERHEAD - Y PAX OVERHEAD - PER PAX,SER,EA,197,186,13.856,2577.22
BGI3,26/01/25,132,SI011922,YC,VS,2CE069, COCO CURRY,LO8708,WILD RICE COCONUT CURRY SAUCE VEG,FOO,EA,12,3,6.438,19.31
BGI3,26/01/25,132,SI011922,YC,VS,2CE070,LO8709 - GARLIC MASH CHIX THIG,LO8709,GARLIC MASH SEARED CHIX GREEN PEPPERCORN SAUCE,FOO,EA,12,3,10.838,32.51
BGI3,26/01/25,132,SI011922,YC,VS,2CE071,LO8710 - MAHI W GARL ORZO PAS,LO8710,SEARED MAHI ORZO PASTA CREOLE SAUCE VEG,FOO,EA,12,2,12.378,24.76
BGI3,26/01/25,132,SI011922,YC,VS,2CE072,LO8711 - PORKLOIN W PO GRATIN,LO8711,SEARED PORK POTATO GRATIN VEG,FOO,EA,12,2,13.84,27.68
BGI3,26/01/25,132,SI011922,YC,VS,2CE073,LO8712 - CHEESE RAVIOLI,LO8712,CHEESE RAVIOLI,FOO,EA,12,2,8.718,17.44
BGI3,26/01/25,132,SI011922,YC,VS,2CFF11,LO4110-WHOLE FRUIT 1,LO4110,SEASONAL WHOLE FRUIT OPTION 1,FOO,EA,12,6,4.622,27.73
BGI3,26/01/25,132,SI011922,YC,VS,2CFF12,LO4111-WHOLE FRUIT 2,LO4111,SEASONAL WHOLE FRUIT OPT 2,FOO,EA,12,6,4.622,27.73
BGI3,26/01/25,132,SI011922,YC,VS,2CFS44,LO5113- EGG SALAD SANDWICH,LO5113,EGG SALAD SANDWICH,FOO,EA,12,3,5.374,16.12
BGI3,26/01/25,132,SI011922,YC,VS,2CFS45,LO5115- TUNASALAD SANDWICH,LO5115,TUNA SALAD SANDWICH,FOO,EA,12,2,6.734,13.47
BGI3,26/01/25,132,SI011922,YC,VS,2CFS49,LO5119- BAP - STREAKY BACON,LO5119,SCOTTISH BAP WITH BACON,FOO,EA,12,4,4.866,19.46
BGI3,26/01/25,132,SI011922,YC,VS,2CFS52,LO5368- PLAIN BAGEL -PC CR CH,LO5368,PLAIN BAGEL WITH PC CREAM CHEESE,FOO,EA,12,4,4.086,16.34
BGI3,26/01/25,132,SI011922,YC,VS,2CFS77,LO8713 - HAM SANDWICH,LO8713,HAM SANDWICH,FOO,EA,12,3,7.734,23.2
BGI3,26/01/25,132,SI011922,YC,VS,2CFS78,LO8714 - CHEESE TOMATO WRAP,LO8714,CHEESE TOMATO CUCUMBER WRAP,FOO,EA,12,2,6.694,13.39
BGI3,26/01/25,132,SI011922,YC,VS,2CFS79,LO8715 - CHICKEN CHEESE BAGEL,LO8715,CHICKEN AND CHEESE BAGEL,FOO,EA,12,2,5.014,10.03
BGI3,26/01/25,132,SI011922,YC,VS,2CFS80,LO8716 - TURKEY SANDWICH,LO8716,TURKEY SANDWICH,FOO,EA,12,4,7.896,31.58
BGI3,26/01/25,132,SI011922,YC,VS,2CFS81, CHUTNE,LO8718,TILLAMOOK CHEESE CARR TROPICAL CHUTNEY,FOO,EA,12,6,6.788,40.73
BGI3,26/01/25,132,SI011922,YC,VS,2CFS82,LO8717 - PROTEIN POT W OLIVES,LO8717,PUMPKIN HUMMUS C CHEESE BLACK OLIVES PITTA BREAD T,FOO,EA,12,6,6.904,41.42
BGI3,26/01/25,132,SI011922,YC,VS,CPAX02,28728- C CREW SVC CHARGE,28728,OVERHEAD - CC OVERHEAD - PER PAX,SER,EA,12,12,25.48,305.76
BGI3,26/01/25,198A,SI011921,F,VS,FPAX06,F PAX CHG SHUTTLE,23234ISLAND,OVERHEAD - J INTERISLAND OVERHEAD - PER PAX,SER,EA,5,5,0.831,4.16
BGI3,26/01/25,198A,SI011921,F,VS,JSN04,LO7128 - ORIGINAL SHIRLEY,LO7128,ORIGINAL SHIRLEY BISCUIT,STO,EA,5,5,1.096,5.48
BGI3,26/01/25,198A,SI011921,J,VS,JPAX03,J PAX CHG SHUTTLE,23237ISLAND,OVERHEAD - W INTERISLAND OVERHEAD - PER PAX,SER,EA,16,16,0.831,13.3
BGI3,26/01/25,198A,SI011921,J,VS,JSN05,LO7135 - ORIGINAL SHIRLEY,LO7135,ORIGINAL SHIRLEY BISCUIT,STO,EA,16,16,1.096,17.54
BGI3,26/01/25,198A,SI011921,Y,VS,JSN06,LO7138 - ORIGINAL SHIRLEY,LO7138,ORIGINAL SHIRLEY BISCUIT,STO,EA,87,87,1.096,95.35
BGI3,26/01/25,198A,SI011921,Y,VS,YPAX04,Y PAX CHG SHUTTLE,23240ISLAND,OVERHEAD - Y INTERISLAND OVERHEAD - PER PAX,SER,EA,87,87,0.831,72.3
BGI3,26/01/25,198A,SI011921,YC,VS,FAN35,WATER 1.5LT,LO2664,INTERISLAND 1.5 LTR WATER,STO,EA,12,12,2.36,28.32
BGI3,27/01/25,197,SI011925,F,VS,FPAX06,F PAX CHG SHUTTLE,23234ISLAND,OVERHEAD - J INTERISLAND OVERHEAD - PER PAX,SER,EA,2,2,0.831,1.66
BGI3,27/01/25,197,SI011925,F,VS,JSN04,LO7128 - ORIGINAL SHIRLEY,LO7128,ORIGINAL SHIRLEY BISCUIT,STO,EA,2,2,1.096,2.19
BGI3,27/01/25,197,SI011925,J,VS,JPAX03,J PAX CHG SHUTTLE,23237ISLAND,OVERHEAD - W INTERISLAND OVERHEAD - PER PAX,SER,EA,6,6,0.831,4.99
BGI3,27/01/25,197,SI011925,J,VS,JSN05,LO7135 - ORIGINAL SHIRLEY,LO7135,ORIGINAL SHIRLEY BISCUIT,STO,EA,6,6,1.096,6.58
BGI3,27/01/25,197,SI011925,Y,VS,3YS035,145991-TRANS.- HANDLING 33J,145991,TURNAROUND - STRIP - LOAD - A330-300 - 3 FLIGHTS,SER,EA,63,1,483.897,483.9
BGI3,27/01/25,197,SI011925,Y,VS,FAN35,WATER 1.5LT,LO2664,INTERISLAND 1.5 LTR WATER,STO,EA,63,18,2.36,42.48
BGI3,27/01/25,197,SI011925,Y,VS,FAN36,ORANGE JUICE 1LT,3354,BEVERAGE- ORANGE JUICE - 1 LT,STO,EA,63,5,2.124,10.62
BGI3,27/01/25,197,SI011925,Y,VS,JSN06,LO7138 - ORIGINAL SHIRLEY,LO7138,ORIGINAL SHIRLEY BISCUIT,STO,EA,63,63,1.096,69.05
BGI3,27/01/25,197,SI011925,Y,VS,YPAX04,Y PAX CHG SHUTTLE,23240ISLAND,OVERHEAD - Y INTERISLAND OVERHEAD - PER PAX,SER,EA,63,63,0.831,52.35
BGI3,27/01/25,197,SI011925,YC,VS,2CFF12,LO4111-WHOLE FRUIT 2,LO4111,SEASONAL WHOLE FRUIT OPT 2,FOO,EA,12,5,4.622,23.11
BGI3,27/01/25,197,SI011925,YC,VS,2CFF13,LO4268 - WHOLE FRUIT 1,LO4268,SEASONAL WHOLE FRUIT OPT 1,FOO,EA,12,7,4.662,32.63
BGI3,27/01/25,197,SI011925,YC,VS,CPAX04,C PAX CHG SHUTTLE,28728,OVERHEAD - CC OVERHEAD - PER PAX,SER,EA,12,12,22.261,267.13
BGI3,27/01/25,197,SI011925,YC,VS,FAN35,WATER 1.5LT,LO2664,INTERISLAND 1.5 LTR WATER,STO,EA,12,12,2.36,28.32
BGI3,27/01/25,198,SI011929,F,VS,1FGF01,SP124540- GFML [F/C],SP124540,GFML,FOO,EA,32,1,31.461,31.46
BGI3,27/01/25,198,SI011929,F,VS,1POAM2,SP170097 - OAML,SP170097,OAML,FOO,EA,32,3,12.582,37.75
BGI3,27/01/25,198,SI011929,F,VS,1POBM2,SP170098 - OBML,SP170098,OBML,FOO,EA,32,5,14.292,71.46
BGI3,27/01/25,198,SI011929,F,VS,1POMML,SP170100 - OMML,SP170100,OMML,FOO,EA,32,1,9.162,9.16
BGI3,27/01/25,198,SI011929,F,VS,1POTML,SP170102 - OTML,SP170102,OTML,FOO,EA,32,1,9.48,9.48
BGI3,27/01/25,198,SI011929,F,VS,1POUML,SP173624 - OUML,SP173624,OUML,FOO,EA,32,4,12.36,49.44
BGI3,27/01/25,198,SI011929,F,VS,FAN12,19381- MILK 100%,19381,FULL FAT MILK - PINT,STO,EA,32,4,4.805,19.22
BGI3,27/01/25,198,SI011929,F,VS,FAN13,19383- MILK 2%,19383,SEMI SKIMMED MILK - PINT,STO,EA,32,2,4.805,9.61
BGI3,27/01/25,198,SI011929,F,VS,FAN14,19385-LEMON HALVES,19385,LEMON WEDGES,FOO,EA,32,2,5.125,10.25
BGI3,27/01/25,198,SI011929,F,VS,FAN21,19379-WET ICE[6LB BAG],19379,WET ICE,WET,EA,32,4,2.942,11.77
BGI3,27/01/25,198,SI011929,F,VS,FAN23,LO7607-CUCUMBER SLICES,LO7607,CUCUMBER SLICES,FOO,EA,32,1,7.686,7.69
BGI3,27/01/25,198,SI011929,F,VS,FAN30,7041- LIME WEDGES,7041,LIME WEDGES,FOO,EA,32,2,4.78,9.56
BGI3,27/01/25,198,SI011929,F,VS,FAN33,23212 - BULK EQUIPMENT,23212,BULK EQUIPMENT,EQU,EA,32,31,1.779,55.15
BGI3,27/01/25,198,SI011929,F,VS,FBD91,LO7757 -WHOLE WHEAT - FLAXSEED,LO7757,WHOLE WHEAT - FLAXSEED KNOT ROLL,FOO,EA,32,16,2.446,39.14
BGI3,27/01/25,198,SI011929,F,VS,FBD92,LO7758 -BLACK OLIVE - GAR ROLL,LO7758,BLACK OLIVE AND GARLIC ROLL,FOO,EA,32,16,2.516,40.26
BGI3,27/01/25,198,SI011929,F,VS,FBD93,LO7759 -CHEDDAR - ONION ROLL,LO7759,CHEDDAR CHEESE AND ONION ROLL,FOO,EA,32,15,2.446,36.69
BGI3,27/01/25,198,SI011929,F,VS,FBT14,LO7770- FRUIT PLATE,LO7770,FRUIT PLATE,FOO,EA,32,16,6.598,105.57
BGI3,27/01/25,198,SI011929,F,VS,FBT16,LO7126 - PLAIN GREEK YOGH FULL,LO7126,PLAIN GREEK YOGHURT - 907 GRAMS,STO,EA,32,1,13.612,13.61
BGI3,27/01/25,198,SI011929,F,VS,FBT17,LO7127- GRANOLA FULL,LO7127,GRANOLA WHOLE GRAIN - 360 GRAMS,STO,EA,32,1,16.562,16.56
BGI3,27/01/25,198,SI011929,F,VS,FBT18,LO7771 - BANANA MUFFIN,LO7771,BANANA MUFFIN,FOO,EA,32,16,3.272,52.35
BGI3,27/01/25,198,SI011929,F,VS,FCE155,LO7764 -HERB CHIX W POT GRATIN,LO7764,HERBED CHIX POTATO GRATIN CORN AND PEPPER,FOO,EA,32,8,12.582,100.66
BGI3,27/01/25,198,SI011929,F,VS,FCE156,LO7765 - MAHI MAHI W WILD RICE,LO7765,SPICED MAHI TURMERIC WILD RICE COCONUT CURRY,FOO,EA,32,5,14.292,71.46
BGI3,27/01/25,198,SI011929,F,VS,FCE157,LO7766 - VEG LASAGNA,LO7766,VEGETABLE LASGNA DUO SCALES,FOO,EA,32,3,12.42,37.26
BGI3,27/01/25,198,SI011929,F,VS,FCF16,LO5500- PICK YOUR OWN,LO5500,CARIBBEAN FRUIT WHOLE [ASSORTED],FOO,EA,32,1,26.288,26.29
BGI3,27/01/25,198,SI011929,F,VS,FCS153,LO8803 - JERK PORK SATAYS,LO8803,,,EA,32,16,6.072,97.15
BGI3,27/01/25,198,SI011929,F,VS,FCS154,LO8804 - PUMKIN HUMMUS,LO8804,,,EA,32,18,5.176,93.17
BGI3,27/01/25,198,SI011929,F,VS,FDD106,LO7762 -SAVOURY CHEESE PLATE,LO7762,STILTON CHEEDAR GOAT GRAPE CHUTNEY,FOO,EA,32,19,7.53,143.07
BGI3,27/01/25,198,SI011929,F,VS,FDD108,LO8805 - DOUBLE CHOC CHE CAKE,LO8805,,,EA,32,12,5.38,64.56
BGI3,27/01/25,198,SI011929,F,VS,FDD109,LO8806 - CARAMEL - PUMKIN BREA,LO8806,,,EA,32,16,4.83,77.28
BGI3,27/01/25,198,SI011929,F,VS,FDT007,LO4801- BUTTER,LO4801,BUTTER [PIPED] BULK LOAED,FOO,EA,32,31,1.042,32.3
BGI3,27/01/25,198,SI011929,F,VS,FHB69,LO4240-BACON BAP,LO4240,BACON BAP,FOO,EA,32,11,5.18,56.98
BGI3,27/01/25,198,SI011929,F,VS,FHB83,LO7767 -SCRAM EGG BB SAUS,LO7767,SCRAMBLE EGGS BACK BACON SAUSAGE BAKED BEANS,FOO,EA,32,16,9.72,155.52
BGI3,27/01/25,198,SI011929,F,VS,FHB84,LO7768 - PEPP - CHEE OMELETTE,LO7768,PEPPER AND CHEESE OMELETTE SPINACH SWEET POTATO,FOO,EA,32,4,7.85,31.4
BGI3,27/01/25,198,SI011929,F,VS,FHB85,LO7769 - CHOCO CHIP PANCAKE,LO7769,CHOCOLATE CHIP PANCAKESPICED PINEAPPLE AND BERRY C,FOO,EA,32,6,6.31,37.86
BGI3,27/01/25,198,SI011929,F,VS,FPAX04,23234-PER PASSENGER CHARGE,23234,OVERHEAD - J PAX OVERHEAD - PER PAX,SER,EA,32,31,36.774,1139.99
BGI3,27/01/25,198,SI011929,J,VS,1JCH03,SP124631 - CHILD MEAL [J/C],SP124631,CHML,FOO,EA,46,1,14.622,14.62
BGI3,27/01/25,198,SI011929,J,VS,1JNL01,SP124634 - NLML [J/C],SP124634,NLML,FOO,EA,46,1,22.504,22.5
BGI3,27/01/25,198,SI011929,J,VS,1JVL01,SP124620 - VLML [J/C],SP124620,VLML,FOO,EA,46,1,12.174,12.17
BGI3,27/01/25,198,SI011929,J,VS,1PWAM2,SP170105 - WAM2,SP170105,WAML,FOO,EA,46,11,8.69,95.59
BGI3,27/01/25,198,SI011929,J,VS,1PWBM2,SP170106 - WBM2,SP170106,WBML,FOO,EA,46,3,11.298,33.89
BGI3,27/01/25,198,SI011929,J,VS,1PWCM2,SP170107 - WCM2,SP170107,WCML,FOO,EA,46,2,7.248,14.5
BGI3,27/01/25,198,SI011929,J,VS,JBE41, PORK SAUG,LO7775,SCRAMBLE EGG PORK SAUSAGE BACK BACON BAKED BEANS,FOO,EA,46,22,6.378,140.32
BGI3,27/01/25,198,SI011929,J,VS,JBE42,LO7776 -EGG - VEG FRITATTA,LO7776,EGG - VEGETABLE FRITATTA SWEET POTATO BLISTERED CH,FOO,EA,46,8,7.518,60.14
BGI3,27/01/25,198,SI011929,J,VS,JBE43,LO7777 -CHOC CHIP PANCAKES,LO7777,CHOCOLATE CHIP PANCAKE CARMALIZED PINEAPPLE AND BE,FOO,EA,46,13,5.378,69.91
BGI3,27/01/25,198,SI011929,J,VS,JCE119,LO7772 -CREOLE CHIX W GAR ORZO,LO7772,SEARED CHIX CREOLE SAUCE GARLIZ ORZO,FOO,EA,46,18,8.69,156.42
BGI3,27/01/25,198,SI011929,J,VS,JCE121,LO7773 -MAHI MAHI W MAS POT,LO7773,SEARED MAHI GARLIC MASH BLISTETED TOMATO,FOO,EA,46,8,11.298,90.38
BGI3,27/01/25,198,SI011929,J,VS,JCE122,LO7774-WILD RICE COCO CURRY,LO7774,WILD RICE COCONUT CURRY SAUCE FRIED PLANTAIN,FOO,EA,46,5,7.248,36.24
BGI3,27/01/25,198,SI011929,J,VS,JDT33,LO2622- TRAY SET MM,LO2622,TRAY SET UP,SER,EA,46,43,16.138,693.93
BGI3,27/01/25,198,SI011929,J,VS,JPAX02,23237-PER PASSENGER CHARGE,23237,OVERHEAD - W PAX OVERHEAD - PER PAX,SER,EA,46,41,16.939,694.5
BGI3,27/01/25,198,SI011929,Y,VS,1YHN01,SP124703 - HNML [Y/C],SP124703,HNML,FOO,EA,100,1,17.178,17.18
BGI3,27/01/25,198,SI011929,Y,VS,1YVL01,SP124698- VLML [Y/C],SP124698,VLML,FOO,EA,100,2,12.154,24.31
BGI3,27/01/25,198,SI011929,Y,VS,3YDS01,3354- ORANGE JUICE-1LT,3354,BEVERAGES - ORANGE JUICE - 1 LT,STO,EA,100,28,2.124,59.47
BGI3,27/01/25,198,SI011929,Y,VS,3YDS02,3335-TOMATO JUICE 1LT,3335,BEVERAGES - TOMATO JUICE - 1 LT,STO,EA,100,3,4.057,12.17
BGI3,27/01/25,198,SI011929,Y,VS,3YDS03,3376-CRANBERRY JUICE,3376,BEVERAGES - CRANBERRY JUICE - 1 LT,STO,EA,100,3,5.101,15.3
BGI3,27/01/25,198,SI011929,Y,VS,3YDS04,3353-APPLE JUICE 1LTR,3353,BEVERAGES - APPLE JUICE - 1 LT,STO,EA,100,17,2.124,36.11
BGI3,27/01/25,198,SI011929,Y,VS,3YDS06,3476-MINERAL WATER 1.5LT,3476,BEVERAGES - MINERAL WATER STILL - 1 LT,STO,EA,100,54,2.36,127.44
BGI3,27/01/25,198,SI011929,Y,VS,3YDS07,33169-SPARKLING WATER 1LT,33169,BEVERAGES - MINERAL WATER SPARK - 1 LT,STO,EA,100,13,3.274,42.56
BGI3,27/01/25,198,SI011929,Y,VS,3YDS11,213774-PLASTIC BAG,213774,EQUIPMENT - BAG- PLASTIC BAG,EQU,EA,100,1,0.368,0.37
BGI3,27/01/25,198,SI011929,Y,VS,3YS022,ORANGE LINEN BAG,151383,LAUNDRY - BAG LINEN ORANGE 2014,LAU,EA,100,1,1.969,1.97
BGI3,27/01/25,198,SI011929,Y,VS,3YS024,LINEN NAPKINS,3527,LAUNDRY - LINEN FOLDED NAPKIN 2014,LAU,EA,100,32,0.522,16.7
BGI3,27/01/25,198,SI011929,Y,VS,3YS032,145995-EQUIP PK - STORES 300,145995,PACKING - FLIGHT PACKING - A330-300,SER,EA,100,1,167.95,167.95
BGI3,27/01/25,198,SI011929,Y,VS,3YS035,145991-TRANS.- HANDLING 33J,145991,TURNAROUND - STRIP - LOAD - A330-300 - 3 FLIGHTS,SER,EA,100,1,483.897,483.9
BGI3,27/01/25,198,SI011929,Y,VS,3YS036,145994- WASH UP A330-300,145994,WASH UP - WASH UP - A330-900,SER,EA,100,1,404.383,404.38
BGI3,27/01/25,198,SI011929,Y,VS,3YS038,17.5% VAT ON LAUNDRY CHRG 33J,51069SALE,SALES TAX - LAUNDRY,VAT,EA,100,1,10.961,10.96
BGI3,27/01/25,198,SI011929,Y,VS,3YS063,25137-CUTLERY WRAP 1ST SERV 33,25137,PACKING - CUTLERY WRAPPING FIRST SERVICE - A330-30,SER,EA,100,1,8.435,8.44
BGI3,27/01/25,198,SI011929,Y,VS,3YS064,33819-CUTLERY WRAP 2ND SERV 33,33819,PACKING - CUTLERY WRAPPING SECOND SERVICE - A330-3,SER,EA,100,1,8.435,8.44
BGI3,27/01/25,198,SI011929,Y,VS,3YS071,32673-CULT WASH-PL 1SER 300,32673,PACKING - CUTLERY WASHUP - POLISHING FIRST SERVICE,SER,EA,100,1,27.272,27.27
BGI3,27/01/25,198,SI011929,Y,VS,3YS072,33141-CULT WASH-PL 2SER 300,33141,PACKING - CUTLERY WASHUP - POLISHING SECOND SERVIC,SER,EA,100,1,18.363,18.36
BGI3,27/01/25,198,SI011929,Y,VS,3YS095,25127- CUTL WSH-POL A330,25127,PACKING - CUTLERY WASHUP - POLISHING - A330-300,SER,EA,100,1,54.402,54.4
BGI3,27/01/25,198,SI011929,Y,VS,FAN17,19382-MILK 100% [Y],19382,FULL FAT MILK - PINT,STO,EA,100,2,4.805,9.61
BGI3,27/01/25,198,SI011929,Y,VS,FAN18,19384- MILK 2% [Y],19384,SEMI SKIMMED MILK - PINT,STO,EA,100,4,4.805,19.22
BGI3,27/01/25,198,SI011929,Y,VS,FAN19,7042-LEMON HALVES [Y],7042,LIME WEDGES,FOO,EA,100,4,5.125,20.5
BGI3,27/01/25,198,SI011929,Y,VS,FAN20,19380- WET ICE [6LB BAG] [Y],19380,WET ICE,WET,EA,100,4,2.942,11.77
BGI3,27/01/25,198,SI011929,Y,VS,YBE11,174148-BREAKFAST BOX,174148,,,EA,100,97,8.412,815.96
BGI3,27/01/25,198,SI011929,Y,VS,YBE24,LO6953-OTIS SPUNKMEYER MUFFIN,LO6953,OTIS SPUNKMEYER MUFFIN,FOO,EA,100,97,1.872,181.58
BGI3,27/01/25,198,SI011929,Y,VS,YDE116,LO7778 - RO CHIX W PEPPERCORN,LO7778,ROASTED CHIX PEPPER SAU MASHED POTATO VEG,FOO,EA,100,68,8.748,594.86
BGI3,27/01/25,198,SI011929,Y,VS,YDE117,LO7779 - MAC PIE W TOM SAUCE,LO7779,MACARONI PIE TOMATO ROSE CREAMY SAUCE,FOO,EA,100,29,5.378,155.96
BGI3,27/01/25,198,SI011929,Y,VS,YDT30,LO2623 - MAIN MEAL TRAY SET UP,LO2623,TRAY SET UP,SER,EA,100,97,8.72,845.84
BGI3,27/01/25,198,SI011929,Y,VS,YPAX03,23240- PER PASSENGER CHARGE[Y],23240,OVERHEAD - Y PAX OVERHEAD - PER PAX,SER,EA,100,93,13.856,1288.61
BGI3,27/01/25,198,SI011929,YC,VS,2CE069, COCO CURRY,LO8708,WILD RICE COCONUT CURRY SAUCE VEG,FOO,EA,12,3,6.438,19.31
BGI3,27/01/25,198,SI011929,YC,VS,2CE070,LO8709 - GARLIC MASH CHIX THIG,LO8709,GARLIC MASH SEARED CHIX GREEN PEPPERCORN SAUCE,FOO,EA,12,3,10.838,32.51
BGI3,27/01/25,198,SI011929,YC,VS,2CE071,LO8710 - MAHI W GARL ORZO PAS,LO8710,SEARED MAHI ORZO PASTA CREOLE SAUCE VEG,FOO,EA,12,2,12.378,24.76
BGI3,27/01/25,198,SI011929,YC,VS,2CE072,LO8711 - PORKLOIN W PO GRATIN,LO8711,SEARED PORK POTATO GRATIN VEG,FOO,EA,12,2,13.84,27.68
BGI3,27/01/25,198,SI011929,YC,VS,2CE073,LO8712 - CHEESE RAVIOLI,LO8712,CHEESE RAVIOLI,FOO,EA,12,2,8.718,17.44
BGI3,27/01/25,198,SI011929,YC,VS,2CFF11,LO4110-WHOLE FRUIT 1,LO4110,SEASONAL WHOLE FRUIT OPTION 1,FOO,EA,12,6,4.622,27.73
BGI3,27/01/25,198,SI011929,YC,VS,2CFF12,LO4111-WHOLE FRUIT 2,LO4111,SEASONAL WHOLE FRUIT OPT 2,FOO,EA,12,6,4.622,27.73
BGI3,27/01/25,198,SI011929,YC,VS,2CFS44,LO5113- EGG SALAD SANDWICH,LO5113,EGG SALAD SANDWICH,FOO,EA,12,3,5.374,16.12
BGI3,27/01/25,198,SI011929,YC,VS,2CFS45,LO5115- TUNASALAD SANDWICH,LO5115,TUNA SALAD SANDWICH,FOO,EA,12,2,6.734,13.47
BGI3,27/01/25,198,SI011929,YC,VS,2CFS49,LO5119- BAP - STREAKY BACON,LO5119,SCOTTISH BAP WITH BACON,FOO,EA,12,4,4.866,19.46
BGI3,27/01/25,198,SI011929,YC,VS,2CFS52,LO5368- PLAIN BAGEL -PC CR CH,LO5368,PLAIN BAGEL WITH PC CREAM CHEESE,FOO,EA,12,4,4.086,16.34
BGI3,27/01/25,198,SI011929,YC,VS,2CFS77,LO8713 - HAM SANDWICH,LO8713,HAM SANDWICH,FOO,EA,12,3,7.734,23.2
BGI3,27/01/25,198,SI011929,YC,VS,2CFS78,LO8714 - CHEESE TOMATO WRAP,LO8714,CHEESE TOMATO CUCUMBER WRAP,FOO,EA,12,2,6.694,13.39
BGI3,27/01/25,198,SI011929,YC,VS,2CFS79,LO8715 - CHICKEN CHEESE BAGEL,LO8715,CHICKEN AND CHEESE BAGEL,FOO,EA,12,2,5.014,10.03
BGI3,27/01/25,198,SI011929,YC,VS,2CFS80,LO8716 - TURKEY SANDWICH,LO8716,TURKEY SANDWICH,FOO,EA,12,4,7.896,31.58
BGI3,27/01/25,198,SI011929,YC,VS,2CFS81, CHUTNE,LO8718,TILLAMOOK CHEESE CARR TROPICAL CHUTNEY,FOO,EA,12,6,6.788,40.73
BGI3,27/01/25,198,SI011929,YC,VS,2CFS82,LO8717 - PROTEIN POT W OLIVES,LO8717,PUMPKIN HUMMUS C CHEESE BLACK OLIVES PITTA BREAD T,FOO,EA,12,6,6.904,41.42
BGI3,27/01/25,198,SI011929,YC,VS,CPAX02,28728- C CREW SVC CHARGE,28728,OVERHEAD - CC OVERHEAD - PER PAX,SER,EA,12,12,25.48,305.76
BGI3,27/01/25,78,SI011928,F,VS,1OCM2,SP170099 - OCML,SP170099,OCML,FOO,EA,25,1,12.42,12.42
BGI3,27/01/25,78,SI011928,F,VS,1POAM2,SP170097 - OAML,SP170097,OAML,FOO,EA,25,2,12.582,25.16
BGI3,27/01/25,78,SI011928,F,VS,1POBM2,SP170098 - OBML,SP170098,OBML,FOO,EA,25,1,14.292,14.29
BGI3,27/01/25,78,SI011928,F,VS,1POSML,SP170101 - OSML,SP170101,OSML,FOO,EA,25,2,10.91,21.82
BGI3,27/01/25,78,SI011928,F,VS,1POUML,SP173624 - OUML,SP173624,OUML,FOO,EA,25,1,12.36,12.36
BGI3,27/01/25,78,SI011928,F,VS,1POVML,SP173625 - OVML,SP173625,OVML,FOO,EA,25,1,10.63,10.63
BGI3,27/01/25,78,SI011928,F,VS,FAN12,19381- MILK 100%,19381,FULL FAT MILK - PINT,STO,EA,25,3,4.805,14.42
BGI3,27/01/25,78,SI011928,F,VS,FAN13,19383- MILK 2%,19383,SEMI SKIMMED MILK - PINT,STO,EA,25,2,4.805,9.61
BGI3,27/01/25,78,SI011928,F,VS,FAN14,19385-LEMON HALVES,19385,LEMON WEDGES,FOO,EA,25,2,5.125,10.25
BGI3,27/01/25,78,SI011928,F,VS,FAN21,19379-WET ICE[6LB BAG],19379,WET ICE,WET,EA,25,4,2.942,11.77
BGI3,27/01/25,78,SI011928,F,VS,FAN23,LO7607-CUCUMBER SLICES,LO7607,CUCUMBER SLICES,FOO,EA,25,1,7.686,7.69
BGI3,27/01/25,78,SI011928,F,VS,FAN30,7041- LIME WEDGES,7041,LIME WEDGES,FOO,EA,25,2,4.78,9.56
BGI3,27/01/25,78,SI011928,F,VS,FAN33,23212 - BULK EQUIPMENT,23212,BULK EQUIPMENT,EQU,EA,25,20,1.779,35.58
BGI3,27/01/25,78,SI011928,F,VS,FBD91,LO7757 -WHOLE WHEAT - FLAXSEED,LO7757,WHOLE WHEAT - FLAXSEED KNOT ROLL,FOO,EA,25,13,2.446,31.8
BGI3,27/01/25,78,SI011928,F,VS,FBD92,LO7758 -BLACK OLIVE - GAR ROLL,LO7758,BLACK OLIVE AND GARLIC ROLL,FOO,EA,25,13,2.516,32.71
BGI3,27/01/25,78,SI011928,F,VS,FBD93,LO7759 -CHEDDAR - ONION ROLL,LO7759,CHEDDAR CHEESE AND ONION ROLL,FOO,EA,25,12,2.446,29.35
BGI3,27/01/25,78,SI011928,F,VS,FBT14,LO7770- FRUIT PLATE,LO7770,FRUIT PLATE,FOO,EA,25,13,6.598,85.77
BGI3,27/01/25,78,SI011928,F,VS,FBT16,LO7126 - PLAIN GREEK YOGH FULL,LO7126,PLAIN GREEK YOGHURT - 907 GRAMS,STO,EA,25,1,13.612,13.61
BGI3,27/01/25,78,SI011928,F,VS,FBT17,LO7127- GRANOLA FULL,LO7127,GRANOLA WHOLE GRAIN - 360 GRAMS,STO,EA,25,1,16.562,16.56
BGI3,27/01/25,78,SI011928,F,VS,FBT18,LO7771 - BANANA MUFFIN,LO7771,BANANA MUFFIN,FOO,EA,25,13,3.272,42.54
BGI3,27/01/25,78,SI011928,F,VS,FCE155,LO7764 -HERB CHIX W POT GRATIN,LO7764,HERBED CHIX POTATO GRATIN CORN AND PEPPER,FOO,EA,25,9,12.582,113.24
BGI3,27/01/25,78,SI011928,F,VS,FCE156,LO7765 - MAHI MAHI W WILD RICE,LO7765,SPICED MAHI TURMERIC WILD RICE COCONUT CURRY,FOO,EA,25,5,14.292,71.46
BGI3,27/01/25,78,SI011928,F,VS,FCE157,LO7766 - VEG LASAGNA,LO7766,VEGETABLE LASGNA DUO SCALES,FOO,EA,25,3,12.42,37.26
BGI3,27/01/25,78,SI011928,F,VS,FCF16,LO5500- PICK YOUR OWN,LO5500,CARIBBEAN FRUIT WHOLE [ASSORTED],FOO,EA,25,1,26.288,26.29
BGI3,27/01/25,78,SI011928,F,VS,FCS153,LO8803 - JERK PORK SATAYS,LO8803,,,EA,25,13,6.072,78.94
BGI3,27/01/25,78,SI011928,F,VS,FCS154,LO8804 - PUMKIN HUMMUS,LO8804,,,EA,25,15,5.176,77.64
BGI3,27/01/25,78,SI011928,F,VS,FDD106,LO7762 -SAVOURY CHEESE PLATE,LO7762,STILTON CHEEDAR GOAT GRAPE CHUTNEY,FOO,EA,25,15,7.53,112.95
BGI3,27/01/25,78,SI011928,F,VS,FDD108,LO8805 - DOUBLE CHOC CHE CAKE,LO8805,,,EA,25,10,5.38,53.8
BGI3,27/01/25,78,SI011928,F,VS,FDD109,LO8806 - CARAMEL - PUMKIN BREA,LO8806,,,EA,25,13,4.83,62.79
BGI3,27/01/25,78,SI011928,F,VS,FDT007,LO4801- BUTTER,LO4801,BUTTER [PIPED] BULK LOAED,FOO,EA,25,25,1.042,26.05
BGI3,27/01/25,78,SI011928,F,VS,FHB69,LO4240-BACON BAP,LO4240,BACON BAP,FOO,EA,25,4,5.18,20.72
BGI3,27/01/25,78,SI011928,F,VS,FHB83,LO7767 -SCRAM EGG BB SAUS,LO7767,SCRAMBLE EGGS BACK BACON SAUSAGE BAKED BEANS,FOO,EA,25,13,9.72,126.36
BGI3,27/01/25,78,SI011928,F,VS,FHB84,LO7768 - PEPP - CHEE OMELETTE,LO7768,PEPPER AND CHEESE OMELETTE SPINACH SWEET POTATO,FOO,EA,25,5,7.85,39.25
BGI3,27/01/25,78,SI011928,F,VS,FHB85,LO7769 - CHOCO CHIP PANCAKE,LO7769,CHOCOLATE CHIP PANCAKESPICED PINEAPPLE AND BERRY C,FOO,EA,25,8,6.31,50.48
BGI3,27/01/25,78,SI011928,F,VS,FPAX04,23234-PER PASSENGER CHARGE,23234,OVERHEAD - J PAX OVERHEAD - PER PAX,SER,EA,25,20,36.774,735.48
BGI3,27/01/25,78,SI011928,J,VS,1PWAM2,SP170105 - WAM2,SP170105,WAML,FOO,EA,48,15,8.69,130.35
BGI3,27/01/25,78,SI011928,J,VS,1PWBM2,SP170106 - WBM2,SP170106,WBML,FOO,EA,48,5,11.298,56.49
BGI3,27/01/25,78,SI011928,J,VS,JBE41, PORK SAUG,LO7775,SCRAMBLE EGG PORK SAUSAGE BACK BACON BAKED BEANS,FOO,EA,48,24,6.378,153.07
BGI3,27/01/25,78,SI011928,J,VS,JBE42,LO7776 -EGG - VEG FRITATTA,LO7776,EGG - VEGETABLE FRITATTA SWEET POTATO BLISTERED CH,FOO,EA,48,10,7.518,75.18
BGI3,27/01/25,78,SI011928,J,VS,JBE43,LO7777 -CHOC CHIP PANCAKES,LO7777,CHOCOLATE CHIP PANCAKE CARMALIZED PINEAPPLE AND BE,FOO,EA,48,14,5.378,75.29
BGI3,27/01/25,78,SI011928,J,VS,JCE119,LO7772 -CREOLE CHIX W GAR ORZO,LO7772,SEARED CHIX CREOLE SAUCE GARLIZ ORZO,FOO,EA,48,18,8.69,156.42
BGI3,27/01/25,78,SI011928,J,VS,JCE121,LO7773 -MAHI MAHI W MAS POT,LO7773,SEARED MAHI GARLIC MASH BLISTETED TOMATO,FOO,EA,48,8,11.298,90.38
BGI3,27/01/25,78,SI011928,J,VS,JCE122,LO7774-WILD RICE COCO CURRY,LO7774,WILD RICE COCONUT CURRY SAUCE FRIED PLANTAIN,FOO,EA,48,6,7.248,43.49
BGI3,27/01/25,78,SI011928,J,VS,JDT33,LO2622- TRAY SET MM,LO2622,TRAY SET UP,SER,EA,48,48,16.138,774.62
BGI3,27/01/25,78,SI011928,J,VS,JPAX02,23237-PER PASSENGER CHARGE,23237,OVERHEAD - W PAX OVERHEAD - PER PAX,SER,EA,48,43,16.939,728.38
BGI3,27/01/25,78,SI011928,Y,VS,1YAV01,SP124700- AVML [Y/C],SP124700,AVML,FOO,EA,105,1,15.115,15.12
BGI3,27/01/25,78,SI011928,Y,VS,1YCH04,SP124709- CHML [Y/C],SP124709,CHML,FOO,EA,105,1,14.622,14.62
BGI3,27/01/25,78,SI011928,Y,VS,1YGF01,SP124706 - GFML [Y/C],SP124706,GFML,FOO,EA,105,1,22.504,22.5
BGI3,27/01/25,78,SI011928,Y,VS,1YMO01,SP124702 - MOML [Y/C],SP124702,MOML,FOO,EA,105,1,12.154,12.15
BGI3,27/01/25,78,SI011928,Y,VS,1YVG01,SP124699- VGML [Y/C],SP124699,VGML,FOO,EA,105,2,14.694,29.39
BGI3,27/01/25,78,SI011928,Y,VS,3YDS01,3354- ORANGE JUICE-1LT,3354,BEVERAGES - ORANGE JUICE - 1 LT,STO,EA,105,29,2.124,61.6
BGI3,27/01/25,78,SI011928,Y,VS,3YDS02,3335-TOMATO JUICE 1LT,3335,BEVERAGES - TOMATO JUICE - 1 LT,STO,EA,105,1,4.057,4.06
BGI3,27/01/25,78,SI011928,Y,VS,3YDS03,3376-CRANBERRY JUICE,3376,BEVERAGES - CRANBERRY JUICE - 1 LT,STO,EA,105,2,5.101,10.2
BGI3,27/01/25,78,SI011928,Y,VS,3YDS04,3353-APPLE JUICE 1LTR,3353,BEVERAGES - APPLE JUICE - 1 LT,STO,EA,105,17,2.124,36.11
BGI3,27/01/25,78,SI011928,Y,VS,3YDS06,3476-MINERAL WATER 1.5LT,3476,BEVERAGES - MINERAL WATER STILL - 1 LT,STO,EA,105,48,2.36,113.28
BGI3,27/01/25,78,SI011928,Y,VS,3YDS07,33169-SPARKLING WATER 1LT,33169,BEVERAGES - MINERAL WATER SPARK - 1 LT,STO,EA,105,14,3.274,45.84
BGI3,27/01/25,78,SI011928,Y,VS,3YDS11,213774-PLASTIC BAG,213774,EQUIPMENT - BAG- PLASTIC BAG,EQU,EA,105,1,0.368,0.37
BGI3,27/01/25,78,SI011928,Y,VS,3YS022,ORANGE LINEN BAG,151383,LAUNDRY - BAG LINEN ORANGE 2014,LAU,EA,105,1,1.969,1.97
BGI3,27/01/25,78,SI011928,Y,VS,3YS023,LINEN TABLECLOTH,3526,LAUNDRY - TABLE CLOTH/RUNNER 2014,LAU,EA,105,33,0.652,21.52
BGI3,27/01/25,78,SI011928,Y,VS,3YS024,LINEN NAPKINS,3527,LAUNDRY - LINEN FOLDED NAPKIN 2014,LAU,EA,105,31,0.522,16.18
BGI3,27/01/25,78,SI011928,Y,VS,3YS032,145995-EQUIP PK - STORES 300,145995,PACKING - FLIGHT PACKING - A330-300,SER,EA,105,1,167.95,167.95
BGI3,27/01/25,78,SI011928,Y,VS,3YS035,145991-TRANS.- HANDLING 33J,145991,TURNAROUND - STRIP - LOAD - A330-300 - 3 FLIGHTS,SER,EA,105,1,483.897,483.9
BGI3,27/01/25,78,SI011928,Y,VS,3YS036,145994- WASH UP A330-300,145994,WASH UP - WASH UP - A330-900,SER,EA,105,1,404.383,404.38
BGI3,27/01/25,78,SI011928,Y,VS,3YS038,17.5% VAT ON LAUNDRY CHRG 33J,51069SALE,SALES TAX - LAUNDRY,VAT,EA,105,1,10.961,10.96
BGI3,27/01/25,78,SI011928,Y,VS,3YS063,25137-CUTLERY WRAP 1ST SERV 33,25137,PACKING - CUTLERY WRAPPING FIRST SERVICE - A330-30,SER,EA,105,1,8.435,8.44
BGI3,27/01/25,78,SI011928,Y,VS,3YS064,33819-CUTLERY WRAP 2ND SERV 33,33819,PACKING - CUTLERY WRAPPING SECOND SERVICE - A330-3,SER,EA,105,1,8.435,8.44
BGI3,27/01/25,78,SI011928,Y,VS,3YS071,32673-CULT WASH-PL 1SER 300,32673,PACKING - CUTLERY WASHUP - POLISHING FIRST SERVICE,SER,EA,105,1,27.272,27.27
BGI3,27/01/25,78,SI011928,Y,VS,3YS072,33141-CULT WASH-PL 2SER 300,33141,PACKING - CUTLERY WASHUP - POLISHING SECOND SERVIC,SER,EA,105,1,18.363,18.36
BGI3,27/01/25,78,SI011928,Y,VS,3YS095,25127- CUTL WSH-POL A330,25127,PACKING - CUTLERY WASHUP - POLISHING - A330-300,SER,EA,105,1,54.402,54.4
BGI3,27/01/25,78,SI011928,Y,VS,FAN17,19382-MILK 100% [Y],19382,FULL FAT MILK - PINT,STO,EA,105,2,4.805,9.61
BGI3,27/01/25,78,SI011928,Y,VS,FAN18,19384- MILK 2% [Y],19384,SEMI SKIMMED MILK - PINT,STO,EA,105,4,4.805,19.22
BGI3,27/01/25,78,SI011928,Y,VS,FAN19,7042-LEMON HALVES [Y],7042,LIME WEDGES,FOO,EA,105,5,5.125,25.63
BGI3,27/01/25,78,SI011928,Y,VS,FAN20,19380- WET ICE [6LB BAG] [Y],19380,WET ICE,WET,EA,105,5,2.942,14.71
BGI3,27/01/25,78,SI011928,Y,VS,YBE11,174148-BREAKFAST BOX,174148,,,EA,105,99,8.412,832.79
BGI3,27/01/25,78,SI011928,Y,VS,YBE24,LO6953-OTIS SPUNKMEYER MUFFIN,LO6953,OTIS SPUNKMEYER MUFFIN,FOO,EA,105,99,1.872,185.33
BGI3,27/01/25,78,SI011928,Y,VS,YDE116,LO7778 - RO CHIX W PEPPERCORN,LO7778,ROASTED CHIX PEPPER SAU MASHED POTATO VEG,FOO,EA,105,69,8.748,603.61
BGI3,27/01/25,78,SI011928,Y,VS,YDE117,LO7779 - MAC PIE W TOM SAUCE,LO7779,MACARONI PIE TOMATO ROSE CREAMY SAUCE,FOO,EA,105,30,5.378,161.34
BGI3,27/01/25,78,SI011928,Y,VS,YDT30,LO2623 - MAIN MEAL TRAY SET UP,LO2623,TRAY SET UP,SER,EA,105,99,8.72,863.28
BGI3,27/01/25,78,SI011928,Y,VS,YPAX03,23240- PER PASSENGER CHARGE[Y],23240,OVERHEAD - Y PAX OVERHEAD - PER PAX,SER,EA,105,102,13.856,1413.31
BGI3,27/01/25,78,SI011928,YC,VS,2CE069, COCO CURRY,LO8708,WILD RICE COCONUT CURRY SAUCE VEG,FOO,EA,12,3,6.438,19.31
BGI3,27/01/25,78,SI011928,YC,VS,2CE070,LO8709 - GARLIC MASH CHIX THIG,LO8709,GARLIC MASH SEARED CHIX GREEN PEPPERCORN SAUCE,FOO,EA,12,3,10.838,32.51
BGI3,27/01/25,78,SI011928,YC,VS,2CE071,LO8710 - MAHI W GARL ORZO PAS,LO8710,SEARED MAHI ORZO PASTA CREOLE SAUCE VEG,FOO,EA,12,2,12.378,24.76
BGI3,27/01/25,78,SI011928,YC,VS,2CE072,LO8711 - PORKLOIN W PO GRATIN,LO8711,SEARED PORK POTATO GRATIN VEG,FOO,EA,12,2,13.84,27.68
BGI3,27/01/25,78,SI011928,YC,VS,2CE073,LO8712 - CHEESE RAVIOLI,LO8712,CHEESE RAVIOLI,FOO,EA,12,2,8.718,17.44
BGI3,27/01/25,78,SI011928,YC,VS,2CFF11,LO4110-WHOLE FRUIT 1,LO4110,SEASONAL WHOLE FRUIT OPTION 1,FOO,EA,12,6,4.622,27.73
BGI3,27/01/25,78,SI011928,YC,VS,2CFF12,LO4111-WHOLE FRUIT 2,LO4111,SEASONAL WHOLE FRUIT OPT 2,FOO,EA,12,6,4.622,27.73
BGI3,27/01/25,78,SI011928,YC,VS,2CFS44,LO5113- EGG SALAD SANDWICH,LO5113,EGG SALAD SANDWICH,FOO,EA,12,3,5.374,16.12
BGI3,27/01/25,78,SI011928,YC,VS,2CFS45,LO5115- TUNASALAD SANDWICH,LO5115,TUNA SALAD SANDWICH,FOO,EA,12,2,6.734,13.47
BGI3,27/01/25,78,SI011928,YC,VS,2CFS49,LO5119- BAP - STREAKY BACON,LO5119,SCOTTISH BAP WITH BACON,FOO,EA,12,4,4.866,19.46
BGI3,27/01/25,78,SI011928,YC,VS,2CFS52,LO5368- PLAIN BAGEL -PC CR CH,LO5368,PLAIN BAGEL WITH PC CREAM CHEESE,FOO,EA,12,4,4.086,16.34
BGI3,27/01/25,78,SI011928,YC,VS,2CFS77,LO8713 - HAM SANDWICH,LO8713,HAM SANDWICH,FOO,EA,12,3,7.734,23.2
BGI3,27/01/25,78,SI011928,YC,VS,2CFS78,LO8714 - CHEESE TOMATO WRAP,LO8714,CHEESE TOMATO CUCUMBER WRAP,FOO,EA,12,2,6.694,13.39
BGI3,27/01/25,78,SI011928,YC,VS,2CFS79,LO8715 - CHICKEN CHEESE BAGEL,LO8715,CHICKEN AND CHEESE BAGEL,FOO,EA,12,2,5.014,10.03
BGI3,27/01/25,78,SI011928,YC,VS,2CFS80,LO8716 - TURKEY SANDWICH,LO8716,TURKEY SANDWICH,FOO,EA,12,4,7.896,31.58
BGI3,27/01/25,78,SI011928,YC,VS,2CFS81, CHUTNE,LO8718,TILLAMOOK CHEESE CARR TROPICAL CHUTNEY,FOO,EA,12,6,6.788,40.73
BGI3,27/01/25,78,SI011928,YC,VS,2CFS82,LO8717 - PROTEIN POT W OLIVES,LO8717,PUMPKIN HUMMUS C CHEESE BLACK OLIVES PITTA BREAD T,FOO,EA,12,6,6.904,41.42
BGI3,27/01/25,78,SI011928,YC,VS,CPAX02,28728- C CREW SVC CHARGE,28728,OVERHEAD - CC OVERHEAD - PER PAX,SER,EA,12,12,25.48,305.76
BGI3,27/01/25,132,SI011927,F,VS,1POAM2,SP170097 - OAML,SP170097,OAML,FOO,EA,44,5,12.582,62.91
BGI3,27/01/25,132,SI011927,F,VS,1POBM2,SP170098 - OBML,SP170098,OBML,FOO,EA,44,2,14.292,28.58
BGI3,27/01/25,132,SI011927,F,VS,1POSML,SP170101 - OSML,SP170101,OSML,FOO,EA,44,1,10.91,10.91
BGI3,27/01/25,132,SI011927,F,VS,1POTML,SP170102 - OTML,SP170102,OTML,FOO,EA,44,2,9.48,18.96
BGI3,27/01/25,132,SI011927,F,VS,1POUML,SP173624 - OUML,SP173624,OUML,FOO,EA,44,1,12.36,12.36
BGI3,27/01/25,132,SI011927,F,VS,FAN12,19381- MILK 100%,19381,FULL FAT MILK - PINT,STO,EA,44,5,4.805,24.03
BGI3,27/01/25,132,SI011927,F,VS,FAN13,19383- MILK 2%,19383,SEMI SKIMMED MILK - PINT,STO,EA,44,2,4.805,9.61
BGI3,27/01/25,132,SI011927,F,VS,FAN14,19385-LEMON HALVES,19385,LEMON WEDGES,FOO,EA,44,3,5.125,15.38
BGI3,27/01/25,132,SI011927,F,VS,FAN21,19379-WET ICE[6LB BAG],19379,WET ICE,WET,EA,44,6,2.942,17.65
BGI3,27/01/25,132,SI011927,F,VS,FAN23,LO7607-CUCUMBER SLICES,LO7607,CUCUMBER SLICES,FOO,EA,44,1,7.686,7.69
BGI3,27/01/25,132,SI011927,F,VS,FAN30,7041- LIME WEDGES,7041,LIME WEDGES,FOO,EA,44,2,4.78,9.56
BGI3,27/01/25,132,SI011927,F,VS,FAN33,23212 - BULK EQUIPMENT,23212,BULK EQUIPMENT,EQU,EA,44,43,1.779,76.5
BGI3,27/01/25,132,SI011927,F,VS,FBD91,LO7757 -WHOLE WHEAT - FLAXSEED,LO7757,WHOLE WHEAT - FLAXSEED KNOT ROLL,FOO,EA,44,22,2.446,53.81
BGI3,27/01/25,132,SI011927,F,VS,FBD92,LO7758 -BLACK OLIVE - GAR ROLL,LO7758,BLACK OLIVE AND GARLIC ROLL,FOO,EA,44,22,2.516,55.35
BGI3,27/01/25,132,SI011927,F,VS,FBD93,LO7759 -CHEDDAR - ONION ROLL,LO7759,CHEDDAR CHEESE AND ONION ROLL,FOO,EA,44,22,2.446,53.81
BGI3,27/01/25,132,SI011927,F,VS,FBT14,LO7770- FRUIT PLATE,LO7770,FRUIT PLATE,FOO,EA,44,22,6.598,145.16
BGI3,27/01/25,132,SI011927,F,VS,FBT16,LO7126 - PLAIN GREEK YOGH FULL,LO7126,PLAIN GREEK YOGHURT - 907 GRAMS,STO,EA,44,1,13.612,13.61
BGI3,27/01/25,132,SI011927,F,VS,FBT17,LO7127- GRANOLA FULL,LO7127,GRANOLA WHOLE GRAIN - 360 GRAMS,STO,EA,44,1,16.562,16.56
BGI3,27/01/25,132,SI011927,F,VS,FBT18,LO7771 - BANANA MUFFIN,LO7771,BANANA MUFFIN,FOO,EA,44,22,3.272,71.98
BGI3,27/01/25,132,SI011927,F,VS,FCE155,LO7764 -HERB CHIX W POT GRATIN,LO7764,HERBED CHIX POTATO GRATIN CORN AND PEPPER,FOO,EA,44,17,12.582,213.89
BGI3,27/01/25,132,SI011927,F,VS,FCE156,LO7765 - MAHI MAHI W WILD RICE,LO7765,SPICED MAHI TURMERIC WILD RICE COCONUT CURRY,FOO,EA,44,10,14.292,142.92
BGI3,27/01/25,132,SI011927,F,VS,FCE157,LO7766 - VEG LASAGNA,LO7766,VEGETABLE LASGNA DUO SCALES,FOO,EA,44,6,12.42,74.52
BGI3,27/01/25,132,SI011927,F,VS,FCF16,LO5500- PICK YOUR OWN,LO5500,CARIBBEAN FRUIT WHOLE [ASSORTED],FOO,EA,44,1,26.288,26.29
BGI3,27/01/25,132,SI011927,F,VS,FCS153,LO8803 - JERK PORK SATAYS,LO8803,,,EA,44,22,6.072,133.58
BGI3,27/01/25,132,SI011927,F,VS,FCS154,LO8804 - PUMKIN HUMMUS,LO8804,,,EA,44,26,5.176,134.58
BGI3,27/01/25,132,SI011927,F,VS,FDD106,LO7762 -SAVOURY CHEESE PLATE,LO7762,STILTON CHEEDAR GOAT GRAPE CHUTNEY,FOO,EA,44,26,7.53,195.78
BGI3,27/01/25,132,SI011927,F,VS,FDD108,LO8805 - DOUBLE CHOC CHE CAKE,LO8805,,,EA,44,18,5.38,96.84
BGI3,27/01/25,132,SI011927,F,VS,FDD109,LO8806 - CARAMEL - PUMKIN BREA,LO8806,,,EA,44,22,4.83,106.26
BGI3,27/01/25,132,SI011927,F,VS,FDT007,LO4801- BUTTER,LO4801,BUTTER [PIPED] BULK LOAED,FOO,EA,44,44,1.042,45.85
BGI3,27/01/25,132,SI011927,F,VS,FHB69,LO4240-BACON BAP,LO4240,BACON BAP,FOO,EA,44,15,5.18,77.7
BGI3,27/01/25,132,SI011927,F,VS,FHB83,LO7767 -SCRAM EGG BB SAUS,LO7767,SCRAMBLE EGGS BACK BACON SAUSAGE BAKED BEANS,FOO,EA,44,22,9.72,213.84
BGI3,27/01/25,132,SI011927,F,VS,FHB84,LO7768 - PEPP - CHEE OMELETTE,LO7768,PEPPER AND CHEESE OMELETTE SPINACH SWEET POTATO,FOO,EA,44,7,7.85,54.95
BGI3,27/01/25,132,SI011927,F,VS,FHB85,LO7769 - CHOCO CHIP PANCAKE,LO7769,CHOCOLATE CHIP PANCAKESPICED PINEAPPLE AND BERRY C,FOO,EA,44,9,6.31,56.79
BGI3,27/01/25,132,SI011927,F,VS,FPAX04,23234-PER PASSENGER CHARGE,23234,OVERHEAD - J PAX OVERHEAD - PER PAX,SER,EA,44,43,36.774,1581.28
BGI3,27/01/25,132,SI011927,J,VS,1JVL01,SP124620 - VLML [J/C],SP124620,VLML,FOO,EA,56,2,12.174,24.35
BGI3,27/01/25,132,SI011927,J,VS,1PWAM2,SP170105 - WAM2,SP170105,WAML,FOO,EA,56,7,8.69,60.83
BGI3,27/01/25,132,SI011927,J,VS,1PWBM2,SP170106 - WBM2,SP170106,WBML,FOO,EA,56,3,11.298,33.89
BGI3,27/01/25,132,SI011927,J,VS,1PWCM2,SP170107 - WCM2,SP170107,WCML,FOO,EA,56,2,7.248,14.5
BGI3,27/01/25,132,SI011927,J,VS,JBE41, PORK SAUG,LO7775,SCRAMBLE EGG PORK SAUSAGE BACK BACON BAKED BEANS,FOO,EA,56,27,6.378,172.21
BGI3,27/01/25,132,SI011927,J,VS,JBE42,LO7776 -EGG - VEG FRITATTA,LO7776,EGG - VEGETABLE FRITATTA SWEET POTATO BLISTERED CH,FOO,EA,56,11,7.518,82.7
BGI3,27/01/25,132,SI011927,J,VS,JBE43,LO7777 -CHOC CHIP PANCAKES,LO7777,CHOCOLATE CHIP PANCAKE CARMALIZED PINEAPPLE AND BE,FOO,EA,56,16,5.378,86.05
BGI3,27/01/25,132,SI011927,J,VS,JCE119,LO7772 -CREOLE CHIX W GAR ORZO,LO7772,SEARED CHIX CREOLE SAUCE GARLIZ ORZO,FOO,EA,56,27,8.69,234.63
BGI3,27/01/25,132,SI011927,J,VS,JCE121,LO7773 -MAHI MAHI W MAS POT,LO7773,SEARED MAHI GARLIC MASH BLISTETED TOMATO,FOO,EA,56,13,11.298,146.87
BGI3,27/01/25,132,SI011927,J,VS,JCE122,LO7774-WILD RICE COCO CURRY,LO7774,WILD RICE COCONUT CURRY SAUCE FRIED PLANTAIN,FOO,EA,56,8,7.248,57.98
BGI3,27/01/25,132,SI011927,J,VS,JDT33,LO2622- TRAY SET MM,LO2622,TRAY SET UP,SER,EA,56,54,16.138,871.45
BGI3,27/01/25,132,SI011927,J,VS,JPAX02,23237-PER PASSENGER CHARGE,23237,OVERHEAD - W PAX OVERHEAD - PER PAX,SER,EA,56,43,16.939,728.38
BGI3,27/01/25,132,SI011927,Y,VS,1YAV01,SP124700- AVML [Y/C],SP124700,AVML,FOO,EA,120,1,15.115,15.12
BGI3,27/01/25,132,SI011927,Y,VS,1YDB01,SP124707 - DBML [Y/C],SP124707,DBML,FOO,EA,120,2,22.504,45.01
BGI3,27/01/25,132,SI011927,Y,VS,1YFP01,SP124713 - FPML [Y/C],SP124713,FPML,FOO,EA,120,1,18.156,18.16
BGI3,27/01/25,132,SI011927,Y,VS,1YGF01,SP124706 - GFML [Y/C],SP124706,GFML,FOO,EA,120,1,22.504,22.5
BGI3,27/01/25,132,SI011927,Y,VS,3YDS01,3354- ORANGE JUICE-1LT,3354,BEVERAGES - ORANGE JUICE - 1 LT,STO,EA,120,24,2.124,50.98
BGI3,27/01/25,132,SI011927,Y,VS,3YDS02,3335-TOMATO JUICE 1LT,3335,BEVERAGES - TOMATO JUICE - 1 LT,STO,EA,120,1,4.057,4.06
BGI3,27/01/25,132,SI011927,Y,VS,3YDS03,3376-CRANBERRY JUICE,3376,BEVERAGES - CRANBERRY JUICE - 1 LT,STO,EA,120,1,5.101,5.1
BGI3,27/01/25,132,SI011927,Y,VS,3YDS04,3353-APPLE JUICE 1LTR,3353,BEVERAGES - APPLE JUICE - 1 LT,STO,EA,120,15,2.124,31.86
BGI3,27/01/25,132,SI011927,Y,VS,3YDS06,3476-MINERAL WATER 1.5LT,3476,BEVERAGES - MINERAL WATER STILL - 1 LT,STO,EA,120,80,2.36,188.8
BGI3,27/01/25,132,SI011927,Y,VS,3YDS07,33169-SPARKLING WATER 1LT,33169,BEVERAGES - MINERAL WATER SPARK - 1 LT,STO,EA,120,10,3.274,32.74
BGI3,27/01/25,132,SI011927,Y,VS,3YDS11,213774-PLASTIC BAG,213774,EQUIPMENT - BAG- PLASTIC BAG,EQU,EA,120,1,0.368,0.37
BGI3,27/01/25,132,SI011927,Y,VS,3YS022,ORANGE LINEN BAG,151383,LAUNDRY - BAG LINEN ORANGE 2014,LAU,EA,120,1,1.969,1.97
BGI3,27/01/25,132,SI011927,Y,VS,3YS024,LINEN NAPKINS,3527,LAUNDRY - LINEN FOLDED NAPKIN 2014,LAU,EA,120,44,0.522,22.97
BGI3,27/01/25,132,SI011927,Y,VS,3YS032,145995-EQUIP PK - STORES 300,145995,PACKING - FLIGHT PACKING - A330-300,SER,EA,120,1,167.95,167.95
BGI3,27/01/25,132,SI011927,Y,VS,3YS035,145991-TRANS.- HANDLING 33J,145991,TURNAROUND - STRIP - LOAD - A330-300 - 3 FLIGHTS,SER,EA,120,1,483.897,483.9
BGI3,27/01/25,132,SI011927,Y,VS,3YS036,145994- WASH UP A330-300,145994,WASH UP - WASH UP - A330-900,SER,EA,120,1,404.383,404.38
BGI3,27/01/25,132,SI011927,Y,VS,3YS038,17.5% VAT ON LAUNDRY CHRG 33J,51069SALE,SALES TAX - LAUNDRY,VAT,EA,120,1,10.961,10.96
BGI3,27/01/25,132,SI011927,Y,VS,3YS063,25137-CUTLERY WRAP 1ST SERV 33,25137,PACKING - CUTLERY WRAPPING FIRST SERVICE - A330-30,SER,EA,120,1,8.435,8.44
BGI3,27/01/25,132,SI011927,Y,VS,3YS064,33819-CUTLERY WRAP 2ND SERV 33,33819,PACKING - CUTLERY WRAPPING SECOND SERVICE - A330-3,SER,EA,120,1,8.435,8.44
BGI3,27/01/25,132,SI011927,Y,VS,3YS071,32673-CULT WASH-PL 1SER 300,32673,PACKING - CUTLERY WASHUP - POLISHING FIRST SERVICE,SER,EA,120,1,27.272,27.27
BGI3,27/01/25,132,SI011927,Y,VS,3YS072,33141-CULT WASH-PL 2SER 300,33141,PACKING - CUTLERY WASHUP - POLISHING SECOND SERVIC,SER,EA,120,1,18.363,18.36
BGI3,27/01/25,132,SI011927,Y,VS,3YS095,25127- CUTL WSH-POL A330,25127,PACKING - CUTLERY WASHUP - POLISHING - A330-300,SER,EA,120,1,54.402,54.4
BGI3,27/01/25,132,SI011927,Y,VS,FAN17,19382-MILK 100% [Y],19382,FULL FAT MILK - PINT,STO,EA,120,2,4.805,9.61
BGI3,27/01/25,132,SI011927,Y,VS,FAN18,19384- MILK 2% [Y],19384,SEMI SKIMMED MILK - PINT,STO,EA,120,4,4.805,19.22
BGI3,27/01/25,132,SI011927,Y,VS,FAN19,7042-LEMON HALVES [Y],7042,LIME WEDGES,FOO,EA,120,5,5.125,25.63
BGI3,27/01/25,132,SI011927,Y,VS,FAN20,19380- WET ICE [6LB BAG] [Y],19380,WET ICE,WET,EA,120,5,2.942,14.71
BGI3,27/01/25,132,SI011927,Y,VS,YBE11,174148-BREAKFAST BOX,174148,,,EA,120,115,8.412,967.38
BGI3,27/01/25,132,SI011927,Y,VS,YBE24,LO6953-OTIS SPUNKMEYER MUFFIN,LO6953,OTIS SPUNKMEYER MUFFIN,FOO,EA,120,115,1.872,215.28
BGI3,27/01/25,132,SI011927,Y,VS,YDE116,LO7778 - RO CHIX W PEPPERCORN,LO7778,ROASTED CHIX PEPPER SAU MASHED POTATO VEG,FOO,EA,120,81,8.748,708.59
BGI3,27/01/25,132,SI011927,Y,VS,YDE117,LO7779 - MAC PIE W TOM SAUCE,LO7779,MACARONI PIE TOMATO ROSE CREAMY SAUCE,FOO,EA,120,34,5.378,182.85
BGI3,27/01/25,132,SI011927,Y,VS,YDT30,LO2623 - MAIN MEAL TRAY SET UP,LO2623,TRAY SET UP,SER,EA,120,115,8.72,1002.8
BGI3,27/01/25,132,SI011927,Y,VS,YPAX03,23240- PER PASSENGER CHARGE[Y],23240,OVERHEAD - Y PAX OVERHEAD - PER PAX,SER,EA,120,102,13.856,1413.31
BGI3,27/01/25,132,SI011927,YC,VS,2CE069, COCO CURRY,LO8708,WILD RICE COCONUT CURRY SAUCE VEG,FOO,EA,12,3,6.438,19.31
BGI3,27/01/25,132,SI011927,YC,VS,2CE070,LO8709 - GARLIC MASH CHIX THIG,LO8709,GARLIC MASH SEARED CHIX GREEN PEPPERCORN SAUCE,FOO,EA,12,3,10.838,32.51
BGI3,27/01/25,132,SI011927,YC,VS,2CE071,LO8710 - MAHI W GARL ORZO PAS,LO8710,SEARED MAHI ORZO PASTA CREOLE SAUCE VEG,FOO,EA,12,2,12.378,24.76
BGI3,27/01/25,132,SI011927,YC,VS,2CE072,LO8711 - PORKLOIN W PO GRATIN,LO8711,SEARED PORK POTATO GRATIN VEG,FOO,EA,12,2,13.84,27.68
BGI3,27/01/25,132,SI011927,YC,VS,2CE073,LO8712 - CHEESE RAVIOLI,LO8712,CHEESE RAVIOLI,FOO,EA,12,2,8.718,17.44
BGI3,27/01/25,132,SI011927,YC,VS,2CFF11,LO4110-WHOLE FRUIT 1,LO4110,SEASONAL WHOLE FRUIT OPTION 1,FOO,EA,12,6,4.622,27.73
BGI3,27/01/25,132,SI011927,YC,VS,2CFF12,LO4111-WHOLE FRUIT 2,LO4111,SEASONAL WHOLE FRUIT OPT 2,FOO,EA,12,6,4.622,27.73
BGI3,27/01/25,132,SI011927,YC,VS,2CFS44,LO5113- EGG SALAD SANDWICH,LO5113,EGG SALAD SANDWICH,FOO,EA,12,3,5.374,16.12
BGI3,27/01/25,132,SI011927,YC,VS,2CFS45,LO5115- TUNASALAD SANDWICH,LO5115,TUNA SALAD SANDWICH,FOO,EA,12,2,6.734,13.47
BGI3,27/01/25,132,SI011927,YC,VS,2CFS49,LO5119- BAP - STREAKY BACON,LO5119,SCOTTISH BAP WITH BACON,FOO,EA,12,4,4.866,19.46
BGI3,27/01/25,132,SI011927,YC,VS,2CFS52,LO5368- PLAIN BAGEL -PC CR CH,LO5368,PLAIN BAGEL WITH PC CREAM CHEESE,FOO,EA,12,4,4.086,16.34
BGI3,27/01/25,132,SI011927,YC,VS,2CFS77,LO8713 - HAM SANDWICH,LO8713,HAM SANDWICH,FOO,EA,12,3,7.734,23.2
BGI3,27/01/25,132,SI011927,YC,VS,2CFS78,LO8714 - CHEESE TOMATO WRAP,LO8714,CHEESE TOMATO CUCUMBER WRAP,FOO,EA,12,2,6.694,13.39
BGI3,27/01/25,132,SI011927,YC,VS,2CFS79,LO8715 - CHICKEN CHEESE BAGEL,LO8715,CHICKEN AND CHEESE BAGEL,FOO,EA,12,2,5.014,10.03
BGI3,27/01/25,132,SI011927,YC,VS,2CFS80,LO8716 - TURKEY SANDWICH,LO8716,TURKEY SANDWICH,FOO,EA,12,4,7.896,31.58
BGI3,27/01/25,132,SI011927,YC,VS,2CFS81, CHUTNE,LO8718,TILLAMOOK CHEESE CARR TROPICAL CHUTNEY,FOO,EA,12,6,6.788,40.73
BGI3,27/01/25,132,SI011927,YC,VS,2CFS82,LO8717 - PROTEIN POT W OLIVES,LO8717,PUMPKIN HUMMUS C CHEESE BLACK OLIVES PITTA BREAD T,FOO,EA,12,6,6.904,41.42
BGI3,27/01/25,132,SI011927,YC,VS,CPAX02,28728- C CREW SVC CHARGE,28728,OVERHEAD - CC OVERHEAD - PER PAX,SER,EA,12,12,25.48,305.76
BGI3,27/01/25,198A,SI011926,F,VS,FPAX06,F PAX CHG SHUTTLE,23234ISLAND,OVERHEAD - J INTERISLAND OVERHEAD - PER PAX,SER,EA,10,10,0.831,8.31
BGI3,27/01/25,198A,SI011926,F,VS,JSN04,LO7128 - ORIGINAL SHIRLEY,LO7128,ORIGINAL SHIRLEY BISCUIT,STO,EA,10,10,1.096,10.96
BGI3,27/01/25,198A,SI011926,J,VS,JPAX03,J PAX CHG SHUTTLE,23237ISLAND,OVERHEAD - W INTERISLAND OVERHEAD - PER PAX,SER,EA,13,13,0.831,10.8
BGI3,27/01/25,198A,SI011926,J,VS,JSN05,LO7135 - ORIGINAL SHIRLEY,LO7135,ORIGINAL SHIRLEY BISCUIT,STO,EA,13,13,1.096,14.25
BGI3,27/01/25,198A,SI011926,Y,VS,JSN06,LO7138 - ORIGINAL SHIRLEY,LO7138,ORIGINAL SHIRLEY BISCUIT,STO,EA,43,43,1.096,47.13
BGI3,27/01/25,198A,SI011926,Y,VS,YPAX04,Y PAX CHG SHUTTLE,23240ISLAND,OVERHEAD - Y INTERISLAND OVERHEAD - PER PAX,SER,EA,43,43,0.831,35.73
BGI3,27/01/25,198A,SI011926,YC,VS,FAN35,WATER 1.5LT,LO2664,INTERISLAND 1.5 LTR WATER,STO,EA,12,12,2.36,28.32
BGI3,28/01/25,132,SI011932,F,VS,1FVL01,SP124532 - VLML [F/C],SP124532,VLML,FOO,EA,44,1,33.728,33.73
BGI3,28/01/25,132,SI011932,F,VS,1OCM2,SP170099 - OCML,SP170099,OCML,FOO,EA,44,3,12.42,37.26
BGI3,28/01/25,132,SI011932,F,VS,1POAM2,SP170097 - OAML,SP170097,OAML,FOO,EA,44,5,12.582,62.91
BGI3,28/01/25,132,SI011932,F,VS,1POBM2,SP170098 - OBML,SP170098,OBML,FOO,EA,44,1,14.292,14.29
BGI3,28/01/25,132,SI011932,F,VS,1POSML,SP170101 - OSML,SP170101,OSML,FOO,EA,44,3,10.91,32.73
BGI3,28/01/25,132,SI011932,F,VS,1POTML,SP170102 - OTML,SP170102,OTML,FOO,EA,44,4,9.48,37.92
BGI3,28/01/25,132,SI011932,F,VS,1POUML,SP173624 - OUML,SP173624,OUML,FOO,EA,44,1,12.36,12.36
BGI3,28/01/25,132,SI011932,F,VS,FAN12,19381- MILK 100%,19381,FULL FAT MILK - PINT,STO,EA,44,5,4.805,24.03
BGI3,28/01/25,132,SI011932,F,VS,FAN13,19383- MILK 2%,19383,SEMI SKIMMED MILK - PINT,STO,EA,44,2,4.805,9.61
BGI3,28/01/25,132,SI011932,F,VS,FAN14,19385-LEMON HALVES,19385,LEMON WEDGES,FOO,EA,44,3,5.125,15.38
BGI3,28/01/25,132,SI011932,F,VS,FAN21,19379-WET ICE[6LB BAG],19379,WET ICE,WET,EA,44,6,2.942,17.65
BGI3,28/01/25,132,SI011932,F,VS,FAN23,LO7607-CUCUMBER SLICES,LO7607,CUCUMBER SLICES,FOO,EA,44,1,7.686,7.69
BGI3,28/01/25,132,SI011932,F,VS,FAN30,7041- LIME WEDGES,7041,LIME WEDGES,FOO,EA,44,2,4.78,9.56
BGI3,28/01/25,132,SI011932,F,VS,FAN33,23212 - BULK EQUIPMENT,23212,BULK EQUIPMENT,EQU,EA,44,42,1.779,74.72
BGI3,28/01/25,132,SI011932,F,VS,FBD91,LO7757 -WHOLE WHEAT - FLAXSEED,LO7757,WHOLE WHEAT - FLAXSEED KNOT ROLL,FOO,EA,44,22,2.446,53.81
BGI3,28/01/25,132,SI011932,F,VS,FBD92,LO7758 -BLACK OLIVE - GAR ROLL,LO7758,BLACK OLIVE AND GARLIC ROLL,FOO,EA,44,22,2.516,55.35
BGI3,28/01/25,132,SI011932,F,VS,FBD93,LO7759 -CHEDDAR - ONION ROLL,LO7759,CHEDDAR CHEESE AND ONION ROLL,FOO,EA,44,21,2.446,51.37
BGI3,28/01/25,132,SI011932,F,VS,FBT14,LO7770- FRUIT PLATE,LO7770,FRUIT PLATE,FOO,EA,44,22,6.598,145.16
BGI3,28/01/25,132,SI011932,F,VS,FBT16,LO7126 - PLAIN GREEK YOGH FULL,LO7126,PLAIN GREEK YOGHURT - 907 GRAMS,STO,EA,44,1,13.612,13.61
BGI3,28/01/25,132,SI011932,F,VS,FBT17,LO7127- GRANOLA FULL,LO7127,GRANOLA WHOLE GRAIN - 360 GRAMS,STO,EA,44,1,16.562,16.56
BGI3,28/01/25,132,SI011932,F,VS,FBT18,LO7771 - BANANA MUFFIN,LO7771,BANANA MUFFIN,FOO,EA,44,22,3.272,71.98
BGI3,28/01/25,132,SI011932,F,VS,FCE155,LO7764 -HERB CHIX W POT GRATIN,LO7764,HERBED CHIX POTATO GRATIN CORN AND PEPPER,FOO,EA,44,13,12.582,163.57
BGI3,28/01/25,132,SI011932,F,VS,FCE156,LO7765 - MAHI MAHI W WILD RICE,LO7765,SPICED MAHI TURMERIC WILD RICE COCONUT CURRY,FOO,EA,44,8,14.292,114.34
BGI3,28/01/25,132,SI011932,F,VS,FCE157,LO7766 - VEG LASAGNA,LO7766,VEGETABLE LASGNA DUO SCALES,FOO,EA,44,5,12.42,62.1
BGI3,28/01/25,132,SI011932,F,VS,FCF16,LO5500- PICK YOUR OWN,LO5500,CARIBBEAN FRUIT WHOLE [ASSORTED],FOO,EA,44,1,26.288,26.29
BGI3,28/01/25,132,SI011932,F,VS,FCS153,LO8803 - JERK PORK SATAYS,LO8803,,,EA,44,22,6.072,133.58
BGI3,28/01/25,132,SI011932,F,VS,FCS154,LO8804 - PUMKIN HUMMUS,LO8804,,,EA,44,25,5.176,129.4
BGI3,28/01/25,132,SI011932,F,VS,FDD106,LO7762 -SAVOURY CHEESE PLATE,LO7762,STILTON CHEEDAR GOAT GRAPE CHUTNEY,FOO,EA,44,26,7.53,195.78
BGI3,28/01/25,132,SI011932,F,VS,FDD108,LO8805 - DOUBLE CHOC CHE CAKE,LO8805,,,EA,44,17,5.38,91.46
BGI3,28/01/25,132,SI011932,F,VS,FDD109,LO8806 - CARAMEL - PUMKIN BREA,LO8806,,,EA,44,22,4.83,106.26
BGI3,28/01/25,132,SI011932,F,VS,FDT007,LO4801- BUTTER,LO4801,BUTTER [PIPED] BULK LOAED,FOO,EA,44,43,1.042,44.81
BGI3,28/01/25,132,SI011932,F,VS,FHB69,LO4240-BACON BAP,LO4240,BACON BAP,FOO,EA,44,15,5.18,77.7
BGI3,28/01/25,132,SI011932,F,VS,FHB83,LO7767 -SCRAM EGG BB SAUS,LO7767,SCRAMBLE EGGS BACK BACON SAUSAGE BAKED BEANS,FOO,EA,44,22,9.72,213.84
BGI3,28/01/25,132,SI011932,F,VS,FHB84,LO7768 - PEPP - CHEE OMELETTE,LO7768,PEPPER AND CHEESE OMELETTE SPINACH SWEET POTATO,FOO,EA,44,6,7.85,47.1
BGI3,28/01/25,132,SI011932,F,VS,FHB85,LO7769 - CHOCO CHIP PANCAKE,LO7769,CHOCOLATE CHIP PANCAKESPICED PINEAPPLE AND BERRY C,FOO,EA,44,9,6.31,56.79
BGI3,28/01/25,132,SI011932,F,VS,FPAX04,23234-PER PASSENGER CHARGE,23234,OVERHEAD - J PAX OVERHEAD - PER PAX,SER,EA,44,42,36.774,1544.51
BGI3,28/01/25,132,SI011932,J,VS,1JAV01,SP124622 - AVML [J/C],SP124622,AVML,FOO,EA,40,2,15.115,30.23
BGI3,28/01/25,132,SI011932,J,VS,1PWAM2,SP170105 - WAM2,SP170105,WAML,FOO,EA,40,12,8.69,104.28
BGI3,28/01/25,132,SI011932,J,VS,1PWCM2,SP170107 - WCM2,SP170107,WCML,FOO,EA,40,2,7.248,14.5
BGI3,28/01/25,132,SI011932,J,VS,JBE41, PORK SAUG,LO7775,SCRAMBLE EGG PORK SAUSAGE BACK BACON BAKED BEANS,FOO,EA,40,19,6.378,121.18
BGI3,28/01/25,132,SI011932,J,VS,JBE42,LO7776 -EGG - VEG FRITATTA,LO7776,EGG - VEGETABLE FRITATTA SWEET POTATO BLISTERED CH,FOO,EA,40,8,7.518,60.14
BGI3,28/01/25,132,SI011932,J,VS,JBE43,LO7777 -CHOC CHIP PANCAKES,LO7777,CHOCOLATE CHIP PANCAKE CARMALIZED PINEAPPLE AND BE,FOO,EA,40,11,5.378,59.16
BGI3,28/01/25,132,SI011932,J,VS,JCE119,LO7772 -CREOLE CHIX W GAR ORZO,LO7772,SEARED CHIX CREOLE SAUCE GARLIZ ORZO,FOO,EA,40,14,8.69,121.66
BGI3,28/01/25,132,SI011932,J,VS,JCE121,LO7773 -MAHI MAHI W MAS POT,LO7773,SEARED MAHI GARLIC MASH BLISTETED TOMATO,FOO,EA,40,6,11.298,67.79
BGI3,28/01/25,132,SI011932,J,VS,JCE122,LO7774-WILD RICE COCO CURRY,LO7774,WILD RICE COCONUT CURRY SAUCE FRIED PLANTAIN,FOO,EA,40,4,7.248,28.99
BGI3,28/01/25,132,SI011932,J,VS,JDT33,LO2622- TRAY SET MM,LO2622,TRAY SET UP,SER,EA,40,38,16.138,613.24
BGI3,28/01/25,132,SI011932,J,VS,JPAX02,23237-PER PASSENGER CHARGE,23237,OVERHEAD - W PAX OVERHEAD - PER PAX,SER,EA,40,36,16.939,609.8
BGI3,28/01/25,132,SI011932,Y,VS,1YVL01,SP124698- VLML [Y/C],SP124698,VLML,FOO,EA,66,1,12.154,12.15
BGI3,28/01/25,132,SI011932,Y,VS,3YDS01,3354- ORANGE JUICE-1LT,3354,BEVERAGES - ORANGE JUICE - 1 LT,STO,EA,66,20,2.124,42.48
BGI3,28/01/25,132,SI011932,Y,VS,3YDS02,3335-TOMATO JUICE 1LT,3335,BEVERAGES - TOMATO JUICE - 1 LT,STO,EA,66,1,4.057,4.06
BGI3,28/01/25,132,SI011932,Y,VS,3YDS03,3376-CRANBERRY JUICE,3376,BEVERAGES - CRANBERRY JUICE - 1 LT,STO,EA,66,1,5.101,5.1
BGI3,28/01/25,132,SI011932,Y,VS,3YDS04,3353-APPLE JUICE 1LTR,3353,BEVERAGES - APPLE JUICE - 1 LT,STO,EA,66,11,2.124,23.36
BGI3,28/01/25,132,SI011932,Y,VS,3YDS06,3476-MINERAL WATER 1.5LT,3476,BEVERAGES - MINERAL WATER STILL - 1 LT,STO,EA,66,82,2.36,193.52
BGI3,28/01/25,132,SI011932,Y,VS,3YDS07,33169-SPARKLING WATER 1LT,33169,BEVERAGES - MINERAL WATER SPARK - 1 LT,STO,EA,66,9,3.274,29.47
BGI3,28/01/25,132,SI011932,Y,VS,3YDS11,213774-PLASTIC BAG,213774,EQUIPMENT - BAG- PLASTIC BAG,EQU,EA,66,1,0.368,0.37
BGI3,28/01/25,132,SI011932,Y,VS,3YS022,ORANGE LINEN BAG,151383,LAUNDRY - BAG LINEN ORANGE 2014,LAU,EA,66,1,1.969,1.97
BGI3,28/01/25,132,SI011932,Y,VS,3YS024,LINEN NAPKINS,3527,LAUNDRY - LINEN FOLDED NAPKIN 2014,LAU,EA,66,44,0.522,22.97
BGI3,28/01/25,132,SI011932,Y,VS,3YS032,145995-EQUIP PK - STORES 300,145995,PACKING - FLIGHT PACKING - A330-300,SER,EA,66,1,167.95,167.95
BGI3,28/01/25,132,SI011932,Y,VS,3YS035,145991-TRANS.- HANDLING 33J,145991,TURNAROUND - STRIP - LOAD - A330-300 - 3 FLIGHTS,SER,EA,66,1,483.897,483.9
BGI3,28/01/25,132,SI011932,Y,VS,3YS036,145994- WASH UP A330-300,145994,WASH UP - WASH UP - A330-900,SER,EA,66,1,404.383,404.38
BGI3,28/01/25,132,SI011932,Y,VS,3YS038,17.5% VAT ON LAUNDRY CHRG 33J,51069SALE,SALES TAX - LAUNDRY,VAT,EA,66,1,10.961,10.96
BGI3,28/01/25,132,SI011932,Y,VS,3YS063,25137-CUTLERY WRAP 1ST SERV 33,25137,PACKING - CUTLERY WRAPPING FIRST SERVICE - A330-30,SER,EA,66,1,8.435,8.44
BGI3,28/01/25,132,SI011932,Y,VS,3YS064,33819-CUTLERY WRAP 2ND SERV 33,33819,PACKING - CUTLERY WRAPPING SECOND SERVICE - A330-3,SER,EA,66,1,8.435,8.44
BGI3,28/01/25,132,SI011932,Y,VS,3YS071,32673-CULT WASH-PL 1SER 300,32673,PACKING - CUTLERY WASHUP - POLISHING FIRST SERVICE,SER,EA,66,1,27.272,27.27
BGI3,28/01/25,132,SI011932,Y,VS,3YS072,33141-CULT WASH-PL 2SER 300,33141,PACKING - CUTLERY WASHUP - POLISHING SECOND SERVIC,SER,EA,66,1,18.363,18.36
BGI3,28/01/25,132,SI011932,Y,VS,3YS095,25127- CUTL WSH-POL A330,25127,PACKING - CUTLERY WASHUP - POLISHING - A330-300,SER,EA,66,1,54.402,54.4
BGI3,28/01/25,132,SI011932,Y,VS,FAN17,19382-MILK 100% [Y],19382,FULL FAT MILK - PINT,STO,EA,66,2,4.805,9.61
BGI3,28/01/25,132,SI011932,Y,VS,FAN18,19384- MILK 2% [Y],19384,SEMI SKIMMED MILK - PINT,STO,EA,66,4,4.805,19.22
BGI3,28/01/25,132,SI011932,Y,VS,FAN19,7042-LEMON HALVES [Y],7042,LIME WEDGES,FOO,EA,66,3,5.125,15.38
BGI3,28/01/25,132,SI011932,Y,VS,FAN20,19380- WET ICE [6LB BAG] [Y],19380,WET ICE,WET,EA,66,3,2.942,8.83
BGI3,28/01/25,132,SI011932,Y,VS,YBE11,174148-BREAKFAST BOX,174148,,,EA,66,65,8.412,546.78
BGI3,28/01/25,132,SI011932,Y,VS,YBE24,LO6953-OTIS SPUNKMEYER MUFFIN,LO6953,OTIS SPUNKMEYER MUFFIN,FOO,EA,66,65,1.872,121.68
BGI3,28/01/25,132,SI011932,Y,VS,YDE116,LO7778 - RO CHIX W PEPPERCORN,LO7778,ROASTED CHIX PEPPER SAU MASHED POTATO VEG,FOO,EA,66,46,8.748,402.41
BGI3,28/01/25,132,SI011932,Y,VS,YDE117,LO7779 - MAC PIE W TOM SAUCE,LO7779,MACARONI PIE TOMATO ROSE CREAMY SAUCE,FOO,EA,66,19,5.378,102.18
BGI3,28/01/25,132,SI011932,Y,VS,YDT30,LO2623 - MAIN MEAL TRAY SET UP,LO2623,TRAY SET UP,SER,EA,66,65,8.72,566.8
BGI3,28/01/25,132,SI011932,Y,VS,YPAX03,23240- PER PASSENGER CHARGE[Y],23240,OVERHEAD - Y PAX OVERHEAD - PER PAX,SER,EA,66,63,13.856,872.93
BGI3,28/01/25,132,SI011932,YC,VS,2CE069, COCO CURRY,LO8708,WILD RICE COCONUT CURRY SAUCE VEG,FOO,EA,12,3,6.438,19.31
BGI3,28/01/25,132,SI011932,YC,VS,2CE070,LO8709 - GARLIC MASH CHIX THIG,LO8709,GARLIC MASH SEARED CHIX GREEN PEPPERCORN SAUCE,FOO,EA,12,3,10.838,32.51
BGI3,28/01/25,132,SI011932,YC,VS,2CE071,LO8710 - MAHI W GARL ORZO PAS,LO8710,SEARED MAHI ORZO PASTA CREOLE SAUCE VEG,FOO,EA,12,2,12.378,24.76
BGI3,28/01/25,132,SI011932,YC,VS,2CE072,LO8711 - PORKLOIN W PO GRATIN,LO8711,SEARED PORK POTATO GRATIN VEG,FOO,EA,12,2,13.84,27.68
BGI3,28/01/25,132,SI011932,YC,VS,2CE073,LO8712 - CHEESE RAVIOLI,LO8712,CHEESE RAVIOLI,FOO,EA,12,2,8.718,17.44
BGI3,28/01/25,132,SI011932,YC,VS,2CFF11,LO4110-WHOLE FRUIT 1,LO4110,SEASONAL WHOLE FRUIT OPTION 1,FOO,EA,12,6,4.622,27.73
BGI3,28/01/25,132,SI011932,YC,VS,2CFF12,LO4111-WHOLE FRUIT 2,LO4111,SEASONAL WHOLE FRUIT OPT 2,FOO,EA,12,6,4.622,27.73
BGI3,28/01/25,132,SI011932,YC,VS,2CFS44,LO5113- EGG SALAD SANDWICH,LO5113,EGG SALAD SANDWICH,FOO,EA,12,3,5.374,16.12
BGI3,28/01/25,132,SI011932,YC,VS,2CFS45,LO5115- TUNASALAD SANDWICH,LO5115,TUNA SALAD SANDWICH,FOO,EA,12,2,6.734,13.47
BGI3,28/01/25,132,SI011932,YC,VS,2CFS49,LO5119- BAP - STREAKY BACON,LO5119,SCOTTISH BAP WITH BACON,FOO,EA,12,4,4.866,19.46
BGI3,28/01/25,132,SI011932,YC,VS,2CFS52,LO5368- PLAIN BAGEL -PC CR CH,LO5368,PLAIN BAGEL WITH PC CREAM CHEESE,FOO,EA,12,4,4.086,16.34
BGI3,28/01/25,132,SI011932,YC,VS,2CFS77,LO8713 - HAM SANDWICH,LO8713,HAM SANDWICH,FOO,EA,12,3,7.734,23.2
BGI3,28/01/25,132,SI011932,YC,VS,2CFS78,LO8714 - CHEESE TOMATO WRAP,LO8714,CHEESE TOMATO CUCUMBER WRAP,FOO,EA,12,2,6.694,13.39
BGI3,28/01/25,132,SI011932,YC,VS,2CFS79,LO8715 - CHICKEN CHEESE BAGEL,LO8715,CHICKEN AND CHEESE BAGEL,FOO,EA,12,2,5.014,10.03
BGI3,28/01/25,132,SI011932,YC,VS,2CFS80,LO8716 - TURKEY SANDWICH,LO8716,TURKEY SANDWICH,FOO,EA,12,4,7.896,31.58
BGI3,28/01/25,132,SI011932,YC,VS,2CFS81, CHUTNE,LO8718,TILLAMOOK CHEESE CARR TROPICAL CHUTNEY,FOO,EA,12,6,6.788,40.73
BGI3,28/01/25,132,SI011932,YC,VS,2CFS82,LO8717 - PROTEIN POT W OLIVES,LO8717,PUMPKIN HUMMUS C CHEESE BLACK OLIVES PITTA BREAD T,FOO,EA,12,6,6.904,41.42
BGI3,28/01/25,132,SI011932,YC,VS,CPAX02,28728- C CREW SVC CHARGE,28728,OVERHEAD - CC OVERHEAD - PER PAX,SER,EA,12,12,25.48,305.76
BGI3,28/01/25,187A,SI011930,F,VS,FPAX06,F PAX CHG SHUTTLE,23234ISLAND,OVERHEAD - J INTERISLAND OVERHEAD - PER PAX,SER,EA,15,15,0.831,12.47
BGI3,28/01/25,187A,SI011930,F,VS,JSN04,LO7128 - ORIGINAL SHIRLEY,LO7128,ORIGINAL SHIRLEY BISCUIT,STO,EA,15,15,1.096,16.44
BGI3,28/01/25,187A,SI011930,J,VS,JPAX03,J PAX CHG SHUTTLE,23237ISLAND,OVERHEAD - W INTERISLAND OVERHEAD - PER PAX,SER,EA,28,28,0.831,23.27
BGI3,28/01/25,187A,SI011930,J,VS,JSN05,LO7135 - ORIGINAL SHIRLEY,LO7135,ORIGINAL SHIRLEY BISCUIT,STO,EA,28,28,1.096,30.69
BGI3,28/01/25,187A,SI011930,Y,VS,3YS035,145991-TRANS.- HANDLING 33J,145991,TURNAROUND - STRIP - LOAD - A330-300 - 3 FLIGHTS,SER,EA,93,1,483.897,483.9
BGI3,28/01/25,187A,SI011930,Y,VS,FAN35,WATER 1.5LT,LO2664,INTERISLAND 1.5 LTR WATER,STO,EA,93,18,2.36,42.48
BGI3,28/01/25,187A,SI011930,Y,VS,FAN36,ORANGE JUICE 1LT,3354,BEVERAGE- ORANGE JUICE - 1 LT,STO,EA,93,5,2.124,10.62
BGI3,28/01/25,187A,SI011930,Y,VS,JSN06,LO7138 - ORIGINAL SHIRLEY,LO7138,ORIGINAL SHIRLEY BISCUIT,STO,EA,93,93,1.096,101.93
BGI3,28/01/25,187A,SI011930,Y,VS,YPAX04,Y PAX CHG SHUTTLE,23240ISLAND,OVERHEAD - Y INTERISLAND OVERHEAD - PER PAX,SER,EA,93,93,0.831,77.28
BGI3,28/01/25,187A,SI011930,YC,VS,2CFF12,LO4111-WHOLE FRUIT 2,LO4111,SEASONAL WHOLE FRUIT OPT 2,FOO,EA,12,5,4.622,23.11
BGI3,28/01/25,187A,SI011930,YC,VS,2CFF13,LO4268 - WHOLE FRUIT 1,LO4268,SEASONAL WHOLE FRUIT OPT 1,FOO,EA,12,7,4.662,32.63
BGI3,28/01/25,187A,SI011930,YC,VS,2CFS55,LO6303 - TUNA SANDWICH,LO6303,TUNA SANDWICH,FOO,EA,12,5,6.734,33.67
BGI3,28/01/25,187A,SI011930,YC,VS,2CFS83,LO7721 - EGG SANDWICH,LO7721,EGG SALAD SANDWICH,FOO,EA,12,7,5.374,37.62
BGI3,28/01/25,187A,SI011930,YC,VS,CPAX04,C PAX CHG SHUTTLE,28728,OVERHEAD - CC OVERHEAD - PER PAX,SER,EA,12,12,22.261,267.13
BGI3,28/01/25,187A,SI011930,YC,VS,FAN37,LO2664 - CREW WATER 1.5 LT,LO2664,INTERISLAND 1.5 LTR WATER,STO,EA,12,12,2.272,27.26
BGI3,28/01/25,187A,SI011930,YC,VS,JSN07,LO7722 - ORIG SHIRLEY CREW,LO7722,ORIGINAL SHIRLEY BISCUIT,STO,EA,12,12,1.096,13.15
BGI3,28/01/25,188,SI011933,F,VS,1FNL01,SP124546- NLML [F/C],SP124546,NLML,FOO,EA,31,1,31.461,31.46
BGI3,28/01/25,188,SI011933,F,VS,1OCM2,SP170099 - OCML,SP170099,OCML,FOO,EA,31,2,12.42,24.84
BGI3,28/01/25,188,SI011933,F,VS,1POAM2,SP170097 - OAML,SP170097,OAML,FOO,EA,31,3,12.582,37.75
BGI3,28/01/25,188,SI011933,F,VS,1POBM2,SP170098 - OBML,SP170098,OBML,FOO,EA,31,3,14.292,42.88
BGI3,28/01/25,188,SI011933,F,VS,1POMML,SP170100 - OMML,SP170100,OMML,FOO,EA,31,1,9.162,9.16
BGI3,28/01/25,188,SI011933,F,VS,1POSML,SP170101 - OSML,SP170101,OSML,FOO,EA,31,1,10.91,10.91
BGI3,28/01/25,188,SI011933,F,VS,1POTML,SP170102 - OTML,SP170102,OTML,FOO,EA,31,2,9.48,18.96
BGI3,28/01/25,188,SI011933,F,VS,1POUML,SP173624 - OUML,SP173624,OUML,FOO,EA,31,3,12.36,37.08
BGI3,28/01/25,188,SI011933,F,VS,1POVML,SP173625 - OVML,SP173625,OVML,FOO,EA,31,2,10.63,21.26
BGI3,28/01/25,188,SI011933,F,VS,FAN12,19381- MILK 100%,19381,FULL FAT MILK - PINT,STO,EA,31,4,4.805,19.22
BGI3,28/01/25,188,SI011933,F,VS,FAN13,19383- MILK 2%,19383,SEMI SKIMMED MILK - PINT,STO,EA,31,2,4.805,9.61
BGI3,28/01/25,188,SI011933,F,VS,FAN14,19385-LEMON HALVES,19385,LEMON WEDGES,FOO,EA,31,2,5.125,10.25
BGI3,28/01/25,188,SI011933,F,VS,FAN21,19379-WET ICE[6LB BAG],19379,WET ICE,WET,EA,31,4,2.942,11.77
BGI3,28/01/25,188,SI011933,F,VS,FAN23,LO7607-CUCUMBER SLICES,LO7607,CUCUMBER SLICES,FOO,EA,31,1,7.686,7.69
BGI3,28/01/25,188,SI011933,F,VS,FAN30,7041- LIME WEDGES,7041,LIME WEDGES,FOO,EA,31,2,4.78,9.56
BGI3,28/01/25,188,SI011933,F,VS,FAN33,23212 - BULK EQUIPMENT,23212,BULK EQUIPMENT,EQU,EA,31,30,1.779,53.37
BGI3,28/01/25,188,SI011933,F,VS,FBD91,LO7757 -WHOLE WHEAT - FLAXSEED,LO7757,WHOLE WHEAT - FLAXSEED KNOT ROLL,FOO,EA,31,15,2.446,36.69
BGI3,28/01/25,188,SI011933,F,VS,FBD92,LO7758 -BLACK OLIVE - GAR ROLL,LO7758,BLACK OLIVE AND GARLIC ROLL,FOO,EA,31,15,2.516,37.74
BGI3,28/01/25,188,SI011933,F,VS,FBD93,LO7759 -CHEDDAR - ONION ROLL,LO7759,CHEDDAR CHEESE AND ONION ROLL,FOO,EA,31,15,2.446,36.69
BGI3,28/01/25,188,SI011933,F,VS,FBT14,LO7770- FRUIT PLATE,LO7770,FRUIT PLATE,FOO,EA,31,15,6.598,98.97
BGI3,28/01/25,188,SI011933,F,VS,FBT16,LO7126 - PLAIN GREEK YOGH FULL,LO7126,PLAIN GREEK YOGHURT - 907 GRAMS,STO,EA,31,1,13.612,13.61
BGI3,28/01/25,188,SI011933,F,VS,FBT17,LO7127- GRANOLA FULL,LO7127,GRANOLA WHOLE GRAIN - 360 GRAMS,STO,EA,31,1,16.562,16.56
BGI3,28/01/25,188,SI011933,F,VS,FBT18,LO7771 - BANANA MUFFIN,LO7771,BANANA MUFFIN,FOO,EA,31,15,3.272,49.08
BGI3,28/01/25,188,SI011933,F,VS,FCE155,LO7764 -HERB CHIX W POT GRATIN,LO7764,HERBED CHIX POTATO GRATIN CORN AND PEPPER,FOO,EA,31,5,12.582,62.91
BGI3,28/01/25,188,SI011933,F,VS,FCE156,LO7765 - MAHI MAHI W WILD RICE,LO7765,SPICED MAHI TURMERIC WILD RICE COCONUT CURRY,FOO,EA,31,4,14.292,57.17
BGI3,28/01/25,188,SI011933,F,VS,FCE157,LO7766 - VEG LASAGNA,LO7766,VEGETABLE LASGNA DUO SCALES,FOO,EA,31,2,12.42,24.84
BGI3,28/01/25,188,SI011933,F,VS,FCF16,LO5500- PICK YOUR OWN,LO5500,CARIBBEAN FRUIT WHOLE [ASSORTED],FOO,EA,31,1,26.288,26.29
BGI3,28/01/25,188,SI011933,F,VS,FCS153,LO8803 - JERK PORK SATAYS,LO8803,,,EA,31,15,6.072,91.08
BGI3,28/01/25,188,SI011933,F,VS,FCS154,LO8804 - PUMKIN HUMMUS,LO8804,,,EA,31,18,5.176,93.17
BGI3,28/01/25,188,SI011933,F,VS,FDD106,LO7762 -SAVOURY CHEESE PLATE,LO7762,STILTON CHEEDAR GOAT GRAPE CHUTNEY,FOO,EA,31,18,7.53,135.54
BGI3,28/01/25,188,SI011933,F,VS,FDD108,LO8805 - DOUBLE CHOC CHE CAKE,LO8805,,,EA,31,12,5.38,64.56
BGI3,28/01/25,188,SI011933,F,VS,FDD109,LO8806 - CARAMEL - PUMKIN BREA,LO8806,,,EA,31,15,4.83,72.45
BGI3,28/01/25,188,SI011933,F,VS,FDT007,LO4801- BUTTER,LO4801,BUTTER [PIPED] BULK LOAED,FOO,EA,31,30,1.042,31.26
BGI3,28/01/25,188,SI011933,F,VS,FHB69,LO4240-BACON BAP,LO4240,BACON BAP,FOO,EA,31,11,5.18,56.98
BGI3,28/01/25,188,SI011933,F,VS,FHB83,LO7767 -SCRAM EGG BB SAUS,LO7767,SCRAMBLE EGGS BACK BACON SAUSAGE BAKED BEANS,FOO,EA,31,15,9.72,145.8
BGI3,28/01/25,188,SI011933,F,VS,FHB84,LO7768 - PEPP - CHEE OMELETTE,LO7768,PEPPER AND CHEESE OMELETTE SPINACH SWEET POTATO,FOO,EA,31,4,7.85,31.4
BGI3,28/01/25,188,SI011933,F,VS,FHB85,LO7769 - CHOCO CHIP PANCAKE,LO7769,CHOCOLATE CHIP PANCAKESPICED PINEAPPLE AND BERRY C,FOO,EA,31,6,6.31,37.86
BGI3,28/01/25,188,SI011933,F,VS,FPAX04,23234-PER PASSENGER CHARGE,23234,OVERHEAD - J PAX OVERHEAD - PER PAX,SER,EA,31,30,36.774,1103.22
BGI3,28/01/25,188,SI011933,J,VS,1JGF01,SP124628 - GFML [J/C],SP124628,GFML,FOO,EA,48,2,22.504,45.01
BGI3,28/01/25,188,SI011933,J,VS,1JVG01,SP124621 - VGML [J/C],SP124621,VGML,FOO,EA,48,1,14.694,14.69
BGI3,28/01/25,188,SI011933,J,VS,1JVL01,SP124620 - VLML [J/C],SP124620,VLML,FOO,EA,48,4,12.174,48.7
BGI3,28/01/25,188,SI011933,J,VS,1PWAM2,SP170105 - WAM2,SP170105,WAML,FOO,EA,48,18,8.69,156.42
BGI3,28/01/25,188,SI011933,J,VS,1PWBM2,SP170106 - WBM2,SP170106,WBML,FOO,EA,48,2,11.298,22.6
BGI3,28/01/25,188,SI011933,J,VS,1PWCM2,SP170107 - WCM2,SP170107,WCML,FOO,EA,48,2,7.248,14.5
BGI3,28/01/25,188,SI011933,J,VS,JBE41, PORK SAUG,LO7775,SCRAMBLE EGG PORK SAUSAGE BACK BACON BAKED BEANS,FOO,EA,48,21,6.378,133.94
BGI3,28/01/25,188,SI011933,J,VS,JBE42,LO7776 -EGG - VEG FRITATTA,LO7776,EGG - VEGETABLE FRITATTA SWEET POTATO BLISTERED CH,FOO,EA,48,8,7.518,60.14
BGI3,28/01/25,188,SI011933,J,VS,JBE43,LO7777 -CHOC CHIP PANCAKES,LO7777,CHOCOLATE CHIP PANCAKE CARMALIZED PINEAPPLE AND BE,FOO,EA,48,12,5.378,64.54
BGI3,28/01/25,188,SI011933,J,VS,JCE119,LO7772 -CREOLE CHIX W GAR ORZO,LO7772,SEARED CHIX CREOLE SAUCE GARLIZ ORZO,FOO,EA,48,12,8.69,104.28
BGI3,28/01/25,188,SI011933,J,VS,JCE121,LO7773 -MAHI MAHI W MAS POT,LO7773,SEARED MAHI GARLIC MASH BLISTETED TOMATO,FOO,EA,48,6,11.298,67.79
BGI3,28/01/25,188,SI011933,J,VS,JCE122,LO7774-WILD RICE COCO CURRY,LO7774,WILD RICE COCONUT CURRY SAUCE FRIED PLANTAIN,FOO,EA,48,4,7.248,28.99
BGI3,28/01/25,188,SI011933,J,VS,JDT33,LO2622- TRAY SET MM,LO2622,TRAY SET UP,SER,EA,48,41,16.138,661.66
BGI3,28/01/25,188,SI011933,J,VS,JPAX02,23237-PER PASSENGER CHARGE,23237,OVERHEAD - W PAX OVERHEAD - PER PAX,SER,EA,48,48,16.939,813.07
BGI3,28/01/25,188,SI011933,Y,VS,1YAV01,SP124700- AVML [Y/C],SP124700,AVML,FOO,EA,95,1,15.115,15.12
BGI3,28/01/25,188,SI011933,Y,VS,1YCH04,SP124709- CHML [Y/C],SP124709,CHML,FOO,EA,95,3,14.622,43.87
BGI3,28/01/25,188,SI011933,Y,VS,1YGF01,SP124706 - GFML [Y/C],SP124706,GFML,FOO,EA,95,4,22.504,90.02
BGI3,28/01/25,188,SI011933,Y,VS,1YVL01,SP124698- VLML [Y/C],SP124698,VLML,FOO,EA,95,3,12.154,36.46
BGI3,28/01/25,188,SI011933,Y,VS,3YDS01,3354- ORANGE JUICE-1LT,3354,BEVERAGES - ORANGE JUICE - 1 LT,STO,EA,95,29,2.124,61.6
BGI3,28/01/25,188,SI011933,Y,VS,3YDS02,3335-TOMATO JUICE 1LT,3335,BEVERAGES - TOMATO JUICE - 1 LT,STO,EA,95,1,4.057,4.06
BGI3,28/01/25,188,SI011933,Y,VS,3YDS03,3376-CRANBERRY JUICE,3376,BEVERAGES - CRANBERRY JUICE - 1 LT,STO,EA,95,2,5.101,10.2
BGI3,28/01/25,188,SI011933,Y,VS,3YDS04,3353-APPLE JUICE 1LTR,3353,BEVERAGES - APPLE JUICE - 1 LT,STO,EA,95,17,2.124,36.11
BGI3,28/01/25,188,SI011933,Y,VS,3YDS06,3476-MINERAL WATER 1.5LT,3476,BEVERAGES - MINERAL WATER STILL - 1 LT,STO,EA,95,48,2.36,113.28
BGI3,28/01/25,188,SI011933,Y,VS,3YDS07,33169-SPARKLING WATER 1LT,33169,BEVERAGES - MINERAL WATER SPARK - 1 LT,STO,EA,95,14,3.274,45.84
BGI3,28/01/25,188,SI011933,Y,VS,3YDS11,213774-PLASTIC BAG,213774,EQUIPMENT - BAG- PLASTIC BAG,EQU,EA,95,1,0.368,0.37
BGI3,28/01/25,188,SI011933,Y,VS,3YS022,ORANGE LINEN BAG,151383,LAUNDRY - BAG LINEN ORANGE 2014,LAU,EA,95,1,1.969,1.97
BGI3,28/01/25,188,SI011933,Y,VS,3YS023,LINEN TABLECLOTH,3526,LAUNDRY - TABLE CLOTH/RUNNER 2014,LAU,EA,95,33,0.652,21.52
BGI3,28/01/25,188,SI011933,Y,VS,3YS024,LINEN NAPKINS,3527,LAUNDRY - LINEN FOLDED NAPKIN 2014,LAU,EA,95,31,0.522,16.18
BGI3,28/01/25,188,SI011933,Y,VS,3YS032,145995-EQUIP PK - STORES 300,145995,PACKING - FLIGHT PACKING - A330-300,SER,EA,95,1,167.95,167.95
BGI3,28/01/25,188,SI011933,Y,VS,3YS035,145991-TRANS.- HANDLING 33J,145991,TURNAROUND - STRIP - LOAD - A330-300 - 3 FLIGHTS,SER,EA,95,1,483.897,483.9
BGI3,28/01/25,188,SI011933,Y,VS,3YS036,145994- WASH UP A330-300,145994,WASH UP - WASH UP - A330-900,SER,EA,95,1,404.383,404.38
BGI3,28/01/25,188,SI011933,Y,VS,3YS038,17.5% VAT ON LAUNDRY CHRG 33J,51069SALE,SALES TAX - LAUNDRY,VAT,EA,95,1,10.961,10.96
BGI3,28/01/25,188,SI011933,Y,VS,3YS063,25137-CUTLERY WRAP 1ST SERV 33,25137,PACKING - CUTLERY WRAPPING FIRST SERVICE - A330-30,SER,EA,95,1,8.435,8.44
BGI3,28/01/25,188,SI011933,Y,VS,3YS064,33819-CUTLERY WRAP 2ND SERV 33,33819,PACKING - CUTLERY WRAPPING SECOND SERVICE - A330-3,SER,EA,95,1,8.435,8.44
BGI3,28/01/25,188,SI011933,Y,VS,3YS071,32673-CULT WASH-PL 1SER 300,32673,PACKING - CUTLERY WASHUP - POLISHING FIRST SERVICE,SER,EA,95,1,27.272,27.27
BGI3,28/01/25,188,SI011933,Y,VS,3YS072,33141-CULT WASH-PL 2SER 300,33141,PACKING - CUTLERY WASHUP - POLISHING SECOND SERVIC,SER,EA,95,1,18.363,18.36
BGI3,28/01/25,188,SI011933,Y,VS,3YS095,25127- CUTL WSH-POL A330,25127,PACKING - CUTLERY WASHUP - POLISHING - A330-300,SER,EA,95,1,54.402,54.4
BGI3,28/01/25,188,SI011933,Y,VS,FAN17,19382-MILK 100% [Y],19382,FULL FAT MILK - PINT,STO,EA,95,2,4.805,9.61
BGI3,28/01/25,188,SI011933,Y,VS,FAN18,19384- MILK 2% [Y],19384,SEMI SKIMMED MILK - PINT,STO,EA,95,4,4.805,19.22
BGI3,28/01/25,188,SI011933,Y,VS,FAN19,7042-LEMON HALVES [Y],7042,LIME WEDGES,FOO,EA,95,4,5.125,20.5
BGI3,28/01/25,188,SI011933,Y,VS,FAN20,19380- WET ICE [6LB BAG] [Y],19380,WET ICE,WET,EA,95,4,2.942,11.77
BGI3,28/01/25,188,SI011933,Y,VS,YBE11,174148-BREAKFAST BOX,174148,,,EA,95,84,8.412,706.61
BGI3,28/01/25,188,SI011933,Y,VS,YBE24,LO6953-OTIS SPUNKMEYER MUFFIN,LO6953,OTIS SPUNKMEYER MUFFIN,FOO,EA,95,84,1.872,157.25
BGI3,28/01/25,188,SI011933,Y,VS,YDE116,LO7778 - RO CHIX W PEPPERCORN,LO7778,ROASTED CHIX PEPPER SAU MASHED POTATO VEG,FOO,EA,95,59,8.748,516.13
BGI3,28/01/25,188,SI011933,Y,VS,YDE117,LO7779 - MAC PIE W TOM SAUCE,LO7779,MACARONI PIE TOMATO ROSE CREAMY SAUCE,FOO,EA,95,25,5.378,134.45
BGI3,28/01/25,188,SI011933,Y,VS,YDT30,LO2623 - MAIN MEAL TRAY SET UP,LO2623,TRAY SET UP,SER,EA,95,84,8.72,732.48
BGI3,28/01/25,188,SI011933,Y,VS,YPAX03,23240- PER PASSENGER CHARGE[Y],23240,OVERHEAD - Y PAX OVERHEAD - PER PAX,SER,EA,95,93,13.856,1288.61
BGI3,28/01/25,188,SI011933,YC,VS,2CE069, COCO CURRY,LO8708,WILD RICE COCONUT CURRY SAUCE VEG,FOO,EA,12,3,6.438,19.31
BGI3,28/01/25,188,SI011933,YC,VS,2CE070,LO8709 - GARLIC MASH CHIX THIG,LO8709,GARLIC MASH SEARED CHIX GREEN PEPPERCORN SAUCE,FOO,EA,12,3,10.838,32.51
BGI3,28/01/25,188,SI011933,YC,VS,2CE071,LO8710 - MAHI W GARL ORZO PAS,LO8710,SEARED MAHI ORZO PASTA CREOLE SAUCE VEG,FOO,EA,12,2,12.378,24.76
BGI3,28/01/25,188,SI011933,YC,VS,2CE072,LO8711 - PORKLOIN W PO GRATIN,LO8711,SEARED PORK POTATO GRATIN VEG,FOO,EA,12,2,13.84,27.68
BGI3,28/01/25,188,SI011933,YC,VS,2CE073,LO8712 - CHEESE RAVIOLI,LO8712,CHEESE RAVIOLI,FOO,EA,12,2,8.718,17.44
BGI3,28/01/25,188,SI011933,YC,VS,2CFF11,LO4110-WHOLE FRUIT 1,LO4110,SEASONAL WHOLE FRUIT OPTION 1,FOO,EA,12,6,4.622,27.73
BGI3,28/01/25,188,SI011933,YC,VS,2CFF12,LO4111-WHOLE FRUIT 2,LO4111,SEASONAL WHOLE FRUIT OPT 2,FOO,EA,12,6,4.622,27.73
BGI3,28/01/25,188,SI011933,YC,VS,2CFS44,LO5113- EGG SALAD SANDWICH,LO5113,EGG SALAD SANDWICH,FOO,EA,12,3,5.374,16.12
BGI3,28/01/25,188,SI011933,YC,VS,2CFS45,LO5115- TUNASALAD SANDWICH,LO5115,TUNA SALAD SANDWICH,FOO,EA,12,2,6.734,13.47
BGI3,28/01/25,188,SI011933,YC,VS,2CFS49,LO5119- BAP - STREAKY BACON,LO5119,SCOTTISH BAP WITH BACON,FOO,EA,12,4,4.866,19.46
BGI3,28/01/25,188,SI011933,YC,VS,2CFS52,LO5368- PLAIN BAGEL -PC CR CH,LO5368,PLAIN BAGEL WITH PC CREAM CHEESE,FOO,EA,12,4,4.086,16.34
BGI3,28/01/25,188,SI011933,YC,VS,2CFS77,LO8713 - HAM SANDWICH,LO8713,HAM SANDWICH,FOO,EA,12,3,7.734,23.2
BGI3,28/01/25,188,SI011933,YC,VS,2CFS78,LO8714 - CHEESE TOMATO WRAP,LO8714,CHEESE TOMATO CUCUMBER WRAP,FOO,EA,12,2,6.694,13.39
BGI3,28/01/25,188,SI011933,YC,VS,2CFS79,LO8715 - CHICKEN CHEESE BAGEL,LO8715,CHICKEN AND CHEESE BAGEL,FOO,EA,12,2,5.014,10.03
BGI3,28/01/25,188,SI011933,YC,VS,2CFS80,LO8716 - TURKEY SANDWICH,LO8716,TURKEY SANDWICH,FOO,EA,12,4,7.896,31.58
BGI3,28/01/25,188,SI011933,YC,VS,2CFS81, CHUTNE,LO8718,TILLAMOOK CHEESE CARR TROPICAL CHUTNEY,FOO,EA,12,6,6.788,40.73
BGI3,28/01/25,188,SI011933,YC,VS,2CFS82,LO8717 - PROTEIN POT W OLIVES,LO8717,PUMPKIN HUMMUS C CHEESE BLACK OLIVES PITTA BREAD T,FOO,EA,12,6,6.904,41.42
BGI3,28/01/25,188,SI011933,YC,VS,CPAX02,28728- C CREW SVC CHARGE,28728,OVERHEAD - CC OVERHEAD - PER PAX,SER,EA,12,12,25.48,305.76
BGI3,28/01/25,188A,SI011931,F,VS,FPAX06,F PAX CHG SHUTTLE,23234ISLAND,OVERHEAD - J INTERISLAND OVERHEAD - PER PAX,SER,EA,26,26,0.831,21.61
BGI3,28/01/25,188A,SI011931,F,VS,JSN04,LO7128 - ORIGINAL SHIRLEY,LO7128,ORIGINAL SHIRLEY BISCUIT,STO,EA,26,26,1.096,28.5
BGI3,28/01/25,188A,SI011931,J,VS,JPAX03,J PAX CHG SHUTTLE,23237ISLAND,OVERHEAD - W INTERISLAND OVERHEAD - PER PAX,SER,EA,39,39,0.831,32.41
BGI3,28/01/25,188A,SI011931,J,VS,JSN05,LO7135 - ORIGINAL SHIRLEY,LO7135,ORIGINAL SHIRLEY BISCUIT,STO,EA,39,39,1.096,42.74
BGI3,28/01/25,188A,SI011931,Y,VS,JSN06,LO7138 - ORIGINAL SHIRLEY,LO7138,ORIGINAL SHIRLEY BISCUIT,STO,EA,77,77,1.096,84.39
BGI3,28/01/25,188A,SI011931,Y,VS,YPAX04,Y PAX CHG SHUTTLE,23240ISLAND,OVERHEAD - Y INTERISLAND OVERHEAD - PER PAX,SER,EA,77,77,0.831,63.99
BGI3,28/01/25,188A,SI011931,YC,VS,FAN35,WATER 1.5LT,LO2664,INTERISLAND 1.5 LTR WATER,STO,EA,12,12,2.36,28.32
BGI3,29/01/25,197,SI011934,F,VS,FPAX06,F PAX CHG SHUTTLE,23234ISLAND,OVERHEAD - J INTERISLAND OVERHEAD - PER PAX,SER,EA,14,14,0.831,11.63
BGI3,29/01/25,197,SI011934,F,VS,JSN04,LO7128 - ORIGINAL SHIRLEY,LO7128,ORIGINAL SHIRLEY BISCUIT,STO,EA,14,14,1.096,15.34
BGI3,29/01/25,197,SI011934,J,VS,JPAX03,J PAX CHG SHUTTLE,23237ISLAND,OVERHEAD - W INTERISLAND OVERHEAD - PER PAX,SER,EA,19,19,0.831,15.79
BGI3,29/01/25,197,SI011934,J,VS,JSN05,LO7135 - ORIGINAL SHIRLEY,LO7135,ORIGINAL SHIRLEY BISCUIT,STO,EA,19,19,1.096,20.82
BGI3,29/01/25,197,SI011934,Y,VS,3YS035,145991-TRANS.- HANDLING 33J,145991,TURNAROUND - STRIP - LOAD - A330-300 - 3 FLIGHTS,SER,EA,83,1,483.897,483.9
BGI3,29/01/25,197,SI011934,Y,VS,FAN35,WATER 1.5LT,LO2664,INTERISLAND 1.5 LTR WATER,STO,EA,83,18,2.36,42.48
BGI3,29/01/25,197,SI011934,Y,VS,FAN36,ORANGE JUICE 1LT,3354,BEVERAGE- ORANGE JUICE - 1 LT,STO,EA,83,5,2.124,10.62
BGI3,29/01/25,197,SI011934,Y,VS,JSN06,LO7138 - ORIGINAL SHIRLEY,LO7138,ORIGINAL SHIRLEY BISCUIT,STO,EA,83,83,1.096,90.97
BGI3,29/01/25,197,SI011934,Y,VS,YPAX04,Y PAX CHG SHUTTLE,23240ISLAND,OVERHEAD - Y INTERISLAND OVERHEAD - PER PAX,SER,EA,83,83,0.831,68.97
BGI3,29/01/25,197,SI011934,YC,VS,2CFF12,LO4111-WHOLE FRUIT 2,LO4111,SEASONAL WHOLE FRUIT OPT 2,FOO,EA,12,5,4.622,23.11
BGI3,29/01/25,197,SI011934,YC,VS,2CFF13,LO4268 - WHOLE FRUIT 1,LO4268,SEASONAL WHOLE FRUIT OPT 1,FOO,EA,12,7,4.662,32.63
BGI3,29/01/25,197,SI011934,YC,VS,2CFS55,LO6303 - TUNA SANDWICH,LO6303,TUNA SANDWICH,FOO,EA,12,5,6.734,33.67
BGI3,29/01/25,197,SI011934,YC,VS,2CFS83,LO7721 - EGG SANDWICH,LO7721,EGG SALAD SANDWICH,FOO,EA,12,7,5.374,37.62
BGI3,29/01/25,197,SI011934,YC,VS,CPAX04,C PAX CHG SHUTTLE,28728,OVERHEAD - CC OVERHEAD - PER PAX,SER,EA,12,12,22.261,267.13
BGI3,29/01/25,197,SI011934,YC,VS,FAN37,LO2664 - CREW WATER 1.5 LT,LO2664,INTERISLAND 1.5 LTR WATER,STO,EA,12,12,2.272,27.26
BGI3,29/01/25,197,SI011934,YC,VS,JSN07,LO7722 - ORIG SHIRLEY CREW,LO7722,ORIGINAL SHIRLEY BISCUIT,STO,EA,12,12,1.096,13.15
BGI3,29/01/25,198,SI011938,F,VS,1FNL01,SP124546- NLML [F/C],SP124546,NLML,FOO,EA,31,1,31.461,31.46
BGI3,29/01/25,198,SI011938,F,VS,1POMML,SP170100 - OMML,SP170100,OMML,FOO,EA,31,2,9.162,18.32
BGI3,29/01/25,198,SI011938,F,VS,1POTML,SP170102 - OTML,SP170102,OTML,FOO,EA,31,2,9.48,18.96
BGI3,29/01/25,198,SI011938,F,VS,1POUML,SP173624 - OUML,SP173624,OUML,FOO,EA,31,2,12.36,24.72
BGI3,29/01/25,198,SI011938,F,VS,FAN12,19381- MILK 100%,19381,FULL FAT MILK - PINT,STO,EA,31,4,4.805,19.22
BGI3,29/01/25,198,SI011938,F,VS,FAN13,19383- MILK 2%,19383,SEMI SKIMMED MILK - PINT,STO,EA,31,2,4.805,9.61
BGI3,29/01/25,198,SI011938,F,VS,FAN14,19385-LEMON HALVES,19385,LEMON WEDGES,FOO,EA,31,2,5.125,10.25
BGI3,29/01/25,198,SI011938,F,VS,FAN21,19379-WET ICE[6LB BAG],19379,WET ICE,WET,EA,31,4,2.942,11.77
BGI3,29/01/25,198,SI011938,F,VS,FAN23,LO7607-CUCUMBER SLICES,LO7607,CUCUMBER SLICES,FOO,EA,31,1,7.686,7.69
BGI3,29/01/25,198,SI011938,F,VS,FAN30,7041- LIME WEDGES,7041,LIME WEDGES,FOO,EA,31,2,4.78,9.56
BGI3,29/01/25,198,SI011938,F,VS,FAN33,23212 - BULK EQUIPMENT,23212,BULK EQUIPMENT,EQU,EA,31,27,1.779,48.03
BGI3,29/01/25,198,SI011938,F,VS,FBD91,LO7757 -WHOLE WHEAT - FLAXSEED,LO7757,WHOLE WHEAT - FLAXSEED KNOT ROLL,FOO,EA,31,15,2.446,36.69
BGI3,29/01/25,198,SI011938,F,VS,FBD92,LO7758 -BLACK OLIVE - GAR ROLL,LO7758,BLACK OLIVE AND GARLIC ROLL,FOO,EA,31,15,2.516,37.74
BGI3,29/01/25,198,SI011938,F,VS,FBD93,LO7759 -CHEDDAR - ONION ROLL,LO7759,CHEDDAR CHEESE AND ONION ROLL,FOO,EA,31,15,2.446,36.69
BGI3,29/01/25,198,SI011938,F,VS,FBT14,LO7770- FRUIT PLATE,LO7770,FRUIT PLATE,FOO,EA,31,15,6.598,98.97
BGI3,29/01/25,198,SI011938,F,VS,FBT16,LO7126 - PLAIN GREEK YOGH FULL,LO7126,PLAIN GREEK YOGHURT - 907 GRAMS,STO,EA,31,1,13.612,13.61
BGI3,29/01/25,198,SI011938,F,VS,FBT17,LO7127- GRANOLA FULL,LO7127,GRANOLA WHOLE GRAIN - 360 GRAMS,STO,EA,31,1,16.562,16.56
BGI3,29/01/25,198,SI011938,F,VS,FBT18,LO7771 - BANANA MUFFIN,LO7771,BANANA MUFFIN,FOO,EA,31,15,3.272,49.08
BGI3,29/01/25,198,SI011938,F,VS,FCE155,LO7764 -HERB CHIX W POT GRATIN,LO7764,HERBED CHIX POTATO GRATIN CORN AND PEPPER,FOO,EA,31,10,12.582,125.82
BGI3,29/01/25,198,SI011938,F,VS,FCE156,LO7765 - MAHI MAHI W WILD RICE,LO7765,SPICED MAHI TURMERIC WILD RICE COCONUT CURRY,FOO,EA,31,7,14.292,100.04
BGI3,29/01/25,198,SI011938,F,VS,FCE157,LO7766 - VEG LASAGNA,LO7766,VEGETABLE LASGNA DUO SCALES,FOO,EA,31,4,12.42,49.68
BGI3,29/01/25,198,SI011938,F,VS,FCF16,LO5500- PICK YOUR OWN,LO5500,CARIBBEAN FRUIT WHOLE [ASSORTED],FOO,EA,31,1,26.288,26.29
BGI3,29/01/25,198,SI011938,F,VS,FCS153,LO8803 - JERK PORK SATAYS,LO8803,,,EA,31,15,6.072,91.08
BGI3,29/01/25,198,SI011938,F,VS,FCS154,LO8804 - PUMKIN HUMMUS,LO8804,,,EA,31,18,5.176,93.17
BGI3,29/01/25,198,SI011938,F,VS,FDD106,LO7762 -SAVOURY CHEESE PLATE,LO7762,STILTON CHEEDAR GOAT GRAPE CHUTNEY,FOO,EA,31,18,7.53,135.54
BGI3,29/01/25,198,SI011938,F,VS,FDD108,LO8805 - DOUBLE CHOC CHE CAKE,LO8805,,,EA,31,12,5.38,64.56
BGI3,29/01/25,198,SI011938,F,VS,FDD109,LO8806 - CARAMEL - PUMKIN BREA,LO8806,,,EA,31,15,4.83,72.45
BGI3,29/01/25,198,SI011938,F,VS,FDT007,LO4801- BUTTER,LO4801,BUTTER [PIPED] BULK LOAED,FOO,EA,31,30,1.042,31.26
BGI3,29/01/25,198,SI011938,F,VS,FHB69,LO4240-BACON BAP,LO4240,BACON BAP,FOO,EA,31,11,5.18,56.98
BGI3,29/01/25,198,SI011938,F,VS,FHB83,LO7767 -SCRAM EGG BB SAUS,LO7767,SCRAMBLE EGGS BACK BACON SAUSAGE BAKED BEANS,FOO,EA,31,15,9.72,145.8
BGI3,29/01/25,198,SI011938,F,VS,FHB84,LO7768 - PEPP - CHEE OMELETTE,LO7768,PEPPER AND CHEESE OMELETTE SPINACH SWEET POTATO,FOO,EA,31,4,7.85,31.4
BGI3,29/01/25,198,SI011938,F,VS,FHB85,LO7769 - CHOCO CHIP PANCAKE,LO7769,CHOCOLATE CHIP PANCAKESPICED PINEAPPLE AND BERRY C,FOO,EA,31,6,6.31,37.86
BGI3,29/01/25,198,SI011938,F,VS,FPAX04,23234-PER PASSENGER CHARGE,23234,OVERHEAD - J PAX OVERHEAD - PER PAX,SER,EA,31,27,36.774,992.9
BGI3,29/01/25,198,SI011938,J,VS,1JAV01,SP124622 - AVML [J/C],SP124622,AVML,FOO,EA,48,2,15.115,30.23
BGI3,29/01/25,198,SI011938,J,VS,1PWAM2,SP170105 - WAM2,SP170105,WAML,FOO,EA,48,20,8.69,173.8
BGI3,29/01/25,198,SI011938,J,VS,1PWBM2,SP170106 - WBM2,SP170106,WBML,FOO,EA,48,2,11.298,22.6
BGI3,29/01/25,198,SI011938,J,VS,1PWCM2,SP170107 - WCM2,SP170107,WCML,FOO,EA,48,4,7.248,28.99
BGI3,29/01/25,198,SI011938,J,VS,JBE41, PORK SAUG,LO7775,SCRAMBLE EGG PORK SAUSAGE BACK BACON BAKED BEANS,FOO,EA,48,23,6.378,146.69
BGI3,29/01/25,198,SI011938,J,VS,JBE42,LO7776 -EGG - VEG FRITATTA,LO7776,EGG - VEGETABLE FRITATTA SWEET POTATO BLISTERED CH,FOO,EA,48,9,7.518,67.66
BGI3,29/01/25,198,SI011938,J,VS,JBE43,LO7777 -CHOC CHIP PANCAKES,LO7777,CHOCOLATE CHIP PANCAKE CARMALIZED PINEAPPLE AND BE,FOO,EA,48,14,5.378,75.29
BGI3,29/01/25,198,SI011938,J,VS,JCE119,LO7772 -CREOLE CHIX W GAR ORZO,LO7772,SEARED CHIX CREOLE SAUCE GARLIZ ORZO,FOO,EA,48,13,8.69,112.97
BGI3,29/01/25,198,SI011938,J,VS,JCE121,LO7773 -MAHI MAHI W MAS POT,LO7773,SEARED MAHI GARLIC MASH BLISTETED TOMATO,FOO,EA,48,6,11.298,67.79
BGI3,29/01/25,198,SI011938,J,VS,JCE122,LO7774-WILD RICE COCO CURRY,LO7774,WILD RICE COCONUT CURRY SAUCE FRIED PLANTAIN,FOO,EA,48,4,7.248,28.99
BGI3,29/01/25,198,SI011938,J,VS,JDT33,LO2622- TRAY SET MM,LO2622,TRAY SET UP,SER,EA,48,46,16.138,742.35
BGI3,29/01/25,198,SI011938,J,VS,JPAX02,23237-PER PASSENGER CHARGE,23237,OVERHEAD - W PAX OVERHEAD - PER PAX,SER,EA,48,45,16.939,762.26
BGI3,29/01/25,198,SI011938,Y,VS,1YAV01,SP124700- AVML [Y/C],SP124700,AVML,FOO,EA,127,1,15.115,15.12
BGI3,29/01/25,198,SI011938,Y,VS,1YDB01,SP124707 - DBML [Y/C],SP124707,DBML,FOO,EA,127,3,22.504,67.51
BGI3,29/01/25,198,SI011938,Y,VS,1YGF01,SP124706 - GFML [Y/C],SP124706,GFML,FOO,EA,127,1,22.504,22.5
BGI3,29/01/25,198,SI011938,Y,VS,1YMO01,SP124702 - MOML [Y/C],SP124702,MOML,FOO,EA,127,1,12.154,12.15
BGI3,29/01/25,198,SI011938,Y,VS,1YVG01,SP124699- VGML [Y/C],SP124699,VGML,FOO,EA,127,1,14.694,14.69
BGI3,29/01/25,198,SI011938,Y,VS,1YVL01,SP124698- VLML [Y/C],SP124698,VLML,FOO,EA,127,2,12.154,24.31
BGI3,29/01/25,198,SI011938,Y,VS,3YDS01,3354- ORANGE JUICE-1LT,3354,BEVERAGES - ORANGE JUICE - 1 LT,STO,EA,127,29,2.124,61.6
BGI3,29/01/25,198,SI011938,Y,VS,3YDS02,3335-TOMATO JUICE 1LT,3335,BEVERAGES - TOMATO JUICE - 1 LT,STO,EA,127,1,4.057,4.06
BGI3,29/01/25,198,SI011938,Y,VS,3YDS03,3376-CRANBERRY JUICE,3376,BEVERAGES - CRANBERRY JUICE - 1 LT,STO,EA,127,2,5.101,10.2
BGI3,29/01/25,198,SI011938,Y,VS,3YDS04,3353-APPLE JUICE 1LTR,3353,BEVERAGES - APPLE JUICE - 1 LT,STO,EA,127,17,2.124,36.11
BGI3,29/01/25,198,SI011938,Y,VS,3YDS06,3476-MINERAL WATER 1.5LT,3476,BEVERAGES - MINERAL WATER STILL - 1 LT,STO,EA,127,48,2.36,113.28
BGI3,29/01/25,198,SI011938,Y,VS,3YDS07,33169-SPARKLING WATER 1LT,33169,BEVERAGES - MINERAL WATER SPARK - 1 LT,STO,EA,127,14,3.274,45.84
BGI3,29/01/25,198,SI011938,Y,VS,3YDS11,213774-PLASTIC BAG,213774,EQUIPMENT - BAG- PLASTIC BAG,EQU,EA,127,1,0.368,0.37
BGI3,29/01/25,198,SI011938,Y,VS,3YS022,ORANGE LINEN BAG,151383,LAUNDRY - BAG LINEN ORANGE 2014,LAU,EA,127,1,1.969,1.97
BGI3,29/01/25,198,SI011938,Y,VS,3YS023,LINEN TABLECLOTH,3526,LAUNDRY - TABLE CLOTH/RUNNER 2014,LAU,EA,127,33,0.652,21.52
BGI3,29/01/25,198,SI011938,Y,VS,3YS024,LINEN NAPKINS,3527,LAUNDRY - LINEN FOLDED NAPKIN 2014,LAU,EA,127,31,0.522,16.18
BGI3,29/01/25,198,SI011938,Y,VS,3YS032,145995-EQUIP PK - STORES 300,145995,PACKING - FLIGHT PACKING - A330-300,SER,EA,127,1,167.95,167.95
BGI3,29/01/25,198,SI011938,Y,VS,3YS035,145991-TRANS.- HANDLING 33J,145991,TURNAROUND - STRIP - LOAD - A330-300 - 3 FLIGHTS,SER,EA,127,1,483.897,483.9
BGI3,29/01/25,198,SI011938,Y,VS,3YS036,145994- WASH UP A330-300,145994,WASH UP - WASH UP - A330-900,SER,EA,127,1,404.383,404.38
BGI3,29/01/25,198,SI011938,Y,VS,3YS038,17.5% VAT ON LAUNDRY CHRG 33J,51069SALE,SALES TAX - LAUNDRY,VAT,EA,127,1,10.961,10.96
BGI3,29/01/25,198,SI011938,Y,VS,3YS063,25137-CUTLERY WRAP 1ST SERV 33,25137,PACKING - CUTLERY WRAPPING FIRST SERVICE - A330-30,SER,EA,127,1,8.435,8.44
BGI3,29/01/25,198,SI011938,Y,VS,3YS064,33819-CUTLERY WRAP 2ND SERV 33,33819,PACKING - CUTLERY WRAPPING SECOND SERVICE - A330-3,SER,EA,127,1,8.435,8.44
BGI3,29/01/25,198,SI011938,Y,VS,3YS071,32673-CULT WASH-PL 1SER 300,32673,PACKING - CUTLERY WASHUP - POLISHING FIRST SERVICE,SER,EA,127,1,27.272,27.27
BGI3,29/01/25,198,SI011938,Y,VS,3YS072,33141-CULT WASH-PL 2SER 300,33141,PACKING - CUTLERY WASHUP - POLISHING SECOND SERVIC,SER,EA,127,1,18.363,18.36
BGI3,29/01/25,198,SI011938,Y,VS,3YS095,25127- CUTL WSH-POL A330,25127,PACKING - CUTLERY WASHUP - POLISHING - A330-300,SER,EA,127,1,54.402,54.4
BGI3,29/01/25,198,SI011938,Y,VS,FAN17,19382-MILK 100% [Y],19382,FULL FAT MILK - PINT,STO,EA,127,2,4.805,9.61
BGI3,29/01/25,198,SI011938,Y,VS,FAN18,19384- MILK 2% [Y],19384,SEMI SKIMMED MILK - PINT,STO,EA,127,4,4.805,19.22
BGI3,29/01/25,198,SI011938,Y,VS,FAN19,7042-LEMON HALVES [Y],7042,LIME WEDGES,FOO,EA,127,6,5.125,30.75
BGI3,29/01/25,198,SI011938,Y,VS,FAN20,19380- WET ICE [6LB BAG] [Y],19380,WET ICE,WET,EA,127,6,2.942,17.65
BGI3,29/01/25,198,SI011938,Y,VS,YBE11,174148-BREAKFAST BOX,174148,,,EA,127,118,8.412,992.62
BGI3,29/01/25,198,SI011938,Y,VS,YBE24,LO6953-OTIS SPUNKMEYER MUFFIN,LO6953,OTIS SPUNKMEYER MUFFIN,FOO,EA,127,118,1.872,220.9
BGI3,29/01/25,198,SI011938,Y,VS,YDE116,LO7778 - RO CHIX W PEPPERCORN,LO7778,ROASTED CHIX PEPPER SAU MASHED POTATO VEG,FOO,EA,127,83,8.748,726.08
BGI3,29/01/25,198,SI011938,Y,VS,YDE117,LO7779 - MAC PIE W TOM SAUCE,LO7779,MACARONI PIE TOMATO ROSE CREAMY SAUCE,FOO,EA,127,35,5.378,188.23
BGI3,29/01/25,198,SI011938,Y,VS,YDT30,LO2623 - MAIN MEAL TRAY SET UP,LO2623,TRAY SET UP,SER,EA,127,118,8.72,1028.96
BGI3,29/01/25,198,SI011938,Y,VS,YPAX03,23240- PER PASSENGER CHARGE[Y],23240,OVERHEAD - Y PAX OVERHEAD - PER PAX,SER,EA,127,123,13.856,1704.29
BGI3,29/01/25,198,SI011938,YC,VS,2CE069, COCO CURRY,LO8708,WILD RICE COCONUT CURRY SAUCE VEG,FOO,EA,12,3,6.438,19.31
BGI3,29/01/25,198,SI011938,YC,VS,2CE070,LO8709 - GARLIC MASH CHIX THIG,LO8709,GARLIC MASH SEARED CHIX GREEN PEPPERCORN SAUCE,FOO,EA,12,3,10.838,32.51
BGI3,29/01/25,198,SI011938,YC,VS,2CE071,LO8710 - MAHI W GARL ORZO PAS,LO8710,SEARED MAHI ORZO PASTA CREOLE SAUCE VEG,FOO,EA,12,2,12.378,24.76
BGI3,29/01/25,198,SI011938,YC,VS,2CE072,LO8711 - PORKLOIN W PO GRATIN,LO8711,SEARED PORK POTATO GRATIN VEG,FOO,EA,12,2,13.84,27.68
BGI3,29/01/25,198,SI011938,YC,VS,2CE073,LO8712 - CHEESE RAVIOLI,LO8712,CHEESE RAVIOLI,FOO,EA,12,2,8.718,17.44
BGI3,29/01/25,198,SI011938,YC,VS,2CFF11,LO4110-WHOLE FRUIT 1,LO4110,SEASONAL WHOLE FRUIT OPTION 1,FOO,EA,12,6,4.622,27.73
BGI3,29/01/25,198,SI011938,YC,VS,2CFF12,LO4111-WHOLE FRUIT 2,LO4111,SEASONAL WHOLE FRUIT OPT 2,FOO,EA,12,6,4.622,27.73
BGI3,29/01/25,198,SI011938,YC,VS,2CFS44,LO5113- EGG SALAD SANDWICH,LO5113,EGG SALAD SANDWICH,FOO,EA,12,3,5.374,16.12
BGI3,29/01/25,198,SI011938,YC,VS,2CFS45,LO5115- TUNASALAD SANDWICH,LO5115,TUNA SALAD SANDWICH,FOO,EA,12,2,6.734,13.47
BGI3,29/01/25,198,SI011938,YC,VS,2CFS49,LO5119- BAP - STREAKY BACON,LO5119,SCOTTISH BAP WITH BACON,FOO,EA,12,4,4.866,19.46
BGI3,29/01/25,198,SI011938,YC,VS,2CFS52,LO5368- PLAIN BAGEL -PC CR CH,LO5368,PLAIN BAGEL WITH PC CREAM CHEESE,FOO,EA,12,4,4.086,16.34
BGI3,29/01/25,198,SI011938,YC,VS,2CFS77,LO8713 - HAM SANDWICH,LO8713,HAM SANDWICH,FOO,EA,12,3,7.734,23.2
BGI3,29/01/25,198,SI011938,YC,VS,2CFS78,LO8714 - CHEESE TOMATO WRAP,LO8714,CHEESE TOMATO CUCUMBER WRAP,FOO,EA,12,2,6.694,13.39
BGI3,29/01/25,198,SI011938,YC,VS,2CFS79,LO8715 - CHICKEN CHEESE BAGEL,LO8715,CHICKEN AND CHEESE BAGEL,FOO,EA,12,2,5.014,10.03
BGI3,29/01/25,198,SI011938,YC,VS,2CFS80,LO8716 - TURKEY SANDWICH,LO8716,TURKEY SANDWICH,FOO,EA,12,4,7.896,31.58
BGI3,29/01/25,198,SI011938,YC,VS,2CFS81, CHUTNE,LO8718,TILLAMOOK CHEESE CARR TROPICAL CHUTNEY,FOO,EA,12,6,6.788,40.73
BGI3,29/01/25,198,SI011938,YC,VS,2CFS82,LO8717 - PROTEIN POT W OLIVES,LO8717,PUMPKIN HUMMUS C CHEESE BLACK OLIVES PITTA BREAD T,FOO,EA,12,6,6.904,41.42
BGI3,29/01/25,198,SI011938,YC,VS,CPAX02,28728- C CREW SVC CHARGE,28728,OVERHEAD - CC OVERHEAD - PER PAX,SER,EA,12,12,25.48,305.76
BGI3,29/01/25,78,SI011937,F,VS,1POAM2,SP170097 - OAML,SP170097,OAML,FOO,EA,31,1,12.582,12.58
BGI3,29/01/25,78,SI011937,F,VS,1POMML,SP170100 - OMML,SP170100,OMML,FOO,EA,31,2,9.162,18.32
BGI3,29/01/25,78,SI011937,F,VS,1POSML,SP170101 - OSML,SP170101,OSML,FOO,EA,31,1,10.91,10.91
BGI3,29/01/25,78,SI011937,F,VS,1POTML,SP170102 - OTML,SP170102,OTML,FOO,EA,31,2,9.48,18.96
BGI3,29/01/25,78,SI011937,F,VS,1POUML,SP173624 - OUML,SP173624,OUML,FOO,EA,31,1,12.36,12.36
BGI3,29/01/25,78,SI011937,F,VS,1POVML,SP173625 - OVML,SP173625,OVML,FOO,EA,31,1,10.63,10.63
BGI3,29/01/25,78,SI011937,F,VS,FAN12,19381- MILK 100%,19381,FULL FAT MILK - PINT,STO,EA,31,4,4.805,19.22
BGI3,29/01/25,78,SI011937,F,VS,FAN13,19383- MILK 2%,19383,SEMI SKIMMED MILK - PINT,STO,EA,31,2,4.805,9.61
BGI3,29/01/25,78,SI011937,F,VS,FAN14,19385-LEMON HALVES,19385,LEMON WEDGES,FOO,EA,31,2,5.125,10.25
BGI3,29/01/25,78,SI011937,F,VS,FAN21,19379-WET ICE[6LB BAG],19379,WET ICE,WET,EA,31,4,2.942,11.77
BGI3,29/01/25,78,SI011937,F,VS,FAN23,LO7607-CUCUMBER SLICES,LO7607,CUCUMBER SLICES,FOO,EA,31,1,7.686,7.69
BGI3,29/01/25,78,SI011937,F,VS,FAN30,7041- LIME WEDGES,7041,LIME WEDGES,FOO,EA,31,2,4.78,9.56
BGI3,29/01/25,78,SI011937,F,VS,FAN33,23212 - BULK EQUIPMENT,23212,BULK EQUIPMENT,EQU,EA,31,30,1.779,53.37
BGI3,29/01/25,78,SI011937,F,VS,FBD91,LO7757 -WHOLE WHEAT - FLAXSEED,LO7757,WHOLE WHEAT - FLAXSEED KNOT ROLL,FOO,EA,31,16,2.446,39.14
BGI3,29/01/25,78,SI011937,F,VS,FBD92,LO7758 -BLACK OLIVE - GAR ROLL,LO7758,BLACK OLIVE AND GARLIC ROLL,FOO,EA,31,16,2.516,40.26
BGI3,29/01/25,78,SI011937,F,VS,FBD93,LO7759 -CHEDDAR - ONION ROLL,LO7759,CHEDDAR CHEESE AND ONION ROLL,FOO,EA,31,15,2.446,36.69
BGI3,29/01/25,78,SI011937,F,VS,FBT14,LO7770- FRUIT PLATE,LO7770,FRUIT PLATE,FOO,EA,31,16,6.598,105.57
BGI3,29/01/25,78,SI011937,F,VS,FBT16,LO7126 - PLAIN GREEK YOGH FULL,LO7126,PLAIN GREEK YOGHURT - 907 GRAMS,STO,EA,31,1,13.612,13.61
BGI3,29/01/25,78,SI011937,F,VS,FBT17,LO7127- GRANOLA FULL,LO7127,GRANOLA WHOLE GRAIN - 360 GRAMS,STO,EA,31,1,16.562,16.56
BGI3,29/01/25,78,SI011937,F,VS,FBT18,LO7771 - BANANA MUFFIN,LO7771,BANANA MUFFIN,FOO,EA,31,16,3.272,52.35
BGI3,29/01/25,78,SI011937,F,VS,FCE155,LO7764 -HERB CHIX W POT GRATIN,LO7764,HERBED CHIX POTATO GRATIN CORN AND PEPPER,FOO,EA,31,12,12.582,150.98
BGI3,29/01/25,78,SI011937,F,VS,FCE156,LO7765 - MAHI MAHI W WILD RICE,LO7765,SPICED MAHI TURMERIC WILD RICE COCONUT CURRY,FOO,EA,31,7,14.292,100.04
BGI3,29/01/25,78,SI011937,F,VS,FCE157,LO7766 - VEG LASAGNA,LO7766,VEGETABLE LASGNA DUO SCALES,FOO,EA,31,4,12.42,49.68
BGI3,29/01/25,78,SI011937,F,VS,FCF16,LO5500- PICK YOUR OWN,LO5500,CARIBBEAN FRUIT WHOLE [ASSORTED],FOO,EA,31,1,26.288,26.29
BGI3,29/01/25,78,SI011937,F,VS,FCS153,LO8803 - JERK PORK SATAYS,LO8803,,,EA,31,16,6.072,97.15
BGI3,29/01/25,78,SI011937,F,VS,FCS154,LO8804 - PUMKIN HUMMUS,LO8804,,,EA,31,18,5.176,93.17
BGI3,29/01/25,78,SI011937,F,VS,FDD106,LO7762 -SAVOURY CHEESE PLATE,LO7762,STILTON CHEEDAR GOAT GRAPE CHUTNEY,FOO,EA,31,19,7.53,143.07
BGI3,29/01/25,78,SI011937,F,VS,FDD108,LO8805 - DOUBLE CHOC CHE CAKE,LO8805,,,EA,31,12,5.38,64.56
BGI3,29/01/25,78,SI011937,F,VS,FDD109,LO8806 - CARAMEL - PUMKIN BREA,LO8806,,,EA,31,16,4.83,77.28
BGI3,29/01/25,78,SI011937,F,VS,FDT007,LO4801- BUTTER,LO4801,BUTTER [PIPED] BULK LOAED,FOO,EA,31,31,1.042,32.3
BGI3,29/01/25,78,SI011937,F,VS,FHB69,LO4240-BACON BAP,LO4240,BACON BAP,FOO,EA,31,6,5.18,31.08
BGI3,29/01/25,78,SI011937,F,VS,FHB83,LO7767 -SCRAM EGG BB SAUS,LO7767,SCRAMBLE EGGS BACK BACON SAUSAGE BAKED BEANS,FOO,EA,31,16,9.72,155.52
BGI3,29/01/25,78,SI011937,F,VS,FHB84,LO7768 - PEPP - CHEE OMELETTE,LO7768,PEPPER AND CHEESE OMELETTE SPINACH SWEET POTATO,FOO,EA,31,6,7.85,47.1
BGI3,29/01/25,78,SI011937,F,VS,FHB85,LO7769 - CHOCO CHIP PANCAKE,LO7769,CHOCOLATE CHIP PANCAKESPICED PINEAPPLE AND BERRY C,FOO,EA,31,9,6.31,56.79
BGI3,29/01/25,78,SI011937,F,VS,FPAX04,23234-PER PASSENGER CHARGE,23234,OVERHEAD - J PAX OVERHEAD - PER PAX,SER,EA,31,30,36.774,1103.22
BGI3,29/01/25,78,SI011937,J,VS,1JAV01,SP124622 - AVML [J/C],SP124622,AVML,FOO,EA,48,2,15.115,30.23
BGI3,29/01/25,78,SI011937,J,VS,1PWAM2,SP170105 - WAM2,SP170105,WAML,FOO,EA,48,15,8.69,130.35
BGI3,29/01/25,78,SI011937,J,VS,1PWBM2,SP170106 - WBM2,SP170106,WBML,FOO,EA,48,3,11.298,33.89
BGI3,29/01/25,78,SI011937,J,VS,1PWCM2,SP170107 - WCM2,SP170107,WCML,FOO,EA,48,1,7.248,7.25
BGI3,29/01/25,78,SI011937,J,VS,JBE41, PORK SAUG,LO7775,SCRAMBLE EGG PORK SAUSAGE BACK BACON BAKED BEANS,FOO,EA,48,23,6.378,146.69
BGI3,29/01/25,78,SI011937,J,VS,JBE42,LO7776 -EGG - VEG FRITATTA,LO7776,EGG - VEGETABLE FRITATTA SWEET POTATO BLISTERED CH,FOO,EA,48,9,7.518,67.66
BGI3,29/01/25,78,SI011937,J,VS,JBE43,LO7777 -CHOC CHIP PANCAKES,LO7777,CHOCOLATE CHIP PANCAKE CARMALIZED PINEAPPLE AND BE,FOO,EA,48,14,5.378,75.29
BGI3,29/01/25,78,SI011937,J,VS,JCE119,LO7772 -CREOLE CHIX W GAR ORZO,LO7772,SEARED CHIX CREOLE SAUCE GARLIZ ORZO,FOO,EA,48,18,8.69,156.42
BGI3,29/01/25,78,SI011937,J,VS,JCE121,LO7773 -MAHI MAHI W MAS POT,LO7773,SEARED MAHI GARLIC MASH BLISTETED TOMATO,FOO,EA,48,8,11.298,90.38
BGI3,29/01/25,78,SI011937,J,VS,JCE122,LO7774-WILD RICE COCO CURRY,LO7774,WILD RICE COCONUT CURRY SAUCE FRIED PLANTAIN,FOO,EA,48,5,7.248,36.24
BGI3,29/01/25,78,SI011937,J,VS,JDT33,LO2622- TRAY SET MM,LO2622,TRAY SET UP,SER,EA,48,46,16.138,742.35
BGI3,29/01/25,78,SI011937,J,VS,JPAX02,23237-PER PASSENGER CHARGE,23237,OVERHEAD - W PAX OVERHEAD - PER PAX,SER,EA,48,48,16.939,813.07
BGI3,29/01/25,78,SI011937,Y,VS,1YCH04,SP124709- CHML [Y/C],SP124709,CHML,FOO,EA,153,1,14.622,14.62
BGI3,29/01/25,78,SI011937,Y,VS,1YVG01,SP124699- VGML [Y/C],SP124699,VGML,FOO,EA,153,2,14.694,29.39
BGI3,29/01/25,78,SI011937,Y,VS,1YVL01,SP124698- VLML [Y/C],SP124698,VLML,FOO,EA,153,2,12.154,24.31
BGI3,29/01/25,78,SI011937,Y,VS,3YDS01,3354- ORANGE JUICE-1LT,3354,BEVERAGES - ORANGE JUICE - 1 LT,STO,EA,153,29,2.124,61.6
BGI3,29/01/25,78,SI011937,Y,VS,3YDS02,3335-TOMATO JUICE 1LT,3335,BEVERAGES - TOMATO JUICE - 1 LT,STO,EA,153,1,4.057,4.06
BGI3,29/01/25,78,SI011937,Y,VS,3YDS03,3376-CRANBERRY JUICE,3376,BEVERAGES - CRANBERRY JUICE - 1 LT,STO,EA,153,2,5.101,10.2
BGI3,29/01/25,78,SI011937,Y,VS,3YDS04,3353-APPLE JUICE 1LTR,3353,BEVERAGES - APPLE JUICE - 1 LT,STO,EA,153,17,2.124,36.11
BGI3,29/01/25,78,SI011937,Y,VS,3YDS06,3476-MINERAL WATER 1.5LT,3476,BEVERAGES - MINERAL WATER STILL - 1 LT,STO,EA,153,48,2.36,113.28
BGI3,29/01/25,78,SI011937,Y,VS,3YDS07,33169-SPARKLING WATER 1LT,33169,BEVERAGES - MINERAL WATER SPARK - 1 LT,STO,EA,153,14,3.274,45.84
BGI3,29/01/25,78,SI011937,Y,VS,3YDS11,213774-PLASTIC BAG,213774,EQUIPMENT - BAG- PLASTIC BAG,EQU,EA,153,1,0.368,0.37
BGI3,29/01/25,78,SI011937,Y,VS,3YS022,ORANGE LINEN BAG,151383,LAUNDRY - BAG LINEN ORANGE 2014,LAU,EA,153,1,1.969,1.97
BGI3,29/01/25,78,SI011937,Y,VS,3YS023,LINEN TABLECLOTH,3526,LAUNDRY - TABLE CLOTH/RUNNER 2014,LAU,EA,153,33,0.652,21.52
BGI3,29/01/25,78,SI011937,Y,VS,3YS024,LINEN NAPKINS,3527,LAUNDRY - LINEN FOLDED NAPKIN 2014,LAU,EA,153,31,0.522,16.18
BGI3,29/01/25,78,SI011937,Y,VS,3YS032,145995-EQUIP PK - STORES 300,145995,PACKING - FLIGHT PACKING - A330-300,SER,EA,153,1,167.95,167.95
BGI3,29/01/25,78,SI011937,Y,VS,3YS035,145991-TRANS.- HANDLING 33J,145991,TURNAROUND - STRIP - LOAD - A330-300 - 3 FLIGHTS,SER,EA,153,1,483.897,483.9
BGI3,29/01/25,78,SI011937,Y,VS,3YS036,145994- WASH UP A330-300,145994,WASH UP - WASH UP - A330-900,SER,EA,153,1,404.383,404.38
BGI3,29/01/25,78,SI011937,Y,VS,3YS038,17.5% VAT ON LAUNDRY CHRG 33J,51069SALE,SALES TAX - LAUNDRY,VAT,EA,153,1,10.961,10.96
BGI3,29/01/25,78,SI011937,Y,VS,3YS063,25137-CUTLERY WRAP 1ST SERV 33,25137,PACKING - CUTLERY WRAPPING FIRST SERVICE - A330-30,SER,EA,153,1,8.435,8.44
BGI3,29/01/25,78,SI011937,Y,VS,3YS064,33819-CUTLERY WRAP 2ND SERV 33,33819,PACKING - CUTLERY WRAPPING SECOND SERVICE - A330-3,SER,EA,153,1,8.435,8.44
BGI3,29/01/25,78,SI011937,Y,VS,3YS071,32673-CULT WASH-PL 1SER 300,32673,PACKING - CUTLERY WASHUP - POLISHING FIRST SERVICE,SER,EA,153,1,27.272,27.27
BGI3,29/01/25,78,SI011937,Y,VS,3YS072,33141-CULT WASH-PL 2SER 300,33141,PACKING - CUTLERY WASHUP - POLISHING SECOND SERVIC,SER,EA,153,1,18.363,18.36
BGI3,29/01/25,78,SI011937,Y,VS,3YS095,25127- CUTL WSH-POL A330,25127,PACKING - CUTLERY WASHUP - POLISHING - A330-300,SER,EA,153,1,54.402,54.4
BGI3,29/01/25,78,SI011937,Y,VS,FAN17,19382-MILK 100% [Y],19382,FULL FAT MILK - PINT,STO,EA,153,2,4.805,9.61
BGI3,29/01/25,78,SI011937,Y,VS,FAN18,19384- MILK 2% [Y],19384,SEMI SKIMMED MILK - PINT,STO,EA,153,4,4.805,19.22
BGI3,29/01/25,78,SI011937,Y,VS,FAN19,7042-LEMON HALVES [Y],7042,LIME WEDGES,FOO,EA,153,7,5.125,35.88
BGI3,29/01/25,78,SI011937,Y,VS,FAN20,19380- WET ICE [6LB BAG] [Y],19380,WET ICE,WET,EA,153,7,2.942,20.59
BGI3,29/01/25,78,SI011937,Y,VS,YBE11,174148-BREAKFAST BOX,174148,,,EA,153,148,8.412,1244.98
BGI3,29/01/25,78,SI011937,Y,VS,YBE24,LO6953-OTIS SPUNKMEYER MUFFIN,LO6953,OTIS SPUNKMEYER MUFFIN,FOO,EA,153,148,1.872,277.06
BGI3,29/01/25,78,SI011937,Y,VS,YDE116,LO7778 - RO CHIX W PEPPERCORN,LO7778,ROASTED CHIX PEPPER SAU MASHED POTATO VEG,FOO,EA,153,104,8.748,909.79
BGI3,29/01/25,78,SI011937,Y,VS,YDE117,LO7779 - MAC PIE W TOM SAUCE,LO7779,MACARONI PIE TOMATO ROSE CREAMY SAUCE,FOO,EA,153,44,5.378,236.63
BGI3,29/01/25,78,SI011937,Y,VS,YDT30,LO2623 - MAIN MEAL TRAY SET UP,LO2623,TRAY SET UP,SER,EA,153,148,8.72,1290.56
BGI3,29/01/25,78,SI011937,Y,VS,YPAX03,23240- PER PASSENGER CHARGE[Y],23240,OVERHEAD - Y PAX OVERHEAD - PER PAX,SER,EA,153,149,13.856,2064.54
BGI3,29/01/25,78,SI011937,YC,VS,2CE069, COCO CURRY,LO8708,WILD RICE COCONUT CURRY SAUCE VEG,FOO,EA,12,3,6.438,19.31
BGI3,29/01/25,78,SI011937,YC,VS,2CE070,LO8709 - GARLIC MASH CHIX THIG,LO8709,GARLIC MASH SEARED CHIX GREEN PEPPERCORN SAUCE,FOO,EA,12,3,10.838,32.51
BGI3,29/01/25,78,SI011937,YC,VS,2CE071,LO8710 - MAHI W GARL ORZO PAS,LO8710,SEARED MAHI ORZO PASTA CREOLE SAUCE VEG,FOO,EA,12,2,12.378,24.76
BGI3,29/01/25,78,SI011937,YC,VS,2CE072,LO8711 - PORKLOIN W PO GRATIN,LO8711,SEARED PORK POTATO GRATIN VEG,FOO,EA,12,2,13.84,27.68
BGI3,29/01/25,78,SI011937,YC,VS,2CE073,LO8712 - CHEESE RAVIOLI,LO8712,CHEESE RAVIOLI,FOO,EA,12,2,8.718,17.44
BGI3,29/01/25,78,SI011937,YC,VS,2CFF11,LO4110-WHOLE FRUIT 1,LO4110,SEASONAL WHOLE FRUIT OPTION 1,FOO,EA,12,6,4.622,27.73
BGI3,29/01/25,78,SI011937,YC,VS,2CFF12,LO4111-WHOLE FRUIT 2,LO4111,SEASONAL WHOLE FRUIT OPT 2,FOO,EA,12,6,4.622,27.73
BGI3,29/01/25,78,SI011937,YC,VS,2CFS44,LO5113- EGG SALAD SANDWICH,LO5113,EGG SALAD SANDWICH,FOO,EA,12,3,5.374,16.12
BGI3,29/01/25,78,SI011937,YC,VS,2CFS45,LO5115- TUNASALAD SANDWICH,LO5115,TUNA SALAD SANDWICH,FOO,EA,12,2,6.734,13.47
BGI3,29/01/25,78,SI011937,YC,VS,2CFS49,LO5119- BAP - STREAKY BACON,LO5119,SCOTTISH BAP WITH BACON,FOO,EA,12,4,4.866,19.46
BGI3,29/01/25,78,SI011937,YC,VS,2CFS52,LO5368- PLAIN BAGEL -PC CR CH,LO5368,PLAIN BAGEL WITH PC CREAM CHEESE,FOO,EA,12,4,4.086,16.34
BGI3,29/01/25,78,SI011937,YC,VS,2CFS77,LO8713 - HAM SANDWICH,LO8713,HAM SANDWICH,FOO,EA,12,3,7.734,23.2
BGI3,29/01/25,78,SI011937,YC,VS,2CFS78,LO8714 - CHEESE TOMATO WRAP,LO8714,CHEESE TOMATO CUCUMBER WRAP,FOO,EA,12,2,6.694,13.39
BGI3,29/01/25,78,SI011937,YC,VS,2CFS79,LO8715 - CHICKEN CHEESE BAGEL,LO8715,CHICKEN AND CHEESE BAGEL,FOO,EA,12,2,5.014,10.03
BGI3,29/01/25,78,SI011937,YC,VS,2CFS80,LO8716 - TURKEY SANDWICH,LO8716,TURKEY SANDWICH,FOO,EA,12,4,7.896,31.58
BGI3,29/01/25,78,SI011937,YC,VS,2CFS81, CHUTNE,LO8718,TILLAMOOK CHEESE CARR TROPICAL CHUTNEY,FOO,EA,12,6,6.788,40.73
BGI3,29/01/25,78,SI011937,YC,VS,2CFS82,LO8717 - PROTEIN POT W OLIVES,LO8717,PUMPKIN HUMMUS C CHEESE BLACK OLIVES PITTA BREAD T,FOO,EA,12,6,6.904,41.42
BGI3,29/01/25,78,SI011937,YC,VS,CPAX02,28728- C CREW SVC CHARGE,28728,OVERHEAD - CC OVERHEAD - PER PAX,SER,EA,12,12,25.48,305.76
BGI3,29/01/25,132,SI011936,F,VS,1POAM2,SP170097 - OAML,SP170097,OAML,FOO,EA,42,4,12.582,50.33
BGI3,29/01/25,132,SI011936,F,VS,1POBM2,SP170098 - OBML,SP170098,OBML,FOO,EA,42,3,14.292,42.88
BGI3,29/01/25,132,SI011936,F,VS,1POTML,SP170102 - OTML,SP170102,OTML,FOO,EA,42,6,9.48,56.88
BGI3,29/01/25,132,SI011936,F,VS,1POUML,SP173624 - OUML,SP173624,OUML,FOO,EA,42,6,12.36,74.16
BGI3,29/01/25,132,SI011936,F,VS,FAN12,19381- MILK 100%,19381,FULL FAT MILK - PINT,STO,EA,42,5,4.805,24.03
BGI3,29/01/25,132,SI011936,F,VS,FAN13,19383- MILK 2%,19383,SEMI SKIMMED MILK - PINT,STO,EA,42,2,4.805,9.61
BGI3,29/01/25,132,SI011936,F,VS,FAN14,19385-LEMON HALVES,19385,LEMON WEDGES,FOO,EA,42,3,5.125,15.38
BGI3,29/01/25,132,SI011936,F,VS,FAN21,19379-WET ICE[6LB BAG],19379,WET ICE,WET,EA,42,6,2.942,17.65
BGI3,29/01/25,132,SI011936,F,VS,FAN23,LO7607-CUCUMBER SLICES,LO7607,CUCUMBER SLICES,FOO,EA,42,1,7.686,7.69
BGI3,29/01/25,132,SI011936,F,VS,FAN30,7041- LIME WEDGES,7041,LIME WEDGES,FOO,EA,42,2,4.78,9.56
BGI3,29/01/25,132,SI011936,F,VS,FAN33,23212 - BULK EQUIPMENT,23212,BULK EQUIPMENT,EQU,EA,42,42,1.779,74.72
BGI3,29/01/25,132,SI011936,F,VS,FBD91,LO7757 -WHOLE WHEAT - FLAXSEED,LO7757,WHOLE WHEAT - FLAXSEED KNOT ROLL,FOO,EA,42,22,2.446,53.81
BGI3,29/01/25,132,SI011936,F,VS,FBD92,LO7758 -BLACK OLIVE - GAR ROLL,LO7758,BLACK OLIVE AND GARLIC ROLL,FOO,EA,42,22,2.516,55.35
BGI3,29/01/25,132,SI011936,F,VS,FBD93,LO7759 -CHEDDAR - ONION ROLL,LO7759,CHEDDAR CHEESE AND ONION ROLL,FOO,EA,42,22,2.446,53.81
BGI3,29/01/25,132,SI011936,F,VS,FBT14,LO7770- FRUIT PLATE,LO7770,FRUIT PLATE,FOO,EA,42,22,6.598,145.16
BGI3,29/01/25,132,SI011936,F,VS,FBT16,LO7126 - PLAIN GREEK YOGH FULL,LO7126,PLAIN GREEK YOGHURT - 907 GRAMS,STO,EA,42,1,13.612,13.61
BGI3,29/01/25,132,SI011936,F,VS,FBT17,LO7127- GRANOLA FULL,LO7127,GRANOLA WHOLE GRAIN - 360 GRAMS,STO,EA,42,1,16.562,16.56
BGI3,29/01/25,132,SI011936,F,VS,FBT18,LO7771 - BANANA MUFFIN,LO7771,BANANA MUFFIN,FOO,EA,42,22,3.272,71.98
BGI3,29/01/25,132,SI011936,F,VS,FCE155,LO7764 -HERB CHIX W POT GRATIN,LO7764,HERBED CHIX POTATO GRATIN CORN AND PEPPER,FOO,EA,42,13,12.582,163.57
BGI3,29/01/25,132,SI011936,F,VS,FCE156,LO7765 - MAHI MAHI W WILD RICE,LO7765,SPICED MAHI TURMERIC WILD RICE COCONUT CURRY,FOO,EA,42,8,14.292,114.34
BGI3,29/01/25,132,SI011936,F,VS,FCE157,LO7766 - VEG LASAGNA,LO7766,VEGETABLE LASGNA DUO SCALES,FOO,EA,42,4,12.42,49.68
BGI3,29/01/25,132,SI011936,F,VS,FCF16,LO5500- PICK YOUR OWN,LO5500,CARIBBEAN FRUIT WHOLE [ASSORTED],FOO,EA,42,1,26.288,26.29
BGI3,29/01/25,132,SI011936,F,VS,FCS153,LO8803 - JERK PORK SATAYS,LO8803,,,EA,42,22,6.072,133.58
BGI3,29/01/25,132,SI011936,F,VS,FCS154,LO8804 - PUMKIN HUMMUS,LO8804,,,EA,42,26,5.176,134.58
BGI3,29/01/25,132,SI011936,F,VS,FDD106,LO7762 -SAVOURY CHEESE PLATE,LO7762,STILTON CHEEDAR GOAT GRAPE CHUTNEY,FOO,EA,42,26,7.53,195.78
BGI3,29/01/25,132,SI011936,F,VS,FDD108,LO8805 - DOUBLE CHOC CHE CAKE,LO8805,,,EA,42,18,5.38,96.84
BGI3,29/01/25,132,SI011936,F,VS,FDD109,LO8806 - CARAMEL - PUMKIN BREA,LO8806,,,EA,42,22,4.83,106.26
BGI3,29/01/25,132,SI011936,F,VS,FDT007,LO4801- BUTTER,LO4801,BUTTER [PIPED] BULK LOAED,FOO,EA,42,44,1.042,45.85
BGI3,29/01/25,132,SI011936,F,VS,FHB69,LO4240-BACON BAP,LO4240,BACON BAP,FOO,EA,42,15,5.18,77.7
BGI3,29/01/25,132,SI011936,F,VS,FHB83,LO7767 -SCRAM EGG BB SAUS,LO7767,SCRAMBLE EGGS BACK BACON SAUSAGE BAKED BEANS,FOO,EA,42,22,9.72,213.84
BGI3,29/01/25,132,SI011936,F,VS,FHB84,LO7768 - PEPP - CHEE OMELETTE,LO7768,PEPPER AND CHEESE OMELETTE SPINACH SWEET POTATO,FOO,EA,42,7,7.85,54.95
BGI3,29/01/25,132,SI011936,F,VS,FHB85,LO7769 - CHOCO CHIP PANCAKE,LO7769,CHOCOLATE CHIP PANCAKESPICED PINEAPPLE AND BERRY C,FOO,EA,42,9,6.31,56.79
BGI3,29/01/25,132,SI011936,F,VS,FPAX04,23234-PER PASSENGER CHARGE,23234,OVERHEAD - J PAX OVERHEAD - PER PAX,SER,EA,42,42,36.774,1544.51
BGI3,29/01/25,132,SI011936,J,VS,1JGF01,SP124628 - GFML [J/C],SP124628,GFML,FOO,EA,52,2,22.504,45.01
BGI3,29/01/25,132,SI011936,J,VS,1PWAM2,SP170105 - WAM2,SP170105,WAML,FOO,EA,52,30,8.69,260.7
BGI3,29/01/25,132,SI011936,J,VS,1PWBM2,SP170106 - WBM2,SP170106,WBML,FOO,EA,52,3,11.298,33.89
BGI3,29/01/25,132,SI011936,J,VS,1PWCM2,SP170107 - WCM2,SP170107,WCML,FOO,EA,52,3,7.248,21.74
BGI3,29/01/25,132,SI011936,J,VS,JBE41, PORK SAUG,LO7775,SCRAMBLE EGG PORK SAUSAGE BACK BACON BAKED BEANS,FOO,EA,52,26,6.378,165.83
BGI3,29/01/25,132,SI011936,J,VS,JBE42,LO7776 -EGG - VEG FRITATTA,LO7776,EGG - VEGETABLE FRITATTA SWEET POTATO BLISTERED CH,FOO,EA,52,10,7.518,75.18
BGI3,29/01/25,132,SI011936,J,VS,JBE43,LO7777 -CHOC CHIP PANCAKES,LO7777,CHOCOLATE CHIP PANCAKE CARMALIZED PINEAPPLE AND BE,FOO,EA,52,16,5.378,86.05
BGI3,29/01/25,132,SI011936,J,VS,JCE119,LO7772 -CREOLE CHIX W GAR ORZO,LO7772,SEARED CHIX CREOLE SAUCE GARLIZ ORZO,FOO,EA,52,10,8.69,86.9
BGI3,29/01/25,132,SI011936,J,VS,JCE121,LO7773 -MAHI MAHI W MAS POT,LO7773,SEARED MAHI GARLIC MASH BLISTETED TOMATO,FOO,EA,52,5,11.298,56.49
BGI3,29/01/25,132,SI011936,J,VS,JCE122,LO7774-WILD RICE COCO CURRY,LO7774,WILD RICE COCONUT CURRY SAUCE FRIED PLANTAIN,FOO,EA,52,3,7.248,21.74
BGI3,29/01/25,132,SI011936,J,VS,JDT33,LO2622- TRAY SET MM,LO2622,TRAY SET UP,SER,EA,52,52,16.138,839.18
BGI3,29/01/25,132,SI011936,J,VS,JPAX02,23237-PER PASSENGER CHARGE,23237,OVERHEAD - W PAX OVERHEAD - PER PAX,SER,EA,52,52,16.939,880.83
BGI3,29/01/25,132,SI011936,Y,VS,1YAV01,SP124700- AVML [Y/C],SP124700,AVML,FOO,EA,141,4,15.115,60.46
BGI3,29/01/25,132,SI011936,Y,VS,1YCH04,SP124709- CHML [Y/C],SP124709,CHML,FOO,EA,141,1,14.622,14.62
BGI3,29/01/25,132,SI011936,Y,VS,1YGF01,SP124706 - GFML [Y/C],SP124706,GFML,FOO,EA,141,3,22.504,67.51
BGI3,29/01/25,132,SI011936,Y,VS,1YHN01,SP124703 - HNML [Y/C],SP124703,HNML,FOO,EA,141,2,17.178,34.36
BGI3,29/01/25,132,SI011936,Y,VS,1YNL01,SP124712 - NLML [Y/C],SP124712,NLML,FOO,EA,141,1,22.504,22.5
BGI3,29/01/25,132,SI011936,Y,VS,1YVG01,SP124699- VGML [Y/C],SP124699,VGML,FOO,EA,141,5,14.694,73.47
BGI3,29/01/25,132,SI011936,Y,VS,1YVL01,SP124698- VLML [Y/C],SP124698,VLML,FOO,EA,141,3,12.154,36.46
BGI3,29/01/25,132,SI011936,Y,VS,3YDS01,3354- ORANGE JUICE-1LT,3354,BEVERAGES - ORANGE JUICE - 1 LT,STO,EA,141,27,2.124,57.35
BGI3,29/01/25,132,SI011936,Y,VS,3YDS02,3335-TOMATO JUICE 1LT,3335,BEVERAGES - TOMATO JUICE - 1 LT,STO,EA,141,5,4.057,20.29
BGI3,29/01/25,132,SI011936,Y,VS,3YDS03,3376-CRANBERRY JUICE,3376,BEVERAGES - CRANBERRY JUICE - 1 LT,STO,EA,141,1,5.101,5.1
BGI3,29/01/25,132,SI011936,Y,VS,3YDS04,3353-APPLE JUICE 1LTR,3353,BEVERAGES - APPLE JUICE - 1 LT,STO,EA,141,15,2.124,31.86
BGI3,29/01/25,132,SI011936,Y,VS,3YDS06,3476-MINERAL WATER 1.5LT,3476,BEVERAGES - MINERAL WATER STILL - 1 LT,STO,EA,141,98,2.36,231.28
BGI3,29/01/25,132,SI011936,Y,VS,3YDS07,33169-SPARKLING WATER 1LT,33169,BEVERAGES - MINERAL WATER SPARK - 1 LT,STO,EA,141,13,3.274,42.56
BGI3,29/01/25,132,SI011936,Y,VS,3YDS11,213774-PLASTIC BAG,213774,EQUIPMENT - BAG- PLASTIC BAG,EQU,EA,141,1,0.368,0.37
BGI3,29/01/25,132,SI011936,Y,VS,3YS022,ORANGE LINEN BAG,151383,LAUNDRY - BAG LINEN ORANGE 2014,LAU,EA,141,1,1.969,1.97
BGI3,29/01/25,132,SI011936,Y,VS,3YS024,LINEN NAPKINS,3527,LAUNDRY - LINEN FOLDED NAPKIN 2014,LAU,EA,141,44,0.522,22.97
BGI3,29/01/25,132,SI011936,Y,VS,3YS032,145995-EQUIP PK - STORES 300,145995,PACKING - FLIGHT PACKING - A330-300,SER,EA,141,1,167.95,167.95
BGI3,29/01/25,132,SI011936,Y,VS,3YS035,145991-TRANS.- HANDLING 33J,145991,TURNAROUND - STRIP - LOAD - A330-300 - 3 FLIGHTS,SER,EA,141,1,483.897,483.9
BGI3,29/01/25,132,SI011936,Y,VS,3YS036,145994- WASH UP A330-300,145994,WASH UP - WASH UP - A330-900,SER,EA,141,1,404.383,404.38
BGI3,29/01/25,132,SI011936,Y,VS,3YS038,17.5% VAT ON LAUNDRY CHRG 33J,51069SALE,SALES TAX - LAUNDRY,VAT,EA,141,1,10.961,10.96
BGI3,29/01/25,132,SI011936,Y,VS,3YS063,25137-CUTLERY WRAP 1ST SERV 33,25137,PACKING - CUTLERY WRAPPING FIRST SERVICE - A330-30,SER,EA,141,1,8.435,8.44
BGI3,29/01/25,132,SI011936,Y,VS,3YS064,33819-CUTLERY WRAP 2ND SERV 33,33819,PACKING - CUTLERY WRAPPING SECOND SERVICE - A330-3,SER,EA,141,1,8.435,8.44
BGI3,29/01/25,132,SI011936,Y,VS,3YS071,32673-CULT WASH-PL 1SER 300,32673,PACKING - CUTLERY WASHUP - POLISHING FIRST SERVICE,SER,EA,141,1,27.272,27.27
BGI3,29/01/25,132,SI011936,Y,VS,3YS072,33141-CULT WASH-PL 2SER 300,33141,PACKING - CUTLERY WASHUP - POLISHING SECOND SERVIC,SER,EA,141,1,18.363,18.36
BGI3,29/01/25,132,SI011936,Y,VS,3YS095,25127- CUTL WSH-POL A330,25127,PACKING - CUTLERY WASHUP - POLISHING - A330-300,SER,EA,141,1,54.402,54.4
BGI3,29/01/25,132,SI011936,Y,VS,FAN17,19382-MILK 100% [Y],19382,FULL FAT MILK - PINT,STO,EA,141,2,4.805,9.61
BGI3,29/01/25,132,SI011936,Y,VS,FAN18,19384- MILK 2% [Y],19384,SEMI SKIMMED MILK - PINT,STO,EA,141,4,4.805,19.22
BGI3,29/01/25,132,SI011936,Y,VS,FAN19,7042-LEMON HALVES [Y],7042,LIME WEDGES,FOO,EA,141,6,5.125,30.75
BGI3,29/01/25,132,SI011936,Y,VS,FAN20,19380- WET ICE [6LB BAG] [Y],19380,WET ICE,WET,EA,141,6,2.942,17.65
BGI3,29/01/25,132,SI011936,Y,VS,YBE11,174148-BREAKFAST BOX,174148,,,EA,141,122,8.412,1026.26
BGI3,29/01/25,132,SI011936,Y,VS,YBE24,LO6953-OTIS SPUNKMEYER MUFFIN,LO6953,OTIS SPUNKMEYER MUFFIN,FOO,EA,141,122,1.872,228.38
BGI3,29/01/25,132,SI011936,Y,VS,YDE116,LO7778 - RO CHIX W PEPPERCORN,LO7778,ROASTED CHIX PEPPER SAU MASHED POTATO VEG,FOO,EA,141,85,8.748,743.58
BGI3,29/01/25,132,SI011936,Y,VS,YDE117,LO7779 - MAC PIE W TOM SAUCE,LO7779,MACARONI PIE TOMATO ROSE CREAMY SAUCE,FOO,EA,141,37,5.378,198.99
BGI3,29/01/25,132,SI011936,Y,VS,YDT30,LO2623 - MAIN MEAL TRAY SET UP,LO2623,TRAY SET UP,SER,EA,141,122,8.72,1063.84
BGI3,29/01/25,132,SI011936,Y,VS,YPAX03,23240- PER PASSENGER CHARGE[Y],23240,OVERHEAD - Y PAX OVERHEAD - PER PAX,SER,EA,141,141,13.856,1953.7
BGI3,29/01/25,132,SI011936,YC,VS,2CE069, COCO CURRY,LO8708,WILD RICE COCONUT CURRY SAUCE VEG,FOO,EA,12,3,6.438,19.31
BGI3,29/01/25,132,SI011936,YC,VS,2CE070,LO8709 - GARLIC MASH CHIX THIG,LO8709,GARLIC MASH SEARED CHIX GREEN PEPPERCORN SAUCE,FOO,EA,12,3,10.838,32.51
BGI3,29/01/25,132,SI011936,YC,VS,2CE071,LO8710 - MAHI W GARL ORZO PAS,LO8710,SEARED MAHI ORZO PASTA CREOLE SAUCE VEG,FOO,EA,12,2,12.378,24.76
BGI3,29/01/25,132,SI011936,YC,VS,2CE072,LO8711 - PORKLOIN W PO GRATIN,LO8711,SEARED PORK POTATO GRATIN VEG,FOO,EA,12,2,13.84,27.68
BGI3,29/01/25,132,SI011936,YC,VS,2CE073,LO8712 - CHEESE RAVIOLI,LO8712,CHEESE RAVIOLI,FOO,EA,12,2,8.718,17.44
BGI3,29/01/25,132,SI011936,YC,VS,2CFF11,LO4110-WHOLE FRUIT 1,LO4110,SEASONAL WHOLE FRUIT OPTION 1,FOO,EA,12,6,4.622,27.73
BGI3,29/01/25,132,SI011936,YC,VS,2CFF12,LO4111-WHOLE FRUIT 2,LO4111,SEASONAL WHOLE FRUIT OPT 2,FOO,EA,12,6,4.622,27.73
BGI3,29/01/25,132,SI011936,YC,VS,2CFS44,LO5113- EGG SALAD SANDWICH,LO5113,EGG SALAD SANDWICH,FOO,EA,12,3,5.374,16.12
BGI3,29/01/25,132,SI011936,YC,VS,2CFS45,LO5115- TUNASALAD SANDWICH,LO5115,TUNA SALAD SANDWICH,FOO,EA,12,2,6.734,13.47
BGI3,29/01/25,132,SI011936,YC,VS,2CFS49,LO5119- BAP - STREAKY BACON,LO5119,SCOTTISH BAP WITH BACON,FOO,EA,12,4,4.866,19.46
BGI3,29/01/25,132,SI011936,YC,VS,2CFS52,LO5368- PLAIN BAGEL -PC CR CH,LO5368,PLAIN BAGEL WITH PC CREAM CHEESE,FOO,EA,12,4,4.086,16.34
BGI3,29/01/25,132,SI011936,YC,VS,2CFS77,LO8713 - HAM SANDWICH,LO8713,HAM SANDWICH,FOO,EA,12,3,7.734,23.2
BGI3,29/01/25,132,SI011936,YC,VS,2CFS78,LO8714 - CHEESE TOMATO WRAP,LO8714,CHEESE TOMATO CUCUMBER WRAP,FOO,EA,12,2,6.694,13.39
BGI3,29/01/25,132,SI011936,YC,VS,2CFS79,LO8715 - CHICKEN CHEESE BAGEL,LO8715,CHICKEN AND CHEESE BAGEL,FOO,EA,12,2,5.014,10.03
BGI3,29/01/25,132,SI011936,YC,VS,2CFS80,LO8716 - TURKEY SANDWICH,LO8716,TURKEY SANDWICH,FOO,EA,12,4,7.896,31.58
BGI3,29/01/25,132,SI011936,YC,VS,2CFS81, CHUTNE,LO8718,TILLAMOOK CHEESE CARR TROPICAL CHUTNEY,FOO,EA,12,6,6.788,40.73
BGI3,29/01/25,132,SI011936,YC,VS,2CFS82,LO8717 - PROTEIN POT W OLIVES,LO8717,PUMPKIN HUMMUS C CHEESE BLACK OLIVES PITTA BREAD T,FOO,EA,12,6,6.904,41.42
BGI3,29/01/25,132,SI011936,YC,VS,CPAX02,28728- C CREW SVC CHARGE,28728,OVERHEAD - CC OVERHEAD - PER PAX,SER,EA,12,12,25.48,305.76
BGI3,29/01/25,198A,SI011935,F,VS,FPAX06,F PAX CHG SHUTTLE,23234ISLAND,OVERHEAD - J INTERISLAND OVERHEAD - PER PAX,SER,EA,16,16,0.831,13.3
BGI3,29/01/25,198A,SI011935,F,VS,JSN04,LO7128 - ORIGINAL SHIRLEY,LO7128,ORIGINAL SHIRLEY BISCUIT,STO,EA,16,16,1.096,17.54
BGI3,29/01/25,198A,SI011935,J,VS,JPAX03,J PAX CHG SHUTTLE,23237ISLAND,OVERHEAD - W INTERISLAND OVERHEAD - PER PAX,SER,EA,22,22,0.831,18.28
BGI3,29/01/25,198A,SI011935,J,VS,JSN05,LO7135 - ORIGINAL SHIRLEY,LO7135,ORIGINAL SHIRLEY BISCUIT,STO,EA,22,22,1.096,24.11
BGI3,29/01/25,198A,SI011935,Y,VS,JSN06,LO7138 - ORIGINAL SHIRLEY,LO7138,ORIGINAL SHIRLEY BISCUIT,STO,EA,96,96,1.096,105.22
BGI3,29/01/25,198A,SI011935,Y,VS,YPAX04,Y PAX CHG SHUTTLE,23240ISLAND,OVERHEAD - Y INTERISLAND OVERHEAD - PER PAX,SER,EA,96,96,0.831,79.78
BGI3,29/01/25,198A,SI011935,YC,VS,FAN35,WATER 1.5LT,LO2664,INTERISLAND 1.5 LTR WATER,STO,EA,12,12,2.36,28.32
BGI3,30/01/25,78,SI011940,F,VS,1OCM2,SP170099 - OCML,SP170099,OCML,FOO,EA,31,1,12.42,12.42
BGI3,30/01/25,78,SI011940,F,VS,1POAM2,SP170097 - OAML,SP170097,OAML,FOO,EA,31,2,12.582,25.16
BGI3,30/01/25,78,SI011940,F,VS,1POBM2,SP170098 - OBML,SP170098,OBML,FOO,EA,31,1,14.292,14.29
BGI3,30/01/25,78,SI011940,F,VS,1POMML,SP170100 - OMML,SP170100,OMML,FOO,EA,31,1,9.162,9.16
BGI3,30/01/25,78,SI011940,F,VS,1POTML,SP170102 - OTML,SP170102,OTML,FOO,EA,31,1,9.48,9.48
BGI3,30/01/25,78,SI011940,F,VS,1POUML,SP173624 - OUML,SP173624,OUML,FOO,EA,31,3,12.36,37.08
BGI3,30/01/25,78,SI011940,F,VS,FAN12,19381- MILK 100%,19381,FULL FAT MILK - PINT,STO,EA,31,4,4.805,19.22
BGI3,30/01/25,78,SI011940,F,VS,FAN13,19383- MILK 2%,19383,SEMI SKIMMED MILK - PINT,STO,EA,31,2,4.805,9.61
BGI3,30/01/25,78,SI011940,F,VS,FAN14,19385-LEMON HALVES,19385,LEMON WEDGES,FOO,EA,31,2,5.125,10.25
BGI3,30/01/25,78,SI011940,F,VS,FAN21,19379-WET ICE[6LB BAG],19379,WET ICE,WET,EA,31,4,2.942,11.77
BGI3,30/01/25,78,SI011940,F,VS,FAN23,LO7607-CUCUMBER SLICES,LO7607,CUCUMBER SLICES,FOO,EA,31,1,7.686,7.69
BGI3,30/01/25,78,SI011940,F,VS,FAN30,7041- LIME WEDGES,7041,LIME WEDGES,FOO,EA,31,2,4.78,9.56
BGI3,30/01/25,78,SI011940,F,VS,FAN33,23212 - BULK EQUIPMENT,23212,BULK EQUIPMENT,EQU,EA,31,31,1.779,55.15
BGI3,30/01/25,78,SI011940,F,VS,FBD91,LO7757 -WHOLE WHEAT - FLAXSEED,LO7757,WHOLE WHEAT - FLAXSEED KNOT ROLL,FOO,EA,31,16,2.446,39.14
BGI3,30/01/25,78,SI011940,F,VS,FBD92,LO7758 -BLACK OLIVE - GAR ROLL,LO7758,BLACK OLIVE AND GARLIC ROLL,FOO,EA,31,16,2.516,40.26
BGI3,30/01/25,78,SI011940,F,VS,FBD93,LO7759 -CHEDDAR - ONION ROLL,LO7759,CHEDDAR CHEESE AND ONION ROLL,FOO,EA,31,15,2.446,36.69
BGI3,30/01/25,78,SI011940,F,VS,FBT14,LO7770- FRUIT PLATE,LO7770,FRUIT PLATE,FOO,EA,31,16,6.598,105.57
BGI3,30/01/25,78,SI011940,F,VS,FBT16,LO7126 - PLAIN GREEK YOGH FULL,LO7126,PLAIN GREEK YOGHURT - 907 GRAMS,STO,EA,31,1,13.612,13.61
BGI3,30/01/25,78,SI011940,F,VS,FBT17,LO7127- GRANOLA FULL,LO7127,GRANOLA WHOLE GRAIN - 360 GRAMS,STO,EA,31,1,16.562,16.56
BGI3,30/01/25,78,SI011940,F,VS,FBT18,LO7771 - BANANA MUFFIN,LO7771,BANANA MUFFIN,FOO,EA,31,16,3.272,52.35
BGI3,30/01/25,78,SI011940,F,VS,FCE155,LO7764 -HERB CHIX W POT GRATIN,LO7764,HERBED CHIX POTATO GRATIN CORN AND PEPPER,FOO,EA,31,11,12.582,138.4
BGI3,30/01/25,78,SI011940,F,VS,FCE156,LO7765 - MAHI MAHI W WILD RICE,LO7765,SPICED MAHI TURMERIC WILD RICE COCONUT CURRY,FOO,EA,31,7,14.292,100.04
BGI3,30/01/25,78,SI011940,F,VS,FCE157,LO7766 - VEG LASAGNA,LO7766,VEGETABLE LASGNA DUO SCALES,FOO,EA,31,4,12.42,49.68
BGI3,30/01/25,78,SI011940,F,VS,FCF16,LO5500- PICK YOUR OWN,LO5500,CARIBBEAN FRUIT WHOLE [ASSORTED],FOO,EA,31,1,26.288,26.29
BGI3,30/01/25,78,SI011940,F,VS,FCS153,LO8803 - JERK PORK SATAYS,LO8803,,,EA,31,16,6.072,97.15
BGI3,30/01/25,78,SI011940,F,VS,FCS154,LO8804 - PUMKIN HUMMUS,LO8804,,,EA,31,18,5.176,93.17
BGI3,30/01/25,78,SI011940,F,VS,FDD106,LO7762 -SAVOURY CHEESE PLATE,LO7762,STILTON CHEEDAR GOAT GRAPE CHUTNEY,FOO,EA,31,19,7.53,143.07
BGI3,30/01/25,78,SI011940,F,VS,FDD108,LO8805 - DOUBLE CHOC CHE CAKE,LO8805,,,EA,31,12,5.38,64.56
BGI3,30/01/25,78,SI011940,F,VS,FDD109,LO8806 - CARAMEL - PUMKIN BREA,LO8806,,,EA,31,16,4.83,77.28
BGI3,30/01/25,78,SI011940,F,VS,FDT007,LO4801- BUTTER,LO4801,BUTTER [PIPED] BULK LOAED,FOO,EA,31,31,1.042,32.3
BGI3,30/01/25,78,SI011940,F,VS,FHB69,LO4240-BACON BAP,LO4240,BACON BAP,FOO,EA,31,6,5.18,31.08
BGI3,30/01/25,78,SI011940,F,VS,FHB83,LO7767 -SCRAM EGG BB SAUS,LO7767,SCRAMBLE EGGS BACK BACON SAUSAGE BAKED BEANS,FOO,EA,31,16,9.72,155.52
BGI3,30/01/25,78,SI011940,F,VS,FHB84,LO7768 - PEPP - CHEE OMELETTE,LO7768,PEPPER AND CHEESE OMELETTE SPINACH SWEET POTATO,FOO,EA,31,6,7.85,47.1
BGI3,30/01/25,78,SI011940,F,VS,FHB85,LO7769 - CHOCO CHIP PANCAKE,LO7769,CHOCOLATE CHIP PANCAKESPICED PINEAPPLE AND BERRY C,FOO,EA,31,9,6.31,56.79
BGI3,30/01/25,78,SI011940,F,VS,FPAX04,23234-PER PASSENGER CHARGE,23234,OVERHEAD - J PAX OVERHEAD - PER PAX,SER,EA,31,31,36.774,1139.99
BGI3,30/01/25,78,SI011940,J,VS,1JVG01,SP124621 - VGML [J/C],SP124621,VGML,FOO,EA,48,1,14.694,14.69
BGI3,30/01/25,78,SI011940,J,VS,1PWAM2,SP170105 - WAM2,SP170105,WAML,FOO,EA,48,12,8.69,104.28
BGI3,30/01/25,78,SI011940,J,VS,1PWCM2,SP170107 - WCM2,SP170107,WCML,FOO,EA,48,6,7.248,43.49
BGI3,30/01/25,78,SI011940,J,VS,JBE41, PORK SAUG,LO7775,SCRAMBLE EGG PORK SAUSAGE BACK BACON BAKED BEANS,FOO,EA,48,24,6.378,153.07
BGI3,30/01/25,78,SI011940,J,VS,JBE42,LO7776 -EGG - VEG FRITATTA,LO7776,EGG - VEGETABLE FRITATTA SWEET POTATO BLISTERED CH,FOO,EA,48,9,7.518,67.66
BGI3,30/01/25,78,SI011940,J,VS,JBE43,LO7777 -CHOC CHIP PANCAKES,LO7777,CHOCOLATE CHIP PANCAKE CARMALIZED PINEAPPLE AND BE,FOO,EA,48,14,5.378,75.29
BGI3,30/01/25,78,SI011940,J,VS,JCE119,LO7772 -CREOLE CHIX W GAR ORZO,LO7772,SEARED CHIX CREOLE SAUCE GARLIZ ORZO,FOO,EA,48,17,8.69,147.73
BGI3,30/01/25,78,SI011940,J,VS,JCE121,LO7773 -MAHI MAHI W MAS POT,LO7773,SEARED MAHI GARLIC MASH BLISTETED TOMATO,FOO,EA,48,8,11.298,90.38
BGI3,30/01/25,78,SI011940,J,VS,JCE122,LO7774-WILD RICE COCO CURRY,LO7774,WILD RICE COCONUT CURRY SAUCE FRIED PLANTAIN,FOO,EA,48,5,7.248,36.24
BGI3,30/01/25,78,SI011940,J,VS,JDT33,LO2622- TRAY SET MM,LO2622,TRAY SET UP,SER,EA,48,47,16.138,758.49
BGI3,30/01/25,78,SI011940,J,VS,JPAX02,23237-PER PASSENGER CHARGE,23237,OVERHEAD - W PAX OVERHEAD - PER PAX,SER,EA,48,39,16.939,660.62
BGI3,30/01/25,78,SI011940,Y,VS,1YDB01,SP124707 - DBML [Y/C],SP124707,DBML,FOO,EA,132,3,22.504,67.51
BGI3,30/01/25,78,SI011940,Y,VS,1YLF01,SP124704 - LFML [Y/C],SP124704,LFML,FOO,EA,132,1,22.504,22.5
BGI3,30/01/25,78,SI011940,Y,VS,1YVG01,SP124699- VGML [Y/C],SP124699,VGML,FOO,EA,132,2,14.694,29.39
BGI3,30/01/25,78,SI011940,Y,VS,3YDS01,3354- ORANGE JUICE-1LT,3354,BEVERAGES - ORANGE JUICE - 1 LT,STO,EA,132,26,2.124,55.22
BGI3,30/01/25,78,SI011940,Y,VS,3YDS02,3335-TOMATO JUICE 1LT,3335,BEVERAGES - TOMATO JUICE - 1 LT,STO,EA,132,1,4.057,4.06
BGI3,30/01/25,78,SI011940,Y,VS,3YDS03,3376-CRANBERRY JUICE,3376,BEVERAGES - CRANBERRY JUICE - 1 LT,STO,EA,132,2,5.101,10.2
BGI3,30/01/25,78,SI011940,Y,VS,3YDS04,3353-APPLE JUICE 1LTR,3353,BEVERAGES - APPLE JUICE - 1 LT,STO,EA,132,14,2.124,29.74
BGI3,30/01/25,78,SI011940,Y,VS,3YDS06,3476-MINERAL WATER 1.5LT,3476,BEVERAGES - MINERAL WATER STILL - 1 LT,STO,EA,132,44,2.36,103.84
BGI3,30/01/25,78,SI011940,Y,VS,3YDS07,33169-SPARKLING WATER 1LT,33169,BEVERAGES - MINERAL WATER SPARK - 1 LT,STO,EA,132,13,3.274,42.56
BGI3,30/01/25,78,SI011940,Y,VS,3YDS11,213774-PLASTIC BAG,213774,EQUIPMENT - BAG- PLASTIC BAG,EQU,EA,132,1,0.368,0.37
BGI3,30/01/25,78,SI011940,Y,VS,3YS022,ORANGE LINEN BAG,151383,LAUNDRY - BAG LINEN ORANGE 2014,LAU,EA,132,1,1.969,1.97
BGI3,30/01/25,78,SI011940,Y,VS,3YS023,LINEN TABLECLOTH,3526,LAUNDRY - TABLE CLOTH/RUNNER 2014,LAU,EA,132,33,0.652,21.52
BGI3,30/01/25,78,SI011940,Y,VS,3YS024,LINEN NAPKINS,3527,LAUNDRY - LINEN FOLDED NAPKIN 2014,LAU,EA,132,31,0.522,16.18
BGI3,30/01/25,78,SI011940,Y,VS,3YS032,145995-EQUIP PK - STORES 300,145995,PACKING - FLIGHT PACKING - A330-300,SER,EA,132,1,167.95,167.95
BGI3,30/01/25,78,SI011940,Y,VS,3YS035,145991-TRANS.- HANDLING 33J,145991,TURNAROUND - STRIP - LOAD - A330-300 - 3 FLIGHTS,SER,EA,132,1,483.897,483.9
BGI3,30/01/25,78,SI011940,Y,VS,3YS036,145994- WASH UP A330-300,145994,WASH UP - WASH UP - A330-900,SER,EA,132,1,404.383,404.38
BGI3,30/01/25,78,SI011940,Y,VS,3YS038,17.5% VAT ON LAUNDRY CHRG 33J,51069SALE,SALES TAX - LAUNDRY,VAT,EA,132,1,10.961,10.96
BGI3,30/01/25,78,SI011940,Y,VS,3YS063,25137-CUTLERY WRAP 1ST SERV 33,25137,PACKING - CUTLERY WRAPPING FIRST SERVICE - A330-30,SER,EA,132,1,8.435,8.44
BGI3,30/01/25,78,SI011940,Y,VS,3YS064,33819-CUTLERY WRAP 2ND SERV 33,33819,PACKING - CUTLERY WRAPPING SECOND SERVICE - A330-3,SER,EA,132,1,8.435,8.44
BGI3,30/01/25,78,SI011940,Y,VS,3YS071,32673-CULT WASH-PL 1SER 300,32673,PACKING - CUTLERY WASHUP - POLISHING FIRST SERVICE,SER,EA,132,1,27.272,27.27
BGI3,30/01/25,78,SI011940,Y,VS,3YS072,33141-CULT WASH-PL 2SER 300,33141,PACKING - CUTLERY WASHUP - POLISHING SECOND SERVIC,SER,EA,132,1,18.363,18.36
BGI3,30/01/25,78,SI011940,Y,VS,3YS095,25127- CUTL WSH-POL A330,25127,PACKING - CUTLERY WASHUP - POLISHING - A330-300,SER,EA,132,1,54.402,54.4
BGI3,30/01/25,78,SI011940,Y,VS,FAN17,19382-MILK 100% [Y],19382,FULL FAT MILK - PINT,STO,EA,132,2,4.805,9.61
BGI3,30/01/25,78,SI011940,Y,VS,FAN18,19384- MILK 2% [Y],19384,SEMI SKIMMED MILK - PINT,STO,EA,132,4,4.805,19.22
BGI3,30/01/25,78,SI011940,Y,VS,FAN19,7042-LEMON HALVES [Y],7042,LIME WEDGES,FOO,EA,132,6,5.125,30.75
BGI3,30/01/25,78,SI011940,Y,VS,FAN20,19380- WET ICE [6LB BAG] [Y],19380,WET ICE,WET,EA,132,6,2.942,17.65
BGI3,30/01/25,78,SI011940,Y,VS,YBE11,174148-BREAKFAST BOX,174148,,,EA,132,126,8.412,1059.91
BGI3,30/01/25,78,SI011940,Y,VS,YBE24,LO6953-OTIS SPUNKMEYER MUFFIN,LO6953,OTIS SPUNKMEYER MUFFIN,FOO,EA,132,126,1.872,235.87
BGI3,30/01/25,78,SI011940,Y,VS,YDE116,LO7778 - RO CHIX W PEPPERCORN,LO7778,ROASTED CHIX PEPPER SAU MASHED POTATO VEG,FOO,EA,132,88,8.748,769.82
BGI3,30/01/25,78,SI011940,Y,VS,YDE117,LO7779 - MAC PIE W TOM SAUCE,LO7779,MACARONI PIE TOMATO ROSE CREAMY SAUCE,FOO,EA,132,38,5.378,204.36
BGI3,30/01/25,78,SI011940,Y,VS,YDT30,LO2623 - MAIN MEAL TRAY SET UP,LO2623,TRAY SET UP,SER,EA,132,126,8.72,1098.72
BGI3,30/01/25,78,SI011940,Y,VS,YPAX03,23240- PER PASSENGER CHARGE[Y],23240,OVERHEAD - Y PAX OVERHEAD - PER PAX,SER,EA,132,132,13.856,1828.99
BGI3,30/01/25,78,SI011940,YC,VS,2CE069, COCO CURRY,LO8708,WILD RICE COCONUT CURRY SAUCE VEG,FOO,EA,12,3,6.438,19.31
BGI3,30/01/25,78,SI011940,YC,VS,2CE070,LO8709 - GARLIC MASH CHIX THIG,LO8709,GARLIC MASH SEARED CHIX GREEN PEPPERCORN SAUCE,FOO,EA,12,3,10.838,32.51
BGI3,30/01/25,78,SI011940,YC,VS,2CE071,LO8710 - MAHI W GARL ORZO PAS,LO8710,SEARED MAHI ORZO PASTA CREOLE SAUCE VEG,FOO,EA,12,2,12.378,24.76
BGI3,30/01/25,78,SI011940,YC,VS,2CE072,LO8711 - PORKLOIN W PO GRATIN,LO8711,SEARED PORK POTATO GRATIN VEG,FOO,EA,12,2,13.84,27.68
BGI3,30/01/25,78,SI011940,YC,VS,2CE073,LO8712 - CHEESE RAVIOLI,LO8712,CHEESE RAVIOLI,FOO,EA,12,2,8.718,17.44
BGI3,30/01/25,78,SI011940,YC,VS,2CFF11,LO4110-WHOLE FRUIT 1,LO4110,SEASONAL WHOLE FRUIT OPTION 1,FOO,EA,12,6,4.622,27.73
BGI3,30/01/25,78,SI011940,YC,VS,2CFF12,LO4111-WHOLE FRUIT 2,LO4111,SEASONAL WHOLE FRUIT OPT 2,FOO,EA,12,6,4.622,27.73
BGI3,30/01/25,78,SI011940,YC,VS,2CFS44,LO5113- EGG SALAD SANDWICH,LO5113,EGG SALAD SANDWICH,FOO,EA,12,3,5.374,16.12
BGI3,30/01/25,78,SI011940,YC,VS,2CFS45,LO5115- TUNASALAD SANDWICH,LO5115,TUNA SALAD SANDWICH,FOO,EA,12,2,6.734,13.47
BGI3,30/01/25,78,SI011940,YC,VS,2CFS49,LO5119- BAP - STREAKY BACON,LO5119,SCOTTISH BAP WITH BACON,FOO,EA,12,4,4.866,19.46
BGI3,30/01/25,78,SI011940,YC,VS,2CFS52,LO5368- PLAIN BAGEL -PC CR CH,LO5368,PLAIN BAGEL WITH PC CREAM CHEESE,FOO,EA,12,4,4.086,16.34
BGI3,30/01/25,78,SI011940,YC,VS,2CFS77,LO8713 - HAM SANDWICH,LO8713,HAM SANDWICH,FOO,EA,12,3,7.734,23.2
BGI3,30/01/25,78,SI011940,YC,VS,2CFS78,LO8714 - CHEESE TOMATO WRAP,LO8714,CHEESE TOMATO CUCUMBER WRAP,FOO,EA,12,2,6.694,13.39
BGI3,30/01/25,78,SI011940,YC,VS,2CFS79,LO8715 - CHICKEN CHEESE BAGEL,LO8715,CHICKEN AND CHEESE BAGEL,FOO,EA,12,2,5.014,10.03
BGI3,30/01/25,78,SI011940,YC,VS,2CFS80,LO8716 - TURKEY SANDWICH,LO8716,TURKEY SANDWICH,FOO,EA,12,4,7.896,31.58
BGI3,30/01/25,78,SI011940,YC,VS,2CFS81, CHUTNE,LO8718,TILLAMOOK CHEESE CARR TROPICAL CHUTNEY,FOO,EA,12,6,6.788,40.73
BGI3,30/01/25,78,SI011940,YC,VS,2CFS82,LO8717 - PROTEIN POT W OLIVES,LO8717,PUMPKIN HUMMUS C CHEESE BLACK OLIVES PITTA BREAD T,FOO,EA,12,6,6.904,41.42
BGI3,30/01/25,78,SI011940,YC,VS,CPAX02,28728- C CREW SVC CHARGE,28728,OVERHEAD - CC OVERHEAD - PER PAX,SER,EA,12,12,25.48,305.76
BGI3,30/01/25,132,SI011939,F,VS,1POAM2,SP170097 - OAML,SP170097,OAML,FOO,EA,44,4,12.582,50.33
BGI3,30/01/25,132,SI011939,F,VS,1POBM2,SP170098 - OBML,SP170098,OBML,FOO,EA,44,2,14.292,28.58
BGI3,30/01/25,132,SI011939,F,VS,1POSML,SP170101 - OSML,SP170101,OSML,FOO,EA,44,1,10.91,10.91
BGI3,30/01/25,132,SI011939,F,VS,1POTML,SP170102 - OTML,SP170102,OTML,FOO,EA,44,2,9.48,18.96
BGI3,30/01/25,132,SI011939,F,VS,1POUML,SP173624 - OUML,SP173624,OUML,FOO,EA,44,2,12.36,24.72
BGI3,30/01/25,132,SI011939,F,VS,FAN12,19381- MILK 100%,19381,FULL FAT MILK - PINT,STO,EA,44,5,4.805,24.03
BGI3,30/01/25,132,SI011939,F,VS,FAN13,19383- MILK 2%,19383,SEMI SKIMMED MILK - PINT,STO,EA,44,2,4.805,9.61
BGI3,30/01/25,132,SI011939,F,VS,FAN14,19385-LEMON HALVES,19385,LEMON WEDGES,FOO,EA,44,3,5.125,15.38
BGI3,30/01/25,132,SI011939,F,VS,FAN21,19379-WET ICE[6LB BAG],19379,WET ICE,WET,EA,44,6,2.942,17.65
BGI3,30/01/25,132,SI011939,F,VS,FAN23,LO7607-CUCUMBER SLICES,LO7607,CUCUMBER SLICES,FOO,EA,44,1,7.686,7.69
BGI3,30/01/25,132,SI011939,F,VS,FAN30,7041- LIME WEDGES,7041,LIME WEDGES,FOO,EA,44,2,4.78,9.56
BGI3,30/01/25,132,SI011939,F,VS,FAN33,23212 - BULK EQUIPMENT,23212,BULK EQUIPMENT,EQU,EA,44,42,1.779,74.72
BGI3,30/01/25,132,SI011939,F,VS,FBD91,LO7757 -WHOLE WHEAT - FLAXSEED,LO7757,WHOLE WHEAT - FLAXSEED KNOT ROLL,FOO,EA,44,22,2.446,53.81
BGI3,30/01/25,132,SI011939,F,VS,FBD92,LO7758 -BLACK OLIVE - GAR ROLL,LO7758,BLACK OLIVE AND GARLIC ROLL,FOO,EA,44,22,2.516,55.35
BGI3,30/01/25,132,SI011939,F,VS,FBD93,LO7759 -CHEDDAR - ONION ROLL,LO7759,CHEDDAR CHEESE AND ONION ROLL,FOO,EA,44,22,2.446,53.81
BGI3,30/01/25,132,SI011939,F,VS,FBT14,LO7770- FRUIT PLATE,LO7770,FRUIT PLATE,FOO,EA,44,22,6.598,145.16
BGI3,30/01/25,132,SI011939,F,VS,FBT16,LO7126 - PLAIN GREEK YOGH FULL,LO7126,PLAIN GREEK YOGHURT - 907 GRAMS,STO,EA,44,1,13.612,13.61
BGI3,30/01/25,132,SI011939,F,VS,FBT17,LO7127- GRANOLA FULL,LO7127,GRANOLA WHOLE GRAIN - 360 GRAMS,STO,EA,44,1,16.562,16.56
BGI3,30/01/25,132,SI011939,F,VS,FBT18,LO7771 - BANANA MUFFIN,LO7771,BANANA MUFFIN,FOO,EA,44,22,3.272,71.98
BGI3,30/01/25,132,SI011939,F,VS,FCE155,LO7764 -HERB CHIX W POT GRATIN,LO7764,HERBED CHIX POTATO GRATIN CORN AND PEPPER,FOO,EA,44,17,12.582,213.89
BGI3,30/01/25,132,SI011939,F,VS,FCE156,LO7765 - MAHI MAHI W WILD RICE,LO7765,SPICED MAHI TURMERIC WILD RICE COCONUT CURRY,FOO,EA,44,10,14.292,142.92
BGI3,30/01/25,132,SI011939,F,VS,FCE157,LO7766 - VEG LASAGNA,LO7766,VEGETABLE LASGNA DUO SCALES,FOO,EA,44,6,12.42,74.52
BGI3,30/01/25,132,SI011939,F,VS,FCF16,LO5500- PICK YOUR OWN,LO5500,CARIBBEAN FRUIT WHOLE [ASSORTED],FOO,EA,44,1,26.288,26.29
BGI3,30/01/25,132,SI011939,F,VS,FCS153,LO8803 - JERK PORK SATAYS,LO8803,,,EA,44,22,6.072,133.58
BGI3,30/01/25,132,SI011939,F,VS,FCS154,LO8804 - PUMKIN HUMMUS,LO8804,,,EA,44,26,5.176,134.58
BGI3,30/01/25,132,SI011939,F,VS,FDD106,LO7762 -SAVOURY CHEESE PLATE,LO7762,STILTON CHEEDAR GOAT GRAPE CHUTNEY,FOO,EA,44,26,7.53,195.78
BGI3,30/01/25,132,SI011939,F,VS,FDD108,LO8805 - DOUBLE CHOC CHE CAKE,LO8805,,,EA,44,18,5.38,96.84
BGI3,30/01/25,132,SI011939,F,VS,FDD109,LO8806 - CARAMEL - PUMKIN BREA,LO8806,,,EA,44,22,4.83,106.26
BGI3,30/01/25,132,SI011939,F,VS,FDT007,LO4801- BUTTER,LO4801,BUTTER [PIPED] BULK LOAED,FOO,EA,44,44,1.042,45.85
BGI3,30/01/25,132,SI011939,F,VS,FHB69,LO4240-BACON BAP,LO4240,BACON BAP,FOO,EA,44,15,5.18,77.7
BGI3,30/01/25,132,SI011939,F,VS,FHB83,LO7767 -SCRAM EGG BB SAUS,LO7767,SCRAMBLE EGGS BACK BACON SAUSAGE BAKED BEANS,FOO,EA,44,22,9.72,213.84
BGI3,30/01/25,132,SI011939,F,VS,FHB84,LO7768 - PEPP - CHEE OMELETTE,LO7768,PEPPER AND CHEESE OMELETTE SPINACH SWEET POTATO,FOO,EA,44,7,7.85,54.95
BGI3,30/01/25,132,SI011939,F,VS,FHB85,LO7769 - CHOCO CHIP PANCAKE,LO7769,CHOCOLATE CHIP PANCAKESPICED PINEAPPLE AND BERRY C,FOO,EA,44,9,6.31,56.79
BGI3,30/01/25,132,SI011939,F,VS,FPAX04,23234-PER PASSENGER CHARGE,23234,OVERHEAD - J PAX OVERHEAD - PER PAX,SER,EA,44,42,36.774,1544.51
BGI3,30/01/25,132,SI011939,J,VS,1JAV01,SP124622 - AVML [J/C],SP124622,AVML,FOO,EA,52,3,15.115,45.35
BGI3,30/01/25,132,SI011939,J,VS,1JVL01,SP124620 - VLML [J/C],SP124620,VLML,FOO,EA,52,1,12.174,12.17
BGI3,30/01/25,132,SI011939,J,VS,1PWAM2,SP170105 - WAM2,SP170105,WAML,FOO,EA,52,12,8.69,104.28
BGI3,30/01/25,132,SI011939,J,VS,1PWBM2,SP170106 - WBM2,SP170106,WBML,FOO,EA,52,11,11.298,124.28
BGI3,30/01/25,132,SI011939,J,VS,1PWCM2,SP170107 - WCM2,SP170107,WCML,FOO,EA,52,2,7.248,14.5
BGI3,30/01/25,132,SI011939,J,VS,JBE41, PORK SAUG,LO7775,SCRAMBLE EGG PORK SAUSAGE BACK BACON BAKED BEANS,FOO,EA,52,24,6.378,153.07
BGI3,30/01/25,132,SI011939,J,VS,JBE42,LO7776 -EGG - VEG FRITATTA,LO7776,EGG - VEGETABLE FRITATTA SWEET POTATO BLISTERED CH,FOO,EA,52,10,7.518,75.18
BGI3,30/01/25,132,SI011939,J,VS,JBE43,LO7777 -CHOC CHIP PANCAKES,LO7777,CHOCOLATE CHIP PANCAKE CARMALIZED PINEAPPLE AND BE,FOO,EA,52,14,5.378,75.29
BGI3,30/01/25,132,SI011939,J,VS,JCE119,LO7772 -CREOLE CHIX W GAR ORZO,LO7772,SEARED CHIX CREOLE SAUCE GARLIZ ORZO,FOO,EA,52,15,8.69,130.35
BGI3,30/01/25,132,SI011939,J,VS,JCE121,LO7773 -MAHI MAHI W MAS POT,LO7773,SEARED MAHI GARLIC MASH BLISTETED TOMATO,FOO,EA,52,7,11.298,79.09
BGI3,30/01/25,132,SI011939,J,VS,JCE122,LO7774-WILD RICE COCO CURRY,LO7774,WILD RICE COCONUT CURRY SAUCE FRIED PLANTAIN,FOO,EA,52,4,7.248,28.99
BGI3,30/01/25,132,SI011939,J,VS,JDT33,LO2622- TRAY SET MM,LO2622,TRAY SET UP,SER,EA,52,48,16.138,774.62
BGI3,30/01/25,132,SI011939,J,VS,JPAX02,23237-PER PASSENGER CHARGE,23237,OVERHEAD - W PAX OVERHEAD - PER PAX,SER,EA,52,49,16.939,830.01
BGI3,30/01/25,132,SI011939,Y,VS,1YAV01,SP124700- AVML [Y/C],SP124700,AVML,FOO,EA,144,4,15.115,60.46
BGI3,30/01/25,132,SI011939,Y,VS,1YCH04,SP124709- CHML [Y/C],SP124709,CHML,FOO,EA,144,1,14.622,14.62
BGI3,30/01/25,132,SI011939,Y,VS,1YGF01,SP124706 - GFML [Y/C],SP124706,GFML,FOO,EA,144,2,22.504,45.01
BGI3,30/01/25,132,SI011939,Y,VS,1YMO01,SP124702 - MOML [Y/C],SP124702,MOML,FOO,EA,144,1,12.154,12.15
BGI3,30/01/25,132,SI011939,Y,VS,1YVG01,SP124699- VGML [Y/C],SP124699,VGML,FOO,EA,144,1,14.694,14.69
BGI3,30/01/25,132,SI011939,Y,VS,1YVL01,SP124698- VLML [Y/C],SP124698,VLML,FOO,EA,144,2,12.154,24.31
BGI3,30/01/25,132,SI011939,Y,VS,3YDS01,3354- ORANGE JUICE-1LT,3354,BEVERAGES - ORANGE JUICE - 1 LT,STO,EA,144,27,2.124,57.35
BGI3,30/01/25,132,SI011939,Y,VS,3YDS02,3335-TOMATO JUICE 1LT,3335,BEVERAGES - TOMATO JUICE - 1 LT,STO,EA,144,5,4.057,20.29
BGI3,30/01/25,132,SI011939,Y,VS,3YDS03,3376-CRANBERRY JUICE,3376,BEVERAGES - CRANBERRY JUICE - 1 LT,STO,EA,144,1,5.101,5.1
BGI3,30/01/25,132,SI011939,Y,VS,3YDS04,3353-APPLE JUICE 1LTR,3353,BEVERAGES - APPLE JUICE - 1 LT,STO,EA,144,17,2.124,36.11
BGI3,30/01/25,132,SI011939,Y,VS,3YDS06,3476-MINERAL WATER 1.5LT,3476,BEVERAGES - MINERAL WATER STILL - 1 LT,STO,EA,144,98,2.36,231.28
BGI3,30/01/25,132,SI011939,Y,VS,3YDS07,33169-SPARKLING WATER 1LT,33169,BEVERAGES - MINERAL WATER SPARK - 1 LT,STO,EA,144,10,3.274,32.74
BGI3,30/01/25,132,SI011939,Y,VS,3YDS11,213774-PLASTIC BAG,213774,EQUIPMENT - BAG- PLASTIC BAG,EQU,EA,144,1,0.368,0.37
BGI3,30/01/25,132,SI011939,Y,VS,3YS022,ORANGE LINEN BAG,151383,LAUNDRY - BAG LINEN ORANGE 2014,LAU,EA,144,1,1.969,1.97
BGI3,30/01/25,132,SI011939,Y,VS,3YS024,LINEN NAPKINS,3527,LAUNDRY - LINEN FOLDED NAPKIN 2014,LAU,EA,144,44,0.522,22.97
BGI3,30/01/25,132,SI011939,Y,VS,3YS032,145995-EQUIP PK - STORES 300,145995,PACKING - FLIGHT PACKING - A330-300,SER,EA,144,1,167.95,167.95
BGI3,30/01/25,132,SI011939,Y,VS,3YS035,145991-TRANS.- HANDLING 33J,145991,TURNAROUND - STRIP - LOAD - A330-300 - 3 FLIGHTS,SER,EA,144,1,483.897,483.9
BGI3,30/01/25,132,SI011939,Y,VS,3YS036,145994- WASH UP A330-300,145994,WASH UP - WASH UP - A330-900,SER,EA,144,1,404.383,404.38
BGI3,30/01/25,132,SI011939,Y,VS,3YS038,17.5% VAT ON LAUNDRY CHRG 33J,51069SALE,SALES TAX - LAUNDRY,VAT,EA,144,1,10.961,10.96
BGI3,30/01/25,132,SI011939,Y,VS,3YS063,25137-CUTLERY WRAP 1ST SERV 33,25137,PACKING - CUTLERY WRAPPING FIRST SERVICE - A330-30,SER,EA,144,1,8.435,8.44
BGI3,30/01/25,132,SI011939,Y,VS,3YS064,33819-CUTLERY WRAP 2ND SERV 33,33819,PACKING - CUTLERY WRAPPING SECOND SERVICE - A330-3,SER,EA,144,1,8.435,8.44
BGI3,30/01/25,132,SI011939,Y,VS,3YS071,32673-CULT WASH-PL 1SER 300,32673,PACKING - CUTLERY WASHUP - POLISHING FIRST SERVICE,SER,EA,144,1,27.272,27.27
BGI3,30/01/25,132,SI011939,Y,VS,3YS072,33141-CULT WASH-PL 2SER 300,33141,PACKING - CUTLERY WASHUP - POLISHING SECOND SERVIC,SER,EA,144,1,18.363,18.36
BGI3,30/01/25,132,SI011939,Y,VS,3YS095,25127- CUTL WSH-POL A330,25127,PACKING - CUTLERY WASHUP - POLISHING - A330-300,SER,EA,144,1,54.402,54.4
BGI3,30/01/25,132,SI011939,Y,VS,FAN17,19382-MILK 100% [Y],19382,FULL FAT MILK - PINT,STO,EA,144,2,4.805,9.61
BGI3,30/01/25,132,SI011939,Y,VS,FAN18,19384- MILK 2% [Y],19384,SEMI SKIMMED MILK - PINT,STO,EA,144,4,4.805,19.22
BGI3,30/01/25,132,SI011939,Y,VS,FAN19,7042-LEMON HALVES [Y],7042,LIME WEDGES,FOO,EA,144,6,5.125,30.75
BGI3,30/01/25,132,SI011939,Y,VS,FAN20,19380- WET ICE [6LB BAG] [Y],19380,WET ICE,WET,EA,144,6,2.942,17.65
BGI3,30/01/25,132,SI011939,Y,VS,YBE11,174148-BREAKFAST BOX,174148,,,EA,144,133,8.412,1118.8
BGI3,30/01/25,132,SI011939,Y,VS,YBE24,LO6953-OTIS SPUNKMEYER MUFFIN,LO6953,OTIS SPUNKMEYER MUFFIN,FOO,EA,144,133,1.872,248.98
BGI3,30/01/25,132,SI011939,Y,VS,YDE116,LO7778 - RO CHIX W PEPPERCORN,LO7778,ROASTED CHIX PEPPER SAU MASHED POTATO VEG,FOO,EA,144,93,8.748,813.56
BGI3,30/01/25,132,SI011939,Y,VS,YDE117,LO7779 - MAC PIE W TOM SAUCE,LO7779,MACARONI PIE TOMATO ROSE CREAMY SAUCE,FOO,EA,144,40,5.378,215.12
BGI3,30/01/25,132,SI011939,Y,VS,YDT30,LO2623 - MAIN MEAL TRAY SET UP,LO2623,TRAY SET UP,SER,EA,144,133,8.72,1159.76
BGI3,30/01/25,132,SI011939,Y,VS,YPAX03,23240- PER PASSENGER CHARGE[Y],23240,OVERHEAD - Y PAX OVERHEAD - PER PAX,SER,EA,144,139,13.856,1925.98
BGI3,30/01/25,132,SI011939,YC,VS,2CE069, COCO CURRY,LO8708,WILD RICE COCONUT CURRY SAUCE VEG,FOO,EA,12,3,6.438,19.31
BGI3,30/01/25,132,SI011939,YC,VS,2CE070,LO8709 - GARLIC MASH CHIX THIG,LO8709,GARLIC MASH SEARED CHIX GREEN PEPPERCORN SAUCE,FOO,EA,12,3,10.838,32.51
BGI3,30/01/25,132,SI011939,YC,VS,2CE071,LO8710 - MAHI W GARL ORZO PAS,LO8710,SEARED MAHI ORZO PASTA CREOLE SAUCE VEG,FOO,EA,12,2,12.378,24.76
BGI3,30/01/25,132,SI011939,YC,VS,2CE072,LO8711 - PORKLOIN W PO GRATIN,LO8711,SEARED PORK POTATO GRATIN VEG,FOO,EA,12,2,13.84,27.68
BGI3,30/01/25,132,SI011939,YC,VS,2CE073,LO8712 - CHEESE RAVIOLI,LO8712,CHEESE RAVIOLI,FOO,EA,12,2,8.718,17.44
BGI3,30/01/25,132,SI011939,YC,VS,2CFF11,LO4110-WHOLE FRUIT 1,LO4110,SEASONAL WHOLE FRUIT OPTION 1,FOO,EA,12,6,4.622,27.73
BGI3,30/01/25,132,SI011939,YC,VS,2CFF12,LO4111-WHOLE FRUIT 2,LO4111,SEASONAL WHOLE FRUIT OPT 2,FOO,EA,12,6,4.622,27.73
BGI3,30/01/25,132,SI011939,YC,VS,2CFS44,LO5113- EGG SALAD SANDWICH,LO5113,EGG SALAD SANDWICH,FOO,EA,12,3,5.374,16.12
BGI3,30/01/25,132,SI011939,YC,VS,2CFS45,LO5115- TUNASALAD SANDWICH,LO5115,TUNA SALAD SANDWICH,FOO,EA,12,2,6.734,13.47
BGI3,30/01/25,132,SI011939,YC,VS,2CFS49,LO5119- BAP - STREAKY BACON,LO5119,SCOTTISH BAP WITH BACON,FOO,EA,12,4,4.866,19.46
BGI3,30/01/25,132,SI011939,YC,VS,2CFS52,LO5368- PLAIN BAGEL -PC CR CH,LO5368,PLAIN BAGEL WITH PC CREAM CHEESE,FOO,EA,12,4,4.086,16.34
BGI3,30/01/25,132,SI011939,YC,VS,2CFS77,LO8713 - HAM SANDWICH,LO8713,HAM SANDWICH,FOO,EA,12,3,7.734,23.2
BGI3,30/01/25,132,SI011939,YC,VS,2CFS78,LO8714 - CHEESE TOMATO WRAP,LO8714,CHEESE TOMATO CUCUMBER WRAP,FOO,EA,12,2,6.694,13.39
BGI3,30/01/25,132,SI011939,YC,VS,2CFS79,LO8715 - CHICKEN CHEESE BAGEL,LO8715,CHICKEN AND CHEESE BAGEL,FOO,EA,12,2,5.014,10.03
BGI3,30/01/25,132,SI011939,YC,VS,2CFS80,LO8716 - TURKEY SANDWICH,LO8716,TURKEY SANDWICH,FOO,EA,12,4,7.896,31.58
BGI3,30/01/25,132,SI011939,YC,VS,2CFS81, CHUTNE,LO8718,TILLAMOOK CHEESE CARR TROPICAL CHUTNEY,FOO,EA,12,6,6.788,40.73
BGI3,30/01/25,132,SI011939,YC,VS,2CFS82,LO8717 - PROTEIN POT W OLIVES,LO8717,PUMPKIN HUMMUS C CHEESE BLACK OLIVES PITTA BREAD T,FOO,EA,12,6,6.904,41.42
BGI3,30/01/25,132,SI011939,YC,VS,CPAX02,28728- C CREW SVC CHARGE,28728,OVERHEAD - CC OVERHEAD - PER PAX,SER,EA,12,12,25.48,305.76
BGI3,30/01/25,230,SI011941,F,VS,1FVG01,SP124533- VGML [F/C],SP124533,VGML,FOO,EA,31,1,32.179,32.18
BGI3,30/01/25,230,SI011941,F,VS,1POBM2,SP170098 - OBML,SP170098,OBML,FOO,EA,31,1,14.292,14.29
BGI3,30/01/25,230,SI011941,F,VS,1POSML,SP170101 - OSML,SP170101,OSML,FOO,EA,31,1,10.91,10.91
BGI3,30/01/25,230,SI011941,F,VS,1POTML,SP170102 - OTML,SP170102,OTML,FOO,EA,31,2,9.48,18.96
BGI3,30/01/25,230,SI011941,F,VS,FAN12,19381- MILK 100%,19381,FULL FAT MILK - PINT,STO,EA,31,4,4.805,19.22
BGI3,30/01/25,230,SI011941,F,VS,FAN13,19383- MILK 2%,19383,SEMI SKIMMED MILK - PINT,STO,EA,31,2,4.805,9.61
BGI3,30/01/25,230,SI011941,F,VS,FAN14,19385-LEMON HALVES,19385,LEMON WEDGES,FOO,EA,31,2,5.125,10.25
BGI3,30/01/25,230,SI011941,F,VS,FAN21,19379-WET ICE[6LB BAG],19379,WET ICE,WET,EA,31,4,2.942,11.77
BGI3,30/01/25,230,SI011941,F,VS,FAN23,LO7607-CUCUMBER SLICES,LO7607,CUCUMBER SLICES,FOO,EA,31,1,7.686,7.69
BGI3,30/01/25,230,SI011941,F,VS,FAN30,7041- LIME WEDGES,7041,LIME WEDGES,FOO,EA,31,2,4.78,9.56
BGI3,30/01/25,230,SI011941,F,VS,FAN33,23212 - BULK EQUIPMENT,23212,BULK EQUIPMENT,EQU,EA,31,22,1.779,39.14
BGI3,30/01/25,230,SI011941,F,VS,FBD91,LO7757 -WHOLE WHEAT - FLAXSEED,LO7757,WHOLE WHEAT - FLAXSEED KNOT ROLL,FOO,EA,31,15,2.446,36.69
BGI3,30/01/25,230,SI011941,F,VS,FBD92,LO7758 -BLACK OLIVE - GAR ROLL,LO7758,BLACK OLIVE AND GARLIC ROLL,FOO,EA,31,15,2.516,37.74
BGI3,30/01/25,230,SI011941,F,VS,FBD93,LO7759 -CHEDDAR - ONION ROLL,LO7759,CHEDDAR CHEESE AND ONION ROLL,FOO,EA,31,15,2.446,36.69
BGI3,30/01/25,230,SI011941,F,VS,FBT14,LO7770- FRUIT PLATE,LO7770,FRUIT PLATE,FOO,EA,31,15,6.598,98.97
BGI3,30/01/25,230,SI011941,F,VS,FBT16,LO7126 - PLAIN GREEK YOGH FULL,LO7126,PLAIN GREEK YOGHURT - 907 GRAMS,STO,EA,31,1,13.612,13.61
BGI3,30/01/25,230,SI011941,F,VS,FBT17,LO7127- GRANOLA FULL,LO7127,GRANOLA WHOLE GRAIN - 360 GRAMS,STO,EA,31,1,16.562,16.56
BGI3,30/01/25,230,SI011941,F,VS,FBT18,LO7771 - BANANA MUFFIN,LO7771,BANANA MUFFIN,FOO,EA,31,15,3.272,49.08
BGI3,30/01/25,230,SI011941,F,VS,FCE155,LO7764 -HERB CHIX W POT GRATIN,LO7764,HERBED CHIX POTATO GRATIN CORN AND PEPPER,FOO,EA,31,11,12.582,138.4
BGI3,30/01/25,230,SI011941,F,VS,FCE156,LO7765 - MAHI MAHI W WILD RICE,LO7765,SPICED MAHI TURMERIC WILD RICE COCONUT CURRY,FOO,EA,31,8,14.292,114.34
BGI3,30/01/25,230,SI011941,F,VS,FCE157,LO7766 - VEG LASAGNA,LO7766,VEGETABLE LASGNA DUO SCALES,FOO,EA,31,5,12.42,62.1
BGI3,30/01/25,230,SI011941,F,VS,FCF16,LO5500- PICK YOUR OWN,LO5500,CARIBBEAN FRUIT WHOLE [ASSORTED],FOO,EA,31,1,26.288,26.29
BGI3,30/01/25,230,SI011941,F,VS,FCS153,LO8803 - JERK PORK SATAYS,LO8803,,,EA,31,15,6.072,91.08
BGI3,30/01/25,230,SI011941,F,VS,FCS154,LO8804 - PUMKIN HUMMUS,LO8804,,,EA,31,18,5.176,93.17
BGI3,30/01/25,230,SI011941,F,VS,FDD106,LO7762 -SAVOURY CHEESE PLATE,LO7762,STILTON CHEEDAR GOAT GRAPE CHUTNEY,FOO,EA,31,18,7.53,135.54
BGI3,30/01/25,230,SI011941,F,VS,FDD108,LO8805 - DOUBLE CHOC CHE CAKE,LO8805,,,EA,31,12,5.38,64.56
BGI3,30/01/25,230,SI011941,F,VS,FDD109,LO8806 - CARAMEL - PUMKIN BREA,LO8806,,,EA,31,15,4.83,72.45
BGI3,30/01/25,230,SI011941,F,VS,FDT007,LO4801- BUTTER,LO4801,BUTTER [PIPED] BULK LOAED,FOO,EA,31,30,1.042,31.26
BGI3,30/01/25,230,SI011941,F,VS,FHB69,LO4240-BACON BAP,LO4240,BACON BAP,FOO,EA,31,11,5.18,56.98
BGI3,30/01/25,230,SI011941,F,VS,FHB83,LO7767 -SCRAM EGG BB SAUS,LO7767,SCRAMBLE EGGS BACK BACON SAUSAGE BAKED BEANS,FOO,EA,31,15,9.72,145.8
BGI3,30/01/25,230,SI011941,F,VS,FHB84,LO7768 - PEPP - CHEE OMELETTE,LO7768,PEPPER AND CHEESE OMELETTE SPINACH SWEET POTATO,FOO,EA,31,4,7.85,31.4
BGI3,30/01/25,230,SI011941,F,VS,FHB85,LO7769 - CHOCO CHIP PANCAKE,LO7769,CHOCOLATE CHIP PANCAKESPICED PINEAPPLE AND BERRY C,FOO,EA,31,6,6.31,37.86
BGI3,30/01/25,230,SI011941,F,VS,FPAX04,23234-PER PASSENGER CHARGE,23234,OVERHEAD - J PAX OVERHEAD - PER PAX,SER,EA,31,22,36.774,809.03
BGI3,30/01/25,230,SI011941,J,VS,1JAV01,SP124622 - AVML [J/C],SP124622,AVML,FOO,EA,44,1,15.115,15.12
BGI3,30/01/25,230,SI011941,J,VS,1JCH03,SP124631 - CHILD MEAL [J/C],SP124631,CHML,FOO,EA,44,1,14.622,14.62
BGI3,30/01/25,230,SI011941,J,VS,1PWAM2,SP170105 - WAM2,SP170105,WAML,FOO,EA,44,7,8.69,60.83
BGI3,30/01/25,230,SI011941,J,VS,1PWBM2,SP170106 - WBM2,SP170106,WBML,FOO,EA,44,4,11.298,45.19
BGI3,30/01/25,230,SI011941,J,VS,JBE41, PORK SAUG,LO7775,SCRAMBLE EGG PORK SAUSAGE BACK BACON BAKED BEANS,FOO,EA,44,21,6.378,133.94
BGI3,30/01/25,230,SI011941,J,VS,JBE42,LO7776 -EGG - VEG FRITATTA,LO7776,EGG - VEGETABLE FRITATTA SWEET POTATO BLISTERED CH,FOO,EA,44,8,7.518,60.14
BGI3,30/01/25,230,SI011941,J,VS,JBE43,LO7777 -CHOC CHIP PANCAKES,LO7777,CHOCOLATE CHIP PANCAKE CARMALIZED PINEAPPLE AND BE,FOO,EA,44,13,5.378,69.91
BGI3,30/01/25,230,SI011941,J,VS,JCE119,LO7772 -CREOLE CHIX W GAR ORZO,LO7772,SEARED CHIX CREOLE SAUCE GARLIZ ORZO,FOO,EA,44,21,8.69,182.49
BGI3,30/01/25,230,SI011941,J,VS,JCE121,LO7773 -MAHI MAHI W MAS POT,LO7773,SEARED MAHI GARLIC MASH BLISTETED TOMATO,FOO,EA,44,9,11.298,101.68
BGI3,30/01/25,230,SI011941,J,VS,JCE122,LO7774-WILD RICE COCO CURRY,LO7774,WILD RICE COCONUT CURRY SAUCE FRIED PLANTAIN,FOO,EA,44,6,7.248,43.49
BGI3,30/01/25,230,SI011941,J,VS,JDT33,LO2622- TRAY SET MM,LO2622,TRAY SET UP,SER,EA,44,42,16.138,677.8
BGI3,30/01/25,230,SI011941,J,VS,JPAX02,23237-PER PASSENGER CHARGE,23237,OVERHEAD - W PAX OVERHEAD - PER PAX,SER,EA,44,40,16.939,677.56
BGI3,30/01/25,230,SI011941,Y,VS,1YAV01,SP124700- AVML [Y/C],SP124700,AVML,FOO,EA,67,1,15.115,15.12
BGI3,30/01/25,230,SI011941,Y,VS,1YVL01,SP124698- VLML [Y/C],SP124698,VLML,FOO,EA,67,2,12.154,24.31
BGI3,30/01/25,230,SI011941,Y,VS,3YDS01,3354- ORANGE JUICE-1LT,3354,BEVERAGES - ORANGE JUICE - 1 LT,STO,EA,67,27,2.124,57.35
BGI3,30/01/25,230,SI011941,Y,VS,3YDS02,3335-TOMATO JUICE 1LT,3335,BEVERAGES - TOMATO JUICE - 1 LT,STO,EA,67,1,4.057,4.06
BGI3,30/01/25,230,SI011941,Y,VS,3YDS03,3376-CRANBERRY JUICE,3376,BEVERAGES - CRANBERRY JUICE - 1 LT,STO,EA,67,2,5.101,10.2
BGI3,30/01/25,230,SI011941,Y,VS,3YDS04,3353-APPLE JUICE 1LTR,3353,BEVERAGES - APPLE JUICE - 1 LT,STO,EA,67,16,2.124,33.98
BGI3,30/01/25,230,SI011941,Y,VS,3YDS06,3476-MINERAL WATER 1.5LT,3476,BEVERAGES - MINERAL WATER STILL - 1 LT,STO,EA,67,44,2.36,103.84
BGI3,30/01/25,230,SI011941,Y,VS,3YDS07,33169-SPARKLING WATER 1LT,33169,BEVERAGES - MINERAL WATER SPARK - 1 LT,STO,EA,67,14,3.274,45.84
BGI3,30/01/25,230,SI011941,Y,VS,3YDS11,213774-PLASTIC BAG,213774,EQUIPMENT - BAG- PLASTIC BAG,EQU,EA,67,1,0.368,0.37
BGI3,30/01/25,230,SI011941,Y,VS,3YS022,ORANGE LINEN BAG,151383,LAUNDRY - BAG LINEN ORANGE 2014,LAU,EA,67,1,1.969,1.97
BGI3,30/01/25,230,SI011941,Y,VS,3YS023,LINEN TABLECLOTH,3526,LAUNDRY - TABLE CLOTH/RUNNER 2014,LAU,EA,67,33,0.652,21.52
BGI3,30/01/25,230,SI011941,Y,VS,3YS024,LINEN NAPKINS,3527,LAUNDRY - LINEN FOLDED NAPKIN 2014,LAU,EA,67,31,0.522,16.18
BGI3,30/01/25,230,SI011941,Y,VS,3YS032,145995-EQUIP PK - STORES 300,145995,PACKING - FLIGHT PACKING - A330-300,SER,EA,67,1,167.95,167.95
BGI3,30/01/25,230,SI011941,Y,VS,3YS035,145991-TRANS.- HANDLING 33J,145991,TURNAROUND - STRIP - LOAD - A330-300 - 3 FLIGHTS,SER,EA,67,1,483.897,483.9
BGI3,30/01/25,230,SI011941,Y,VS,3YS036,145994- WASH UP A330-300,145994,WASH UP - WASH UP - A330-900,SER,EA,67,1,404.383,404.38
BGI3,30/01/25,230,SI011941,Y,VS,3YS038,17.5% VAT ON LAUNDRY CHRG 33J,51069SALE,SALES TAX - LAUNDRY,VAT,EA,67,1,10.961,10.96
BGI3,30/01/25,230,SI011941,Y,VS,3YS063,25137-CUTLERY WRAP 1ST SERV 33,25137,PACKING - CUTLERY WRAPPING FIRST SERVICE - A330-30,SER,EA,67,1,8.435,8.44
BGI3,30/01/25,230,SI011941,Y,VS,3YS064,33819-CUTLERY WRAP 2ND SERV 33,33819,PACKING - CUTLERY WRAPPING SECOND SERVICE - A330-3,SER,EA,67,1,8.435,8.44
BGI3,30/01/25,230,SI011941,Y,VS,3YS071,32673-CULT WASH-PL 1SER 300,32673,PACKING - CUTLERY WASHUP - POLISHING FIRST SERVICE,SER,EA,67,1,27.272,27.27
BGI3,30/01/25,230,SI011941,Y,VS,3YS072,33141-CULT WASH-PL 2SER 300,33141,PACKING - CUTLERY WASHUP - POLISHING SECOND SERVIC,SER,EA,67,1,18.363,18.36
BGI3,30/01/25,230,SI011941,Y,VS,3YS095,25127- CUTL WSH-POL A330,25127,PACKING - CUTLERY WASHUP - POLISHING - A330-300,SER,EA,67,1,54.402,54.4
BGI3,30/01/25,230,SI011941,Y,VS,FAN17,19382-MILK 100% [Y],19382,FULL FAT MILK - PINT,STO,EA,67,2,4.805,9.61
BGI3,30/01/25,230,SI011941,Y,VS,FAN18,19384- MILK 2% [Y],19384,SEMI SKIMMED MILK - PINT,STO,EA,67,4,4.805,19.22
BGI3,30/01/25,230,SI011941,Y,VS,FAN19,7042-LEMON HALVES [Y],7042,LIME WEDGES,FOO,EA,67,3,5.125,15.38
BGI3,30/01/25,230,SI011941,Y,VS,FAN20,19380- WET ICE [6LB BAG] [Y],19380,WET ICE,WET,EA,67,3,2.942,8.83
BGI3,30/01/25,230,SI011941,Y,VS,YBE11,174148-BREAKFAST BOX,174148,,,EA,67,64,8.412,538.37
BGI3,30/01/25,230,SI011941,Y,VS,YBE24,LO6953-OTIS SPUNKMEYER MUFFIN,LO6953,OTIS SPUNKMEYER MUFFIN,FOO,EA,67,64,1.872,119.81
BGI3,30/01/25,230,SI011941,Y,VS,YDE116,LO7778 - RO CHIX W PEPPERCORN,LO7778,ROASTED CHIX PEPPER SAU MASHED POTATO VEG,FOO,EA,67,45,8.748,393.66
BGI3,30/01/25,230,SI011941,Y,VS,YDE117,LO7779 - MAC PIE W TOM SAUCE,LO7779,MACARONI PIE TOMATO ROSE CREAMY SAUCE,FOO,EA,67,19,5.378,102.18
BGI3,30/01/25,230,SI011941,Y,VS,YDT30,LO2623 - MAIN MEAL TRAY SET UP,LO2623,TRAY SET UP,SER,EA,67,64,8.72,558.08
BGI3,30/01/25,230,SI011941,Y,VS,YPAX03,23240- PER PASSENGER CHARGE[Y],23240,OVERHEAD - Y PAX OVERHEAD - PER PAX,SER,EA,67,59,13.856,817.5
BGI3,30/01/25,230,SI011941,YC,VS,2CE069, COCO CURRY,LO8708,WILD RICE COCONUT CURRY SAUCE VEG,FOO,EA,12,3,6.438,19.31
BGI3,30/01/25,230,SI011941,YC,VS,2CE070,LO8709 - GARLIC MASH CHIX THIG,LO8709,GARLIC MASH SEARED CHIX GREEN PEPPERCORN SAUCE,FOO,EA,12,3,10.838,32.51
BGI3,30/01/25,230,SI011941,YC,VS,2CE071,LO8710 - MAHI W GARL ORZO PAS,LO8710,SEARED MAHI ORZO PASTA CREOLE SAUCE VEG,FOO,EA,12,2,12.378,24.76
BGI3,30/01/25,230,SI011941,YC,VS,2CE072,LO8711 - PORKLOIN W PO GRATIN,LO8711,SEARED PORK POTATO GRATIN VEG,FOO,EA,12,2,13.84,27.68
BGI3,30/01/25,230,SI011941,YC,VS,2CE073,LO8712 - CHEESE RAVIOLI,LO8712,CHEESE RAVIOLI,FOO,EA,12,2,8.718,17.44
BGI3,30/01/25,230,SI011941,YC,VS,2CFF11,LO4110-WHOLE FRUIT 1,LO4110,SEASONAL WHOLE FRUIT OPTION 1,FOO,EA,12,6,4.622,27.73
BGI3,30/01/25,230,SI011941,YC,VS,2CFF12,LO4111-WHOLE FRUIT 2,LO4111,SEASONAL WHOLE FRUIT OPT 2,FOO,EA,12,6,4.622,27.73
BGI3,30/01/25,230,SI011941,YC,VS,2CFS44,LO5113- EGG SALAD SANDWICH,LO5113,EGG SALAD SANDWICH,FOO,EA,12,3,5.374,16.12
BGI3,30/01/25,230,SI011941,YC,VS,2CFS45,LO5115- TUNASALAD SANDWICH,LO5115,TUNA SALAD SANDWICH,FOO,EA,12,2,6.734,13.47
BGI3,30/01/25,230,SI011941,YC,VS,2CFS49,LO5119- BAP - STREAKY BACON,LO5119,SCOTTISH BAP WITH BACON,FOO,EA,12,4,4.866,19.46
BGI3,30/01/25,230,SI011941,YC,VS,2CFS52,LO5368- PLAIN BAGEL -PC CR CH,LO5368,PLAIN BAGEL WITH PC CREAM CHEESE,FOO,EA,12,4,4.086,16.34
BGI3,30/01/25,230,SI011941,YC,VS,2CFS77,LO8713 - HAM SANDWICH,LO8713,HAM SANDWICH,FOO,EA,12,3,7.734,23.2
BGI3,30/01/25,230,SI011941,YC,VS,2CFS78,LO8714 - CHEESE TOMATO WRAP,LO8714,CHEESE TOMATO CUCUMBER WRAP,FOO,EA,12,2,6.694,13.39
BGI3,30/01/25,230,SI011941,YC,VS,2CFS79,LO8715 - CHICKEN CHEESE BAGEL,LO8715,CHICKEN AND CHEESE BAGEL,FOO,EA,12,2,5.014,10.03
BGI3,30/01/25,230,SI011941,YC,VS,2CFS80,LO8716 - TURKEY SANDWICH,LO8716,TURKEY SANDWICH,FOO,EA,12,4,7.896,31.58
BGI3,30/01/25,230,SI011941,YC,VS,2CFS81, CHUTNE,LO8718,TILLAMOOK CHEESE CARR TROPICAL CHUTNEY,FOO,EA,12,6,6.788,40.73
BGI3,30/01/25,230,SI011941,YC,VS,2CFS82,LO8717 - PROTEIN POT W OLIVES,LO8717,PUMPKIN HUMMUS C CHEESE BLACK OLIVES PITTA BREAD T,FOO,EA,12,6,6.904,41.42
BGI3,30/01/25,230,SI011941,YC,VS,CPAX02,28728- C CREW SVC CHARGE,28728,OVERHEAD - CC OVERHEAD - PER PAX,SER,EA,12,12,25.48,305.76
BGI3,31/01/25,664,SI011945,F,VS,FAN12,19381- MILK 100%,19381,FULL FAT MILK - PINT,STO,EA,16,4,4.805,19.22
BGI3,31/01/25,664,SI011945,F,VS,FAN13,19383- MILK 2%,19383,SEMI SKIMMED MILK - PINT,STO,EA,16,2,4.805,9.61
BGI3,31/01/25,664,SI011945,F,VS,FAN14,19385-LEMON HALVES,19385,LEMON WEDGES,FOO,EA,16,2,5.125,10.25
BGI3,31/01/25,664,SI011945,F,VS,FAN21,19379-WET ICE[6LB BAG],19379,WET ICE,WET,EA,16,4,2.942,11.77
BGI3,31/01/25,664,SI011945,F,VS,FAN23,LO7607-CUCUMBER SLICES,LO7607,CUCUMBER SLICES,FOO,EA,16,1,7.686,7.69
BGI3,31/01/25,664,SI011945,F,VS,FAN30,7041- LIME WEDGES,7041,LIME WEDGES,FOO,EA,16,2,4.78,9.56
BGI3,31/01/25,664,SI011945,F,VS,FAN33,23212 - BULK EQUIPMENT,23212,BULK EQUIPMENT,EQU,EA,16,16,1.779,28.46
BGI3,31/01/25,664,SI011945,F,VS,FBD91,LO7757 -WHOLE WHEAT - FLAXSEED,LO7757,WHOLE WHEAT - FLAXSEED KNOT ROLL,FOO,EA,16,8,2.446,19.57
BGI3,31/01/25,664,SI011945,F,VS,FBD92,LO7758 -BLACK OLIVE - GAR ROLL,LO7758,BLACK OLIVE AND GARLIC ROLL,FOO,EA,16,8,2.516,20.13
BGI3,31/01/25,664,SI011945,F,VS,FBD93,LO7759 -CHEDDAR - ONION ROLL,LO7759,CHEDDAR CHEESE AND ONION ROLL,FOO,EA,16,8,2.446,19.57
BGI3,31/01/25,664,SI011945,F,VS,FBT14,LO7770- FRUIT PLATE,LO7770,FRUIT PLATE,FOO,EA,16,8,6.598,52.78
BGI3,31/01/25,664,SI011945,F,VS,FBT16,LO7126 - PLAIN GREEK YOGH FULL,LO7126,PLAIN GREEK YOGHURT - 907 GRAMS,STO,EA,16,1,13.612,13.61
BGI3,31/01/25,664,SI011945,F,VS,FBT17,LO7127- GRANOLA FULL,LO7127,GRANOLA WHOLE GRAIN - 360 GRAMS,STO,EA,16,1,16.562,16.56
BGI3,31/01/25,664,SI011945,F,VS,FBT18,LO7771 - BANANA MUFFIN,LO7771,BANANA MUFFIN,FOO,EA,16,8,3.272,26.18
BGI3,31/01/25,664,SI011945,F,VS,FCE155,LO7764 -HERB CHIX W POT GRATIN,LO7764,HERBED CHIX POTATO GRATIN CORN AND PEPPER,FOO,EA,16,8,12.582,100.66
BGI3,31/01/25,664,SI011945,F,VS,FCE156,LO7765 - MAHI MAHI W WILD RICE,LO7765,SPICED MAHI TURMERIC WILD RICE COCONUT CURRY,FOO,EA,16,5,14.292,71.46
BGI3,31/01/25,664,SI011945,F,VS,FCE157,LO7766 - VEG LASAGNA,LO7766,VEGETABLE LASGNA DUO SCALES,FOO,EA,16,3,12.42,37.26
BGI3,31/01/25,664,SI011945,F,VS,FCF16,LO5500- PICK YOUR OWN,LO5500,CARIBBEAN FRUIT WHOLE [ASSORTED],FOO,EA,16,1,26.288,26.29
BGI3,31/01/25,664,SI011945,F,VS,FCS153,LO8803 - JERK PORK SATAYS,LO8803,,,EA,16,8,6.072,48.58
BGI3,31/01/25,664,SI011945,F,VS,FCS154,LO8804 - PUMKIN HUMMUS,LO8804,,,EA,16,10,5.176,51.76
BGI3,31/01/25,664,SI011945,F,VS,FDD106,LO7762 -SAVOURY CHEESE PLATE,LO7762,STILTON CHEEDAR GOAT GRAPE CHUTNEY,FOO,EA,16,10,7.53,75.3
BGI3,31/01/25,664,SI011945,F,VS,FDD108,LO8805 - DOUBLE CHOC CHE CAKE,LO8805,,,EA,16,6,5.38,32.28
BGI3,31/01/25,664,SI011945,F,VS,FDD109,LO8806 - CARAMEL - PUMKIN BREA,LO8806,,,EA,16,8,4.83,38.64
BGI3,31/01/25,664,SI011945,F,VS,FDT007,LO4801- BUTTER,LO4801,BUTTER [PIPED] BULK LOAED,FOO,EA,16,16,1.042,16.67
BGI3,31/01/25,664,SI011945,F,VS,FHB69,LO4240-BACON BAP,LO4240,BACON BAP,FOO,EA,16,3,5.18,15.54
BGI3,31/01/25,664,SI011945,F,VS,FHB83,LO7767 -SCRAM EGG BB SAUS,LO7767,SCRAMBLE EGGS BACK BACON SAUSAGE BAKED BEANS,FOO,EA,16,8,9.72,77.76
BGI3,31/01/25,664,SI011945,F,VS,FHB84,LO7768 - PEPP - CHEE OMELETTE,LO7768,PEPPER AND CHEESE OMELETTE SPINACH SWEET POTATO,FOO,EA,16,3,7.85,23.55
BGI3,31/01/25,664,SI011945,F,VS,FHB85,LO7769 - CHOCO CHIP PANCAKE,LO7769,CHOCOLATE CHIP PANCAKESPICED PINEAPPLE AND BERRY C,FOO,EA,16,5,6.31,31.55
BGI3,31/01/25,664,SI011945,F,VS,FPAX04,23234-PER PASSENGER CHARGE,23234,OVERHEAD - J PAX OVERHEAD - PER PAX,SER,EA,16,16,36.774,588.38
BGI3,31/01/25,664,SI011945,J,VS,1JVG01,SP124621 - VGML [J/C],SP124621,VGML,FOO,EA,56,1,14.694,14.69
BGI3,31/01/25,664,SI011945,J,VS,JBE41, PORK SAUG,LO7775,SCRAMBLE EGG PORK SAUSAGE BACK BACON BAKED BEANS,FOO,EA,56,28,6.378,178.58
BGI3,31/01/25,664,SI011945,J,VS,JBE42,LO7776 -EGG - VEG FRITATTA,LO7776,EGG - VEGETABLE FRITATTA SWEET POTATO BLISTERED CH,FOO,EA,56,17,7.518,127.81
BGI3,31/01/25,664,SI011945,J,VS,JBE43,LO7777 -CHOC CHIP PANCAKES,LO7777,CHOCOLATE CHIP PANCAKE CARMALIZED PINEAPPLE AND BE,FOO,EA,56,11,5.378,59.16
BGI3,31/01/25,664,SI011945,J,VS,JCE119,LO7772 -CREOLE CHIX W GAR ORZO,LO7772,SEARED CHIX CREOLE SAUCE GARLIZ ORZO,FOO,EA,56,36,8.69,312.84
BGI3,31/01/25,664,SI011945,J,VS,JCE121,LO7773 -MAHI MAHI W MAS POT,LO7773,SEARED MAHI GARLIC MASH BLISTETED TOMATO,FOO,EA,56,17,11.298,192.07
BGI3,31/01/25,664,SI011945,J,VS,JCE122,LO7774-WILD RICE COCO CURRY,LO7774,WILD RICE COCONUT CURRY SAUCE FRIED PLANTAIN,FOO,EA,56,11,7.248,79.73
BGI3,31/01/25,664,SI011945,J,VS,JDT33,LO2622- TRAY SET MM,LO2622,TRAY SET UP,SER,EA,56,55,16.138,887.59
BGI3,31/01/25,664,SI011945,J,VS,JPAX02,23237-PER PASSENGER CHARGE,23237,OVERHEAD - W PAX OVERHEAD - PER PAX,SER,EA,56,55,16.939,931.65
BGI3,31/01/25,664,SI011945,Y,VS,1YCH04,SP124709- CHML [Y/C],SP124709,CHML,FOO,EA,325,6,14.622,87.73
BGI3,31/01/25,664,SI011945,Y,VS,1YDB01,SP124707 - DBML [Y/C],SP124707,DBML,FOO,EA,325,1,22.504,22.5
BGI3,31/01/25,664,SI011945,Y,VS,1YGF01,SP124706 - GFML [Y/C],SP124706,GFML,FOO,EA,325,2,22.504,45.01
BGI3,31/01/25,664,SI011945,Y,VS,1YVL01,SP124698- VLML [Y/C],SP124698,VLML,FOO,EA,325,8,12.154,97.23
BGI3,31/01/25,664,SI011945,Y,VS,3YS022,ORANGE LINEN BAG,151383,LAUNDRY - BAG LINEN ORANGE 2014,LAU,EA,325,1,1.969,1.97
BGI3,31/01/25,664,SI011945,Y,VS,3YS023,LINEN TABLECLOTH,3526,LAUNDRY - TABLE CLOTH/RUNNER 2014,LAU,EA,325,1,0.652,0.65
BGI3,31/01/25,664,SI011945,Y,VS,3YS024,LINEN NAPKINS,3527,LAUNDRY - LINEN FOLDED NAPKIN 2014,LAU,EA,325,32,0.522,16.7
BGI3,31/01/25,664,SI011945,Y,VS,3YS032,145995-EQUIP PK - STORES 300,145995,PACKING - FLIGHT PACKING - A330-300,SER,EA,325,1,167.95,167.95
BGI3,31/01/25,664,SI011945,Y,VS,3YS035,145991-TRANS.- HANDLING 33J,145991,TURNAROUND - STRIP - LOAD - A330-300 - 3 FLIGHTS,SER,EA,325,1,483.897,483.9
BGI3,31/01/25,664,SI011945,Y,VS,3YS036,145994- WASH UP A330-300,145994,WASH UP - WASH UP - A330-900,SER,EA,325,1,404.383,404.38
BGI3,31/01/25,664,SI011945,Y,VS,3YS038,17.5% VAT ON LAUNDRY CHRG 33J,51069SALE,SALES TAX - LAUNDRY,VAT,EA,325,1,10.961,10.96
BGI3,31/01/25,664,SI011945,Y,VS,3YS063,25137-CUTLERY WRAP 1ST SERV 33,25137,PACKING - CUTLERY WRAPPING FIRST SERVICE - A330-30,SER,EA,325,1,8.435,8.44
BGI3,31/01/25,664,SI011945,Y,VS,3YS064,33819-CUTLERY WRAP 2ND SERV 33,33819,PACKING - CUTLERY WRAPPING SECOND SERVICE - A330-3,SER,EA,325,1,8.435,8.44
BGI3,31/01/25,664,SI011945,Y,VS,3YS071,32673-CULT WASH-PL 1SER 300,32673,PACKING - CUTLERY WASHUP - POLISHING FIRST SERVICE,SER,EA,325,1,27.272,27.27
BGI3,31/01/25,664,SI011945,Y,VS,3YS072,33141-CULT WASH-PL 2SER 300,33141,PACKING - CUTLERY WASHUP - POLISHING SECOND SERVIC,SER,EA,325,1,18.363,18.36
BGI3,31/01/25,664,SI011945,Y,VS,3YS095,25127- CUTL WSH-POL A330,25127,PACKING - CUTLERY WASHUP - POLISHING - A330-300,SER,EA,325,1,54.402,54.4
BGI3,31/01/25,664,SI011945,Y,VS,FAN17,19382-MILK 100% [Y],19382,FULL FAT MILK - PINT,STO,EA,325,2,4.805,9.61
BGI3,31/01/25,664,SI011945,Y,VS,FAN18,19384- MILK 2% [Y],19384,SEMI SKIMMED MILK - PINT,STO,EA,325,4,4.805,19.22
BGI3,31/01/25,664,SI011945,Y,VS,FAN19,7042-LEMON HALVES [Y],7042,LIME WEDGES,FOO,EA,325,8,5.125,41
BGI3,31/01/25,664,SI011945,Y,VS,FAN20,19380- WET ICE [6LB BAG] [Y],19380,WET ICE,WET,EA,325,8,2.942,23.54
BGI3,31/01/25,664,SI011945,Y,VS,YBE11,174148-BREAKFAST BOX,174148,,,EA,325,308,8.412,2590.9
BGI3,31/01/25,664,SI011945,Y,VS,YBE24,LO6953-OTIS SPUNKMEYER MUFFIN,LO6953,OTIS SPUNKMEYER MUFFIN,FOO,EA,325,308,1.872,576.58
BGI3,31/01/25,664,SI011945,Y,VS,YDE116,LO7778 - RO CHIX W PEPPERCORN,LO7778,ROASTED CHIX PEPPER SAU MASHED POTATO VEG,FOO,EA,325,216,8.748,1889.57
BGI3,31/01/25,664,SI011945,Y,VS,YDE117,LO7779 - MAC PIE W TOM SAUCE,LO7779,MACARONI PIE TOMATO ROSE CREAMY SAUCE,FOO,EA,325,92,5.378,494.78
BGI3,31/01/25,664,SI011945,Y,VS,YDT30,LO2623 - MAIN MEAL TRAY SET UP,LO2623,TRAY SET UP,SER,EA,325,308,8.72,2685.76
BGI3,31/01/25,664,SI011945,Y,VS,YPAX03,23240- PER PASSENGER CHARGE[Y],23240,OVERHEAD - Y PAX OVERHEAD - PER PAX,SER,EA,325,308,13.856,4267.65
BGI3,31/01/25,664,SI011945,YC,VS,2CE069, COCO CURRY,LO8708,WILD RICE COCONUT CURRY SAUCE VEG,FOO,EA,12,3,6.438,19.31
BGI3,31/01/25,664,SI011945,YC,VS,2CE070,LO8709 - GARLIC MASH CHIX THIG,LO8709,GARLIC MASH SEARED CHIX GREEN PEPPERCORN SAUCE,FOO,EA,12,3,10.838,32.51
BGI3,31/01/25,664,SI011945,YC,VS,2CE071,LO8710 - MAHI W GARL ORZO PAS,LO8710,SEARED MAHI ORZO PASTA CREOLE SAUCE VEG,FOO,EA,12,2,12.378,24.76
BGI3,31/01/25,664,SI011945,YC,VS,2CE072,LO8711 - PORKLOIN W PO GRATIN,LO8711,SEARED PORK POTATO GRATIN VEG,FOO,EA,12,2,13.84,27.68
BGI3,31/01/25,664,SI011945,YC,VS,2CE073,LO8712 - CHEESE RAVIOLI,LO8712,CHEESE RAVIOLI,FOO,EA,12,2,8.718,17.44
BGI3,31/01/25,664,SI011945,YC,VS,2CFF11,LO4110-WHOLE FRUIT 1,LO4110,SEASONAL WHOLE FRUIT OPTION 1,FOO,EA,12,6,4.622,27.73
BGI3,31/01/25,664,SI011945,YC,VS,2CFF12,LO4111-WHOLE FRUIT 2,LO4111,SEASONAL WHOLE FRUIT OPT 2,FOO,EA,12,6,4.622,27.73
BGI3,31/01/25,664,SI011945,YC,VS,2CFS44,LO5113- EGG SALAD SANDWICH,LO5113,EGG SALAD SANDWICH,FOO,EA,12,3,5.374,16.12
BGI3,31/01/25,664,SI011945,YC,VS,2CFS45,LO5115- TUNASALAD SANDWICH,LO5115,TUNA SALAD SANDWICH,FOO,EA,12,2,6.734,13.47
BGI3,31/01/25,664,SI011945,YC,VS,2CFS49,LO5119- BAP - STREAKY BACON,LO5119,SCOTTISH BAP WITH BACON,FOO,EA,12,4,4.866,19.46
BGI3,31/01/25,664,SI011945,YC,VS,2CFS52,LO5368- PLAIN BAGEL -PC CR CH,LO5368,PLAIN BAGEL WITH PC CREAM CHEESE,FOO,EA,12,4,4.086,16.34
BGI3,31/01/25,664,SI011945,YC,VS,2CFS77,LO8713 - HAM SANDWICH,LO8713,HAM SANDWICH,FOO,EA,12,3,7.734,23.2
BGI3,31/01/25,664,SI011945,YC,VS,2CFS78,LO8714 - CHEESE TOMATO WRAP,LO8714,CHEESE TOMATO CUCUMBER WRAP,FOO,EA,12,2,6.694,13.39
BGI3,31/01/25,664,SI011945,YC,VS,2CFS79,LO8715 - CHICKEN CHEESE BAGEL,LO8715,CHICKEN AND CHEESE BAGEL,FOO,EA,12,2,5.014,10.03
BGI3,31/01/25,664,SI011945,YC,VS,2CFS80,LO8716 - TURKEY SANDWICH,LO8716,TURKEY SANDWICH,FOO,EA,12,4,7.896,31.58
BGI3,31/01/25,664,SI011945,YC,VS,2CFS81, CHUTNE,LO8718,TILLAMOOK CHEESE CARR TROPICAL CHUTNEY,FOO,EA,12,6,6.788,40.73
BGI3,31/01/25,664,SI011945,YC,VS,2CFS82,LO8717 - PROTEIN POT W OLIVES,LO8717,PUMPKIN HUMMUS C CHEESE BLACK OLIVES PITTA BREAD T,FOO,EA,12,6,6.904,41.42
BGI3,31/01/25,664,SI011945,YC,VS,CPAX02,28728- C CREW SVC CHARGE,28728,OVERHEAD - CC OVERHEAD - PER PAX,SER,EA,12,12,25.48,305.76
BGI3,31/01/25,187A,SI011942,F,VS,FPAX06,F PAX CHG SHUTTLE,23234ISLAND,OVERHEAD - J INTERISLAND OVERHEAD - PER PAX,SER,EA,7,7,0.831,5.82
BGI3,31/01/25,187A,SI011942,F,VS,JSN04,LO7128 - ORIGINAL SHIRLEY,LO7128,ORIGINAL SHIRLEY BISCUIT,STO,EA,7,7,1.096,7.67
BGI3,31/01/25,187A,SI011942,J,VS,JPAX03,J PAX CHG SHUTTLE,23237ISLAND,OVERHEAD - W INTERISLAND OVERHEAD - PER PAX,SER,EA,20,20,0.831,16.62
BGI3,31/01/25,187A,SI011942,J,VS,JSN05,LO7135 - ORIGINAL SHIRLEY,LO7135,ORIGINAL SHIRLEY BISCUIT,STO,EA,20,20,1.096,21.92
BGI3,31/01/25,187A,SI011942,Y,VS,3YS035,145991-TRANS.- HANDLING 33J,145991,TURNAROUND - STRIP - LOAD - A330-300 - 3 FLIGHTS,SER,EA,103,1,483.897,483.9
BGI3,31/01/25,187A,SI011942,Y,VS,FAN35,WATER 1.5LT,LO2664,INTERISLAND 1.5 LTR WATER,STO,EA,103,18,2.36,42.48
BGI3,31/01/25,187A,SI011942,Y,VS,FAN36,ORANGE JUICE 1LT,3354,BEVERAGE- ORANGE JUICE - 1 LT,STO,EA,103,5,2.124,10.62
BGI3,31/01/25,187A,SI011942,Y,VS,JSN06,LO7138 - ORIGINAL SHIRLEY,LO7138,ORIGINAL SHIRLEY BISCUIT,STO,EA,103,103,1.096,112.89
BGI3,31/01/25,187A,SI011942,Y,VS,YPAX04,Y PAX CHG SHUTTLE,23240ISLAND,OVERHEAD - Y INTERISLAND OVERHEAD - PER PAX,SER,EA,103,103,0.831,85.59
BGI3,31/01/25,187A,SI011942,YC,VS,2CFF12,LO4111-WHOLE FRUIT 2,LO4111,SEASONAL WHOLE FRUIT OPT 2,FOO,EA,12,5,4.622,23.11
BGI3,31/01/25,187A,SI011942,YC,VS,2CFF13,LO4268 - WHOLE FRUIT 1,LO4268,SEASONAL WHOLE FRUIT OPT 1,FOO,EA,12,7,4.662,32.63
BGI3,31/01/25,187A,SI011942,YC,VS,2CFS55,LO6303 - TUNA SANDWICH,LO6303,TUNA SANDWICH,FOO,EA,12,5,6.734,33.67
BGI3,31/01/25,187A,SI011942,YC,VS,2CFS83,LO7721 - EGG SANDWICH,LO7721,EGG SALAD SANDWICH,FOO,EA,12,7,5.374,37.62
BGI3,31/01/25,187A,SI011942,YC,VS,CPAX04,C PAX CHG SHUTTLE,28728,OVERHEAD - CC OVERHEAD - PER PAX,SER,EA,12,12,22.261,267.13
BGI3,31/01/25,187A,SI011942,YC,VS,FAN37,LO2664 - CREW WATER 1.5 LT,LO2664,INTERISLAND 1.5 LTR WATER,STO,EA,12,12,2.272,27.26
BGI3,31/01/25,187A,SI011942,YC,VS,JSN07,LO7722 - ORIG SHIRLEY CREW,LO7722,ORIGINAL SHIRLEY BISCUIT,STO,EA,12,12,1.096,13.15
BGI3,31/01/25,188,SI011944,F,VS,1POAM2,SP170097 - OAML,SP170097,OAML,FOO,EA,31,2,12.582,25.16
BGI3,31/01/25,188,SI011944,F,VS,1POBM2,SP170098 - OBML,SP170098,OBML,FOO,EA,31,4,14.292,57.17
BGI3,31/01/25,188,SI011944,F,VS,1POSML,SP170101 - OSML,SP170101,OSML,FOO,EA,31,1,10.91,10.91
BGI3,31/01/25,188,SI011944,F,VS,1POTML,SP170102 - OTML,SP170102,OTML,FOO,EA,31,5,9.48,47.4
BGI3,31/01/25,188,SI011944,F,VS,1POUML,SP173624 - OUML,SP173624,OUML,FOO,EA,31,2,12.36,24.72
BGI3,31/01/25,188,SI011944,F,VS,FAN12,19381- MILK 100%,19381,FULL FAT MILK - PINT,STO,EA,31,4,4.805,19.22
BGI3,31/01/25,188,SI011944,F,VS,FAN13,19383- MILK 2%,19383,SEMI SKIMMED MILK - PINT,STO,EA,31,2,4.805,9.61
BGI3,31/01/25,188,SI011944,F,VS,FAN14,19385-LEMON HALVES,19385,LEMON WEDGES,FOO,EA,31,2,5.125,10.25
BGI3,31/01/25,188,SI011944,F,VS,FAN21,19379-WET ICE[6LB BAG],19379,WET ICE,WET,EA,31,4,2.942,11.77
BGI3,31/01/25,188,SI011944,F,VS,FAN23,LO7607-CUCUMBER SLICES,LO7607,CUCUMBER SLICES,FOO,EA,31,1,7.686,7.69
BGI3,31/01/25,188,SI011944,F,VS,FAN30,7041- LIME WEDGES,7041,LIME WEDGES,FOO,EA,31,2,4.78,9.56
BGI3,31/01/25,188,SI011944,F,VS,FAN33,23212 - BULK EQUIPMENT,23212,BULK EQUIPMENT,EQU,EA,31,31,1.779,55.15
BGI3,31/01/25,188,SI011944,F,VS,FBD91,LO7757 -WHOLE WHEAT - FLAXSEED,LO7757,WHOLE WHEAT - FLAXSEED KNOT ROLL,FOO,EA,31,16,2.446,39.14
BGI3,31/01/25,188,SI011944,F,VS,FBD92,LO7758 -BLACK OLIVE - GAR ROLL,LO7758,BLACK OLIVE AND GARLIC ROLL,FOO,EA,31,16,2.516,40.26
BGI3,31/01/25,188,SI011944,F,VS,FBD93,LO7759 -CHEDDAR - ONION ROLL,LO7759,CHEDDAR CHEESE AND ONION ROLL,FOO,EA,31,15,2.446,36.69
BGI3,31/01/25,188,SI011944,F,VS,FBT14,LO7770- FRUIT PLATE,LO7770,FRUIT PLATE,FOO,EA,31,16,6.598,105.57
BGI3,31/01/25,188,SI011944,F,VS,FBT16,LO7126 - PLAIN GREEK YOGH FULL,LO7126,PLAIN GREEK YOGHURT - 907 GRAMS,STO,EA,31,1,13.612,13.61
BGI3,31/01/25,188,SI011944,F,VS,FBT17,LO7127- GRANOLA FULL,LO7127,GRANOLA WHOLE GRAIN - 360 GRAMS,STO,EA,31,1,16.562,16.56
BGI3,31/01/25,188,SI011944,F,VS,FBT18,LO7771 - BANANA MUFFIN,LO7771,BANANA MUFFIN,FOO,EA,31,16,3.272,52.35
BGI3,31/01/25,188,SI011944,F,VS,FCE155,LO7764 -HERB CHIX W POT GRATIN,LO7764,HERBED CHIX POTATO GRATIN CORN AND PEPPER,FOO,EA,31,8,12.582,100.66
BGI3,31/01/25,188,SI011944,F,VS,FCE156,LO7765 - MAHI MAHI W WILD RICE,LO7765,SPICED MAHI TURMERIC WILD RICE COCONUT CURRY,FOO,EA,31,5,14.292,71.46
BGI3,31/01/25,188,SI011944,F,VS,FCE157,LO7766 - VEG LASAGNA,LO7766,VEGETABLE LASGNA DUO SCALES,FOO,EA,31,3,12.42,37.26
BGI3,31/01/25,188,SI011944,F,VS,FCF16,LO5500- PICK YOUR OWN,LO5500,CARIBBEAN FRUIT WHOLE [ASSORTED],FOO,EA,31,1,26.288,26.29
BGI3,31/01/25,188,SI011944,F,VS,FCS153,LO8803 - JERK PORK SATAYS,LO8803,,,EA,31,16,6.072,97.15
BGI3,31/01/25,188,SI011944,F,VS,FCS154,LO8804 - PUMKIN HUMMUS,LO8804,,,EA,31,18,5.176,93.17
BGI3,31/01/25,188,SI011944,F,VS,FDD106,LO7762 -SAVOURY CHEESE PLATE,LO7762,STILTON CHEEDAR GOAT GRAPE CHUTNEY,FOO,EA,31,19,7.53,143.07
BGI3,31/01/25,188,SI011944,F,VS,FDD108,LO8805 - DOUBLE CHOC CHE CAKE,LO8805,,,EA,31,12,5.38,64.56
BGI3,31/01/25,188,SI011944,F,VS,FDD109,LO8806 - CARAMEL - PUMKIN BREA,LO8806,,,EA,31,16,4.83,77.28
BGI3,31/01/25,188,SI011944,F,VS,FDT007,LO4801- BUTTER,LO4801,BUTTER [PIPED] BULK LOAED,FOO,EA,31,31,1.042,32.3
BGI3,31/01/25,188,SI011944,F,VS,FHB69,LO4240-BACON BAP,LO4240,BACON BAP,FOO,EA,31,11,5.18,56.98
BGI3,31/01/25,188,SI011944,F,VS,FHB83,LO7767 -SCRAM EGG BB SAUS,LO7767,SCRAMBLE EGGS BACK BACON SAUSAGE BAKED BEANS,FOO,EA,31,16,9.72,155.52
BGI3,31/01/25,188,SI011944,F,VS,FHB84,LO7768 - PEPP - CHEE OMELETTE,LO7768,PEPPER AND CHEESE OMELETTE SPINACH SWEET POTATO,FOO,EA,31,4,7.85,31.4
BGI3,31/01/25,188,SI011944,F,VS,FHB85,LO7769 - CHOCO CHIP PANCAKE,LO7769,CHOCOLATE CHIP PANCAKESPICED PINEAPPLE AND BERRY C,FOO,EA,31,6,6.31,37.86
BGI3,31/01/25,188,SI011944,F,VS,FPAX04,23234-PER PASSENGER CHARGE,23234,OVERHEAD - J PAX OVERHEAD - PER PAX,SER,EA,31,31,36.774,1139.99
BGI3,31/01/25,188,SI011944,J,VS,1JSP01,SP124623 - JAIN [J/C],SP124623,VJML,FOO,EA,48,1,16.278,16.28
BGI3,31/01/25,188,SI011944,J,VS,1PWAM2,SP170105 - WAM2,SP170105,WAML,FOO,EA,48,10,8.69,86.9
BGI3,31/01/25,188,SI011944,J,VS,1PWBM2,SP170106 - WBM2,SP170106,WBML,FOO,EA,48,1,11.298,11.3
BGI3,31/01/25,188,SI011944,J,VS,JBE41, PORK SAUG,LO7775,SCRAMBLE EGG PORK SAUSAGE BACK BACON BAKED BEANS,FOO,EA,48,24,6.378,153.07
BGI3,31/01/25,188,SI011944,J,VS,JBE42,LO7776 -EGG - VEG FRITATTA,LO7776,EGG - VEGETABLE FRITATTA SWEET POTATO BLISTERED CH,FOO,EA,48,9,7.518,67.66
BGI3,31/01/25,188,SI011944,J,VS,JBE43,LO7777 -CHOC CHIP PANCAKES,LO7777,CHOCOLATE CHIP PANCAKE CARMALIZED PINEAPPLE AND BE,FOO,EA,48,14,5.378,75.29
BGI3,31/01/25,188,SI011944,J,VS,JCE119,LO7772 -CREOLE CHIX W GAR ORZO,LO7772,SEARED CHIX CREOLE SAUCE GARLIZ ORZO,FOO,EA,48,23,8.69,199.87
BGI3,31/01/25,188,SI011944,J,VS,JCE121,LO7773 -MAHI MAHI W MAS POT,LO7773,SEARED MAHI GARLIC MASH BLISTETED TOMATO,FOO,EA,48,11,11.298,124.28
BGI3,31/01/25,188,SI011944,J,VS,JCE122,LO7774-WILD RICE COCO CURRY,LO7774,WILD RICE COCONUT CURRY SAUCE FRIED PLANTAIN,FOO,EA,48,7,7.248,50.74
BGI3,31/01/25,188,SI011944,J,VS,JDT33,LO2622- TRAY SET MM,LO2622,TRAY SET UP,SER,EA,48,47,16.138,758.49
BGI3,31/01/25,188,SI011944,J,VS,JPAX02,23237-PER PASSENGER CHARGE,23237,OVERHEAD - W PAX OVERHEAD - PER PAX,SER,EA,48,38,16.939,643.68
BGI3,31/01/25,188,SI011944,Y,VS,1YAV01,SP124700- AVML [Y/C],SP124700,AVML,FOO,EA,185,7,15.115,105.81
BGI3,31/01/25,188,SI011944,Y,VS,1YBA02,BABY MEAL - CATERER OWNED,SP124710,BBML,STO,EA,185,1,15.93,15.93
BGI3,31/01/25,188,SI011944,Y,VS,1YDB01,SP124707 - DBML [Y/C],SP124707,DBML,FOO,EA,185,1,22.504,22.5
BGI3,31/01/25,188,SI011944,Y,VS,1YHN01,SP124703 - HNML [Y/C],SP124703,HNML,FOO,EA,185,3,17.178,51.53
BGI3,31/01/25,188,SI011944,Y,VS,1YMO01,SP124702 - MOML [Y/C],SP124702,MOML,FOO,EA,185,1,12.154,12.15
BGI3,31/01/25,188,SI011944,Y,VS,1YVG01,SP124699- VGML [Y/C],SP124699,VGML,FOO,EA,185,3,14.694,44.08
BGI3,31/01/25,188,SI011944,Y,VS,1YVL01,SP124698- VLML [Y/C],SP124698,VLML,FOO,EA,185,2,12.154,24.31
BGI3,31/01/25,188,SI011944,Y,VS,3YDS01,3354- ORANGE JUICE-1LT,3354,BEVERAGES - ORANGE JUICE - 1 LT,STO,EA,185,29,2.124,61.6
BGI3,31/01/25,188,SI011944,Y,VS,3YDS02,3335-TOMATO JUICE 1LT,3335,BEVERAGES - TOMATO JUICE - 1 LT,STO,EA,185,1,4.057,4.06
BGI3,31/01/25,188,SI011944,Y,VS,3YDS03,3376-CRANBERRY JUICE,3376,BEVERAGES - CRANBERRY JUICE - 1 LT,STO,EA,185,2,5.101,10.2
BGI3,31/01/25,188,SI011944,Y,VS,3YDS04,3353-APPLE JUICE 1LTR,3353,BEVERAGES - APPLE JUICE - 1 LT,STO,EA,185,17,2.124,36.11
BGI3,31/01/25,188,SI011944,Y,VS,3YDS06,3476-MINERAL WATER 1.5LT,3476,BEVERAGES - MINERAL WATER STILL - 1 LT,STO,EA,185,48,2.36,113.28
BGI3,31/01/25,188,SI011944,Y,VS,3YDS07,33169-SPARKLING WATER 1LT,33169,BEVERAGES - MINERAL WATER SPARK - 1 LT,STO,EA,185,14,3.274,45.84
BGI3,31/01/25,188,SI011944,Y,VS,3YDS11,213774-PLASTIC BAG,213774,EQUIPMENT - BAG- PLASTIC BAG,EQU,EA,185,1,0.368,0.37
BGI3,31/01/25,188,SI011944,Y,VS,3YS022,ORANGE LINEN BAG,151383,LAUNDRY - BAG LINEN ORANGE 2014,LAU,EA,185,1,1.969,1.97
BGI3,31/01/25,188,SI011944,Y,VS,3YS023,LINEN TABLECLOTH,3526,LAUNDRY - TABLE CLOTH/RUNNER 2014,LAU,EA,185,33,0.652,21.52
BGI3,31/01/25,188,SI011944,Y,VS,3YS024,LINEN NAPKINS,3527,LAUNDRY - LINEN FOLDED NAPKIN 2014,LAU,EA,185,31,0.522,16.18
BGI3,31/01/25,188,SI011944,Y,VS,3YS032,145995-EQUIP PK - STORES 300,145995,PACKING - FLIGHT PACKING - A330-300,SER,EA,185,1,167.95,167.95
BGI3,31/01/25,188,SI011944,Y,VS,3YS035,145991-TRANS.- HANDLING 33J,145991,TURNAROUND - STRIP - LOAD - A330-300 - 3 FLIGHTS,SER,EA,185,1,483.897,483.9
BGI3,31/01/25,188,SI011944,Y,VS,3YS036,145994- WASH UP A330-300,145994,WASH UP - WASH UP - A330-900,SER,EA,185,1,404.383,404.38
BGI3,31/01/25,188,SI011944,Y,VS,3YS038,17.5% VAT ON LAUNDRY CHRG 33J,51069SALE,SALES TAX - LAUNDRY,VAT,EA,185,1,10.961,10.96
BGI3,31/01/25,188,SI011944,Y,VS,3YS063,25137-CUTLERY WRAP 1ST SERV 33,25137,PACKING - CUTLERY WRAPPING FIRST SERVICE - A330-30,SER,EA,185,1,8.435,8.44
BGI3,31/01/25,188,SI011944,Y,VS,3YS064,33819-CUTLERY WRAP 2ND SERV 33,33819,PACKING - CUTLERY WRAPPING SECOND SERVICE - A330-3,SER,EA,185,1,8.435,8.44
BGI3,31/01/25,188,SI011944,Y,VS,3YS071,32673-CULT WASH-PL 1SER 300,32673,PACKING - CUTLERY WASHUP - POLISHING FIRST SERVICE,SER,EA,185,1,27.272,27.27
BGI3,31/01/25,188,SI011944,Y,VS,3YS072,33141-CULT WASH-PL 2SER 300,33141,PACKING - CUTLERY WASHUP - POLISHING SECOND SERVIC,SER,EA,185,1,18.363,18.36
BGI3,31/01/25,188,SI011944,Y,VS,3YS095,25127- CUTL WSH-POL A330,25127,PACKING - CUTLERY WASHUP - POLISHING - A330-300,SER,EA,185,1,54.402,54.4
BGI3,31/01/25,188,SI011944,Y,VS,FAN17,19382-MILK 100% [Y],19382,FULL FAT MILK - PINT,STO,EA,185,2,4.805,9.61
BGI3,31/01/25,188,SI011944,Y,VS,FAN18,19384- MILK 2% [Y],19384,SEMI SKIMMED MILK - PINT,STO,EA,185,4,4.805,19.22
BGI3,31/01/25,188,SI011944,Y,VS,FAN19,7042-LEMON HALVES [Y],7042,LIME WEDGES,FOO,EA,185,8,5.125,41
BGI3,31/01/25,188,SI011944,Y,VS,FAN20,19380- WET ICE [6LB BAG] [Y],19380,WET ICE,WET,EA,185,8,2.942,23.54
BGI3,31/01/25,188,SI011944,Y,VS,YBE11,174148-BREAKFAST BOX,174148,,,EA,185,168,8.412,1413.22
BGI3,31/01/25,188,SI011944,Y,VS,YBE24,LO6953-OTIS SPUNKMEYER MUFFIN,LO6953,OTIS SPUNKMEYER MUFFIN,FOO,EA,185,168,1.872,314.5
BGI3,31/01/25,188,SI011944,Y,VS,YDE116,LO7778 - RO CHIX W PEPPERCORN,LO7778,ROASTED CHIX PEPPER SAU MASHED POTATO VEG,FOO,EA,185,118,8.748,1032.26
BGI3,31/01/25,188,SI011944,Y,VS,YDE117,LO7779 - MAC PIE W TOM SAUCE,LO7779,MACARONI PIE TOMATO ROSE CREAMY SAUCE,FOO,EA,185,50,5.378,268.9
BGI3,31/01/25,188,SI011944,Y,VS,YDT30,LO2623 - MAIN MEAL TRAY SET UP,LO2623,TRAY SET UP,SER,EA,185,168,8.72,1464.96
BGI3,31/01/25,188,SI011944,Y,VS,YPAX03,23240- PER PASSENGER CHARGE[Y],23240,OVERHEAD - Y PAX OVERHEAD - PER PAX,SER,EA,185,182,13.856,2521.79
BGI3,31/01/25,188,SI011944,YC,VS,2CE069, COCO CURRY,LO8708,WILD RICE COCONUT CURRY SAUCE VEG,FOO,EA,12,3,6.438,19.31
BGI3,31/01/25,188,SI011944,YC,VS,2CE070,LO8709 - GARLIC MASH CHIX THIG,LO8709,GARLIC MASH SEARED CHIX GREEN PEPPERCORN SAUCE,FOO,EA,12,3,10.838,32.51
BGI3,31/01/25,188,SI011944,YC,VS,2CE071,LO8710 - MAHI W GARL ORZO PAS,LO8710,SEARED MAHI ORZO PASTA CREOLE SAUCE VEG,FOO,EA,12,2,12.378,24.76
BGI3,31/01/25,188,SI011944,YC,VS,2CE072,LO8711 - PORKLOIN W PO GRATIN,LO8711,SEARED PORK POTATO GRATIN VEG,FOO,EA,12,2,13.84,27.68
BGI3,31/01/25,188,SI011944,YC,VS,2CE073,LO8712 - CHEESE RAVIOLI,LO8712,CHEESE RAVIOLI,FOO,EA,12,2,8.718,17.44
BGI3,31/01/25,188,SI011944,YC,VS,2CFF11,LO4110-WHOLE FRUIT 1,LO4110,SEASONAL WHOLE FRUIT OPTION 1,FOO,EA,12,6,4.622,27.73
BGI3,31/01/25,188,SI011944,YC,VS,2CFF12,LO4111-WHOLE FRUIT 2,LO4111,SEASONAL WHOLE FRUIT OPT 2,FOO,EA,12,6,4.622,27.73
BGI3,31/01/25,188,SI011944,YC,VS,2CFS44,LO5113- EGG SALAD SANDWICH,LO5113,EGG SALAD SANDWICH,FOO,EA,12,3,5.374,16.12
BGI3,31/01/25,188,SI011944,YC,VS,2CFS45,LO5115- TUNASALAD SANDWICH,LO5115,TUNA SALAD SANDWICH,FOO,EA,12,2,6.734,13.47
BGI3,31/01/25,188,SI011944,YC,VS,2CFS49,LO5119- BAP - STREAKY BACON,LO5119,SCOTTISH BAP WITH BACON,FOO,EA,12,4,4.866,19.46
BGI3,31/01/25,188,SI011944,YC,VS,2CFS52,LO5368- PLAIN BAGEL -PC CR CH,LO5368,PLAIN BAGEL WITH PC CREAM CHEESE,FOO,EA,12,4,4.086,16.34
BGI3,31/01/25,188,SI011944,YC,VS,2CFS77,LO8713 - HAM SANDWICH,LO8713,HAM SANDWICH,FOO,EA,12,3,7.734,23.2
BGI3,31/01/25,188,SI011944,YC,VS,2CFS78,LO8714 - CHEESE TOMATO WRAP,LO8714,CHEESE TOMATO CUCUMBER WRAP,FOO,EA,12,2,6.694,13.39
BGI3,31/01/25,188,SI011944,YC,VS,2CFS79,LO8715 - CHICKEN CHEESE BAGEL,LO8715,CHICKEN AND CHEESE BAGEL,FOO,EA,12,2,5.014,10.03
BGI3,31/01/25,188,SI011944,YC,VS,2CFS80,LO8716 - TURKEY SANDWICH,LO8716,TURKEY SANDWICH,FOO,EA,12,4,7.896,31.58
BGI3,31/01/25,188,SI011944,YC,VS,2CFS81, CHUTNE,LO8718,TILLAMOOK CHEESE CARR TROPICAL CHUTNEY,FOO,EA,12,6,6.788,40.73
BGI3,31/01/25,188,SI011944,YC,VS,2CFS82,LO8717 - PROTEIN POT W OLIVES,LO8717,PUMPKIN HUMMUS C CHEESE BLACK OLIVES PITTA BREAD T,FOO,EA,12,6,6.904,41.42
BGI3,31/01/25,188,SI011944,YC,VS,CPAX02,28728- C CREW SVC CHARGE,28728,OVERHEAD - CC OVERHEAD - PER PAX,SER,EA,12,12,25.48,305.76
BGI3,31/01/25,188A,SI011943,F,VS,FPAX06,F PAX CHG SHUTTLE,23234ISLAND,OVERHEAD - J INTERISLAND OVERHEAD - PER PAX,SER,EA,13,13,0.831,10.8
BGI3,31/01/25,188A,SI011943,F,VS,JSN04,LO7128 - ORIGINAL SHIRLEY,LO7128,ORIGINAL SHIRLEY BISCUIT,STO,EA,13,13,1.096,14.25
BGI3,31/01/25,188A,SI011943,J,VS,JPAX03,J PAX CHG SHUTTLE,23237ISLAND,OVERHEAD - W INTERISLAND OVERHEAD - PER PAX,SER,EA,14,14,0.831,11.63
BGI3,31/01/25,188A,SI011943,J,VS,JSN05,LO7135 - ORIGINAL SHIRLEY,LO7135,ORIGINAL SHIRLEY BISCUIT,STO,EA,14,14,1.096,15.34
BGI3,31/01/25,188A,SI011943,Y,VS,JSN06,LO7138 - ORIGINAL SHIRLEY,LO7138,ORIGINAL SHIRLEY BISCUIT,STO,EA,78,78,1.096,85.49
BGI3,31/01/25,188A,SI011943,Y,VS,YPAX04,Y PAX CHG SHUTTLE,23240ISLAND,OVERHEAD - Y INTERISLAND OVERHEAD - PER PAX,SER,EA,78,78,0.831,64.82
BGI3,31/01/25,188A,SI011943,YC,VS,FAN35,WATER 1.5LT,LO2664,INTERISLAND 1.5 LTR WATER,STO,EA,12,12,2.36,28.32
,,,,,,,,,,,,,,GRAND TOTAL,1014228.91
End Of, Airline Billing Reconciliation by Sales Item , Report , ,,,,,,,,,,,,986272
